site_id,date,risk_proba,risk_pred,label_fail_14d,failure_event
SITE0001,2026-04-01,1.0662894916630612e-05,0,0,0
SITE0001,2026-04-02,1.066705411664008e-05,0,0,0
SITE0001,2026-04-03,9.499069885785767e-06,0,0,0
SITE0001,2026-04-04,1.679115340365408e-05,0,0,0
SITE0001,2026-04-05,9.77618542629579e-06,0,0,0
SITE0001,2026-04-06,1.0605961873651598e-05,0,0,0
SITE0001,2026-04-07,9.249859368890322e-06,0,0,0
SITE0001,2026-04-08,1.1153028779394281e-05,0,0,0
SITE0001,2026-04-09,1.120444663713867e-05,0,0,0
SITE0001,2026-04-10,1.222311884089252e-05,0,0,0
SITE0001,2026-04-11,1.3285916680584547e-05,0,0,0
SITE0001,2026-04-12,9.786442202833554e-06,0,0,0
SITE0001,2026-04-13,1.043885786062703e-05,0,0,0
SITE0001,2026-04-14,1.2093230953527247e-05,0,0,0
SITE0001,2026-04-15,1.1862366405357685e-05,0,0,0
SITE0001,2026-04-16,1.2917219130314912e-05,0,0,0
SITE0001,2026-04-17,1.1979401935639038e-05,0,0,0
SITE0001,2026-04-18,1.0774856851976847e-05,0,0,0
SITE0001,2026-04-19,9.645492173030607e-06,0,0,0
SITE0001,2026-04-20,1.2487764127037994e-05,0,0,0
SITE0001,2026-04-21,1.9140145648466754e-05,0,0,0
SITE0001,2026-04-22,1.2983352391203927e-05,0,0,0
SITE0001,2026-04-23,9.989638065444997e-06,0,0,0
SITE0001,2026-04-24,9.489282252481573e-06,0,0,0
SITE0001,2026-04-25,1.0268303709103508e-05,0,0,0
SITE0001,2026-04-26,8.89281307534861e-06,0,0,0
SITE0001,2026-04-27,1.3240467903021631e-05,0,0,0
SITE0001,2026-04-28,9.890445455900948e-06,0,0,0
SITE0001,2026-04-29,1.2706832180233282e-05,0,0,0
SITE0001,2026-04-30,1.3952523228970772e-05,0,0,0
SITE0001,2026-05-01,1.0535866988040796e-05,0,0,0
SITE0001,2026-05-02,1.0743824882419198e-05,0,0,0
SITE0001,2026-05-03,1.0603552171590254e-05,0,0,0
SITE0001,2026-05-04,1.0432309521795772e-05,0,0,0
SITE0001,2026-05-05,9.509541032453291e-06,0,0,0
SITE0001,2026-05-06,1.3094560607783989e-05,0,0,0
SITE0001,2026-05-07,9.754823218495254e-06,0,0,0
SITE0001,2026-05-08,1.3071214768361441e-05,0,0,0
SITE0001,2026-05-09,1.667583587661105e-05,0,0,0
SITE0001,2026-05-10,9.578531460416552e-06,0,0,0
SITE0001,2026-05-11,1.3084223859685518e-05,0,0,0
SITE0001,2026-05-12,1.2559177777253621e-05,0,0,0
SITE0001,2026-05-13,1.0612788256754404e-05,0,0,0
SITE0001,2026-05-14,9.966578789370072e-06,0,0,0
SITE0001,2026-05-15,1.6122800585123148e-05,0,0,0
SITE0001,2026-05-16,1.295945023191075e-05,0,0,0
SITE0001,2026-05-17,1.2036363415695711e-05,0,0,0
SITE0001,2026-05-18,1.0250381873826743e-05,0,0,0
SITE0001,2026-05-19,1.0716296229545173e-05,0,0,0
SITE0001,2026-05-20,9.412430129009127e-06,0,0,0
SITE0001,2026-05-21,1.2676569972076732e-05,0,0,0
SITE0001,2026-05-22,1.1025822149360591e-05,0,0,0
SITE0001,2026-05-23,1.1246260393204947e-05,0,0,0
SITE0001,2026-05-24,1.0217649412342038e-05,0,0,0
SITE0001,2026-05-25,1.0872666101874188e-05,0,0,0
SITE0001,2026-05-26,1.1357486581527369e-05,0,0,0
SITE0001,2026-05-27,9.07316220263342e-06,0,0,0
SITE0001,2026-05-28,1.24449048396316e-05,0,0,0
SITE0001,2026-05-29,1.0315559682959495e-05,0,0,0
SITE0001,2026-05-30,1.0583896020183771e-05,0,0,0
SITE0001,2026-05-31,1.2000618307622637e-05,0,0,0
SITE0001,2026-06-01,9.307830911628828e-06,0,0,0
SITE0001,2026-06-02,9.58046047528384e-06,0,0,0
SITE0001,2026-06-03,9.063643892195025e-06,0,0,0
SITE0001,2026-06-04,1.2851242979077601e-05,0,0,0
SITE0001,2026-06-05,1.3026740905970755e-05,0,0,0
SITE0001,2026-06-06,1.1087555325193193e-05,0,0,0
SITE0001,2026-06-07,9.433968946458788e-06,0,0,0
SITE0001,2026-06-08,9.574793988650825e-06,0,0,0
SITE0001,2026-06-09,9.880819194698306e-06,0,0,0
SITE0001,2026-06-10,1.7470616592863383e-05,0,0,0
SITE0001,2026-06-11,9.281349721684886e-06,0,0,0
SITE0001,2026-06-12,9.10943207965501e-06,0,0,0
SITE0001,2026-06-13,8.952800488280779e-06,0,0,0
SITE0001,2026-06-14,1.0950610622194024e-05,0,0,0
SITE0001,2026-06-15,1.0177605235512582e-05,0,0,0
SITE0001,2026-06-16,1.2129268096181128e-05,0,0,0
SITE0001,2026-06-17,9.39579633109239e-06,0,0,0
SITE0001,2026-06-18,8.371892843365994e-06,0,0,0
SITE0001,2026-06-19,1.1591880643080897e-05,0,0,0
SITE0001,2026-06-20,9.404442802230245e-06,0,0,0
SITE0001,2026-06-21,9.324986722544957e-06,0,0,0
SITE0001,2026-06-22,1.1324401637690273e-05,0,0,0
SITE0001,2026-06-23,1.0122973793714035e-05,0,0,0
SITE0001,2026-06-24,1.019105925410084e-05,0,0,0
SITE0001,2026-06-25,9.877084310353623e-06,0,0,0
SITE0001,2026-06-26,1.0038645277613855e-05,0,0,0
SITE0001,2026-06-27,1.036895247113736e-05,0,0,0
SITE0001,2026-06-28,1.1687377997538657e-05,0,0,0
SITE0001,2026-06-29,9.992963193653087e-06,0,0,0
SITE0002,2026-04-01,7.054149904782127e-05,0,0,0
SITE0002,2026-04-02,6.362353410697798e-05,0,0,0
SITE0002,2026-04-03,6.89378094934591e-05,0,0,0
SITE0002,2026-04-04,1.0596615998608184e-05,0,0,0
SITE0002,2026-04-05,1.27972743134596e-05,0,0,0
SITE0002,2026-04-06,1.6264015849333733e-05,0,0,0
SITE0002,2026-04-07,6.82611918913752e-06,0,0,0
SITE0002,2026-04-08,7.0820748209221775e-06,0,0,0
SITE0002,2026-04-09,6.659836884391669e-06,0,0,0
SITE0002,2026-04-10,1.3587686572863805e-05,0,0,0
SITE0002,2026-04-11,1.02769743799248e-05,0,0,0
SITE0002,2026-04-12,1.3404546782232263e-05,0,0,0
SITE0002,2026-04-13,8.298968950238967e-06,0,0,0
SITE0002,2026-04-14,8.544611815047204e-06,0,0,0
SITE0002,2026-04-15,9.639830966789499e-06,0,0,0
SITE0002,2026-04-16,7.2850275190936845e-06,0,0,0
SITE0002,2026-04-17,8.706918593633214e-06,0,0,0
SITE0002,2026-04-18,9.486819894354832e-06,0,0,0
SITE0002,2026-04-19,9.272456504363505e-06,0,0,0
SITE0002,2026-04-20,9.035438015731982e-06,0,0,0
SITE0002,2026-04-21,9.645030795174108e-06,0,0,0
SITE0002,2026-04-22,1.6942405119624457e-05,0,0,0
SITE0002,2026-04-23,8.065087226215839e-06,0,0,0
SITE0002,2026-04-24,1.0001640166976732e-05,0,0,0
SITE0002,2026-04-25,8.299642710969313e-06,0,0,0
SITE0002,2026-04-26,8.631673963399938e-06,0,0,0
SITE0002,2026-04-27,6.727017297198953e-06,0,0,0
SITE0002,2026-04-28,6.839967442682887e-06,0,0,0
SITE0002,2026-04-29,7.610574369393178e-06,0,0,0
SITE0002,2026-04-30,7.829903352961566e-06,0,0,0
SITE0002,2026-05-01,9.617017915976367e-06,0,0,0
SITE0002,2026-05-02,7.133259538988072e-06,0,0,0
SITE0002,2026-05-03,1.1598940990810349e-05,0,0,0
SITE0002,2026-05-04,7.2783842611615335e-06,0,0,0
SITE0002,2026-05-05,6.533875066318722e-06,0,0,0
SITE0002,2026-05-06,7.748556069094395e-06,0,0,0
SITE0002,2026-05-07,7.695823199283369e-06,0,0,0
SITE0002,2026-05-08,1.1200658385622911e-05,0,0,0
SITE0002,2026-05-09,8.792030693081555e-06,0,0,0
SITE0002,2026-05-10,8.213703280062068e-06,0,0,0
SITE0002,2026-05-11,6.466172702005931e-06,0,0,0
SITE0002,2026-05-12,1.3501118782452793e-05,0,0,0
SITE0002,2026-05-13,1.2684172237896323e-05,0,0,0
SITE0002,2026-05-14,7.78916808165533e-06,0,0,0
SITE0002,2026-05-15,7.935498920493179e-06,0,0,0
SITE0002,2026-05-16,1.0038177775128615e-05,0,0,0
SITE0002,2026-05-17,1.190484573537496e-05,0,0,0
SITE0002,2026-05-18,1.2234274982610513e-05,0,0,0
SITE0002,2026-05-19,7.822214921914237e-06,0,0,0
SITE0002,2026-05-20,6.531488372869774e-06,0,0,0
SITE0002,2026-05-21,5.9857118949859865e-06,0,0,0
SITE0002,2026-05-22,5.963674301949904e-06,0,0,0
SITE0002,2026-05-23,6.167081685923786e-06,0,0,0
SITE0002,2026-05-24,8.288606373277091e-06,0,0,0
SITE0002,2026-05-25,7.787109826789952e-06,0,0,0
SITE0002,2026-05-26,6.854032262259458e-06,0,0,0
SITE0002,2026-05-27,6.697307796770387e-06,0,0,0
SITE0002,2026-05-28,6.177562320606561e-06,0,0,0
SITE0002,2026-05-29,1.2708839752668945e-05,0,0,0
SITE0002,2026-05-30,9.172387193756815e-06,0,0,0
SITE0002,2026-05-31,8.574545918529354e-06,0,0,0
SITE0002,2026-06-01,1.3539614872139099e-05,0,0,0
SITE0002,2026-06-02,9.633139970533506e-06,0,0,0
SITE0002,2026-06-03,8.474658712466746e-06,0,0,0
SITE0002,2026-06-04,7.517805861594053e-06,0,0,0
SITE0002,2026-06-05,8.873159902091101e-06,0,0,0
SITE0002,2026-06-06,8.159308374901634e-06,0,0,0
SITE0002,2026-06-07,1.2922739217563237e-05,0,0,0
SITE0002,2026-06-08,1.1281393145129954e-05,0,0,0
SITE0002,2026-06-09,7.676337132177847e-06,0,0,0
SITE0002,2026-06-10,1.011260107976137e-05,0,0,0
SITE0002,2026-06-11,1.021257223874738e-05,0,0,0
SITE0002,2026-06-12,9.94479243760725e-06,0,0,0
SITE0002,2026-06-13,1.1375164060020232e-05,0,0,0
SITE0002,2026-06-14,9.866407365214754e-06,0,0,0
SITE0002,2026-06-15,1.2355881804440528e-05,0,0,0
SITE0002,2026-06-16,1.2149347250307124e-05,0,0,0
SITE0002,2026-06-17,1.0629511219246945e-05,0,0,0
SITE0002,2026-06-18,9.525970390987016e-06,0,0,0
SITE0002,2026-06-19,8.619178873379104e-06,0,0,0
SITE0002,2026-06-20,8.40198767173909e-06,0,0,0
SITE0002,2026-06-21,9.196240724065425e-06,0,0,0
SITE0002,2026-06-22,8.17122752741612e-06,0,0,0
SITE0002,2026-06-23,9.032654547764049e-06,0,0,0
SITE0002,2026-06-24,9.486955375236181e-06,0,0,0
SITE0002,2026-06-25,9.645526603409603e-06,0,0,0
SITE0002,2026-06-26,9.05425011830177e-06,0,0,0
SITE0002,2026-06-27,1.0813898005229149e-05,0,0,0
SITE0002,2026-06-28,1.0600165422339132e-05,0,0,0
SITE0002,2026-06-29,8.768365765171277e-06,0,0,0
SITE0003,2026-04-01,1.4191515887629167e-05,0,0,0
SITE0003,2026-04-02,1.712947118778224e-05,0,0,0
SITE0003,2026-04-03,1.2433770652339916e-05,0,0,0
SITE0003,2026-04-04,8.565881464185412e-06,0,0,0
SITE0003,2026-04-05,9.45478513412053e-06,0,0,0
SITE0003,2026-04-06,7.732909951130723e-06,0,0,0
SITE0003,2026-04-07,7.529113928181454e-06,0,0,0
SITE0003,2026-04-08,1.4173038973123993e-05,0,0,0
SITE0003,2026-04-09,9.096787365709379e-06,0,0,0
SITE0003,2026-04-10,8.758087382193481e-06,0,0,0
SITE0003,2026-04-11,9.06775830770106e-06,0,0,0
SITE0003,2026-04-12,2.474000696716568e-05,0,0,0
SITE0003,2026-04-13,1.2201146552420333e-05,0,0,0
SITE0003,2026-04-14,5.671975515280582e-06,0,0,0
SITE0003,2026-04-15,7.225026443203037e-06,0,0,0
SITE0003,2026-04-16,9.525214118632726e-06,0,0,0
SITE0003,2026-04-17,7.004138484739155e-06,0,0,0
SITE0003,2026-04-18,6.656137816588505e-06,0,0,0
SITE0003,2026-04-19,7.312015322298317e-06,0,0,0
SITE0003,2026-04-20,7.535079423768233e-06,0,0,0
SITE0003,2026-04-21,9.723480639634546e-06,0,0,0
SITE0003,2026-04-22,6.107839607273423e-06,0,0,0
SITE0003,2026-04-23,6.102075317573749e-06,0,0,0
SITE0003,2026-04-24,6.3079169292501145e-06,0,0,0
SITE0003,2026-04-25,8.588791534094164e-06,0,0,0
SITE0003,2026-04-26,8.382981218085738e-06,0,0,0
SITE0003,2026-04-27,2.2947163377667215e-05,0,0,0
SITE0003,2026-04-28,5.9628818009613775e-06,0,0,0
SITE0003,2026-04-29,8.53940485280818e-06,0,0,0
SITE0003,2026-04-30,9.146882669791006e-06,0,0,0
SITE0003,2026-05-01,7.1935213484626856e-06,0,0,0
SITE0003,2026-05-02,6.606915278502056e-06,0,0,0
SITE0003,2026-05-03,9.203314269561768e-06,0,0,0
SITE0003,2026-05-04,9.549185500816591e-06,0,0,0
SITE0003,2026-05-05,6.568504892915762e-06,0,0,0
SITE0003,2026-05-06,5.914317723800757e-06,0,0,0
SITE0003,2026-05-07,8.241656688152212e-06,0,0,0
SITE0003,2026-05-08,6.876454361036659e-06,0,0,0
SITE0003,2026-05-09,6.6204606717546425e-06,0,0,0
SITE0003,2026-05-10,7.75783279728228e-06,0,0,0
SITE0003,2026-05-11,7.924181254337808e-06,0,0,0
SITE0003,2026-05-12,9.8518443884324e-06,0,0,0
SITE0003,2026-05-13,9.320126560292034e-06,0,0,0
SITE0003,2026-05-14,6.5108076386820914e-06,0,0,0
SITE0003,2026-05-15,7.457367608519049e-06,0,0,0
SITE0003,2026-05-16,9.596161999531612e-06,0,0,0
SITE0003,2026-05-17,6.7658240615628e-06,0,0,0
SITE0003,2026-05-18,6.6867132240847325e-06,0,0,0
SITE0003,2026-05-19,7.83989287276142e-06,0,0,0
SITE0003,2026-05-20,7.845550142322645e-06,0,0,0
SITE0003,2026-05-21,1.1855379313184485e-05,0,0,0
SITE0003,2026-05-22,8.338569216723429e-06,0,0,0
SITE0003,2026-05-23,1.7948607984122426e-05,0,0,0
SITE0003,2026-05-24,7.973850350153332e-06,0,0,0
SITE0003,2026-05-25,6.871452837937789e-06,0,0,0
SITE0003,2026-05-26,7.918440903418118e-06,0,0,0
SITE0003,2026-05-27,9.959385965294226e-06,0,0,0
SITE0003,2026-05-28,9.063819749368849e-06,0,0,0
SITE0003,2026-05-29,9.167745440270586e-06,0,0,0
SITE0003,2026-05-30,9.327973634307569e-06,0,0,0
SITE0003,2026-05-31,1.7788450163202335e-05,0,0,0
SITE0003,2026-06-01,6.723343612494564e-06,0,0,0
SITE0003,2026-06-02,8.011267839973868e-06,0,0,0
SITE0003,2026-06-03,7.463241055474322e-06,0,0,0
SITE0003,2026-06-04,1.4832495196584364e-05,0,0,0
SITE0003,2026-06-05,1.1430509066815827e-05,0,0,0
SITE0003,2026-06-06,8.089288568707534e-06,0,0,0
SITE0003,2026-06-07,6.7784118671997856e-06,0,0,0
SITE0003,2026-06-08,6.777601753687819e-06,0,0,0
SITE0003,2026-06-09,7.995140656498383e-06,0,0,0
SITE0003,2026-06-10,6.436387946146465e-06,0,0,0
SITE0003,2026-06-11,6.518490731812232e-06,0,0,0
SITE0003,2026-06-12,6.486407637692085e-06,0,0,0
SITE0003,2026-06-13,7.573777451102484e-06,0,0,0
SITE0003,2026-06-14,9.623161834613231e-06,0,0,0
SITE0003,2026-06-15,9.333674702256577e-06,0,0,0
SITE0003,2026-06-16,7.862846619039397e-06,0,0,0
SITE0003,2026-06-17,8.167184639919715e-06,0,0,0
SITE0003,2026-06-18,7.555960684497994e-06,0,0,0
SITE0003,2026-06-19,8.441439219606107e-06,0,0,0
SITE0003,2026-06-20,6.559476480930693e-06,0,0,0
SITE0003,2026-06-21,6.791099154724109e-06,0,0,0
SITE0003,2026-06-22,7.528869856185032e-06,0,0,0
SITE0003,2026-06-23,8.293017102744383e-06,0,0,0
SITE0003,2026-06-24,9.119764404899521e-06,0,0,0
SITE0003,2026-06-25,1.1069760194214503e-05,0,0,0
SITE0003,2026-06-26,7.73482404486732e-06,0,0,0
SITE0003,2026-06-27,6.594599034943777e-06,0,0,0
SITE0003,2026-06-28,7.868962677395223e-06,0,0,0
SITE0003,2026-06-29,9.517613969690581e-06,0,0,0
SITE0004,2026-04-01,1.2058494208774745e-05,0,0,0
SITE0004,2026-04-02,1.0276800926970853e-05,0,0,0
SITE0004,2026-04-03,1.3135903465749517e-05,0,0,0
SITE0004,2026-04-04,9.126890879481943e-06,0,0,0
SITE0004,2026-04-05,8.892178112310801e-06,0,0,0
SITE0004,2026-04-06,7.396201410907715e-06,0,0,0
SITE0004,2026-04-07,7.717001445918759e-06,0,0,0
SITE0004,2026-04-08,8.221242599610261e-06,0,0,0
SITE0004,2026-04-09,7.0753797496043565e-06,0,0,0
SITE0004,2026-04-10,8.639731807402484e-06,0,0,0
SITE0004,2026-04-11,8.956881994024474e-06,0,0,0
SITE0004,2026-04-12,1.1720890477035657e-05,0,0,0
SITE0004,2026-04-13,7.346098128451683e-06,0,0,0
SITE0004,2026-04-14,7.4701532820088115e-06,0,0,0
SITE0004,2026-04-15,8.409558366109339e-06,0,0,0
SITE0004,2026-04-16,9.792309772872762e-06,0,0,0
SITE0004,2026-04-17,8.567751977531185e-06,0,0,0
SITE0004,2026-04-18,8.957457684797997e-06,0,0,0
SITE0004,2026-04-19,7.216349830683191e-06,0,0,0
SITE0004,2026-04-20,6.736519334408562e-06,0,0,0
SITE0004,2026-04-21,5.592049049132664e-06,0,0,0
SITE0004,2026-04-22,8.2347940403098e-06,0,0,0
SITE0004,2026-04-23,7.1392900986890315e-06,0,0,0
SITE0004,2026-04-24,7.639448783573328e-06,0,0,0
SITE0004,2026-04-25,8.792561102043643e-06,0,0,0
SITE0004,2026-04-26,9.897373983964021e-06,0,0,0
SITE0004,2026-04-27,8.576792983253166e-06,0,0,0
SITE0004,2026-04-28,8.828590175242638e-06,0,0,0
SITE0004,2026-04-29,7.3921372033042994e-06,0,0,0
SITE0004,2026-04-30,8.401799544372714e-06,0,0,0
SITE0004,2026-05-01,7.97003752606217e-06,0,0,0
SITE0004,2026-05-02,7.884494929968665e-06,0,0,0
SITE0004,2026-05-03,8.788623635846018e-06,0,0,0
SITE0004,2026-05-04,1.0652532205723213e-05,0,0,0
SITE0004,2026-05-05,9.72692181461191e-06,0,0,0
SITE0004,2026-05-06,9.160597974570966e-06,0,0,0
SITE0004,2026-05-07,9.611349034071005e-06,0,0,0
SITE0004,2026-05-08,1.2282038892679638e-05,0,0,0
SITE0004,2026-05-09,9.655060934629451e-06,0,0,0
SITE0004,2026-05-10,8.82894072393188e-06,0,0,0
SITE0004,2026-05-11,9.90381933441184e-06,0,0,0
SITE0004,2026-05-12,9.59320757895875e-06,0,0,0
SITE0004,2026-05-13,8.834994568073245e-06,0,0,0
SITE0004,2026-05-14,7.424190827662237e-06,0,0,0
SITE0004,2026-05-15,9.617667779977458e-06,0,0,0
SITE0004,2026-05-16,9.18072122693534e-06,0,0,0
SITE0004,2026-05-17,9.188942623282294e-06,0,0,0
SITE0004,2026-05-18,1.2557746671104317e-05,0,0,0
SITE0004,2026-05-19,1.2311677960031318e-05,0,0,0
SITE0004,2026-05-20,7.870793681947947e-06,0,0,0
SITE0004,2026-05-21,5.897450443921392e-06,0,0,0
SITE0004,2026-05-22,6.623623212543167e-06,0,0,0
SITE0004,2026-05-23,7.376413930599173e-06,0,0,0
SITE0004,2026-05-24,9.39517445939619e-06,0,0,0
SITE0004,2026-05-25,9.58302463030644e-06,0,0,0
SITE0004,2026-05-26,9.047117059930905e-06,0,0,0
SITE0004,2026-05-27,9.438863098042675e-06,0,0,0
SITE0004,2026-05-28,7.081122166233101e-06,0,0,0
SITE0004,2026-05-29,7.4381813223261e-06,0,0,0
SITE0004,2026-05-30,7.73549484684181e-06,0,0,0
SITE0004,2026-05-31,7.829782180526927e-06,0,0,0
SITE0004,2026-06-01,9.413437385641827e-06,0,0,0
SITE0004,2026-06-02,8.427880902718922e-06,0,0,0
SITE0004,2026-06-03,7.427780037755076e-06,0,0,0
SITE0004,2026-06-04,7.48365355777414e-06,0,0,0
SITE0004,2026-06-05,9.538411367795626e-06,0,0,0
SITE0004,2026-06-06,7.857258988115592e-06,0,0,0
SITE0004,2026-06-07,9.0072422980351e-06,0,0,0
SITE0004,2026-06-08,8.019961220369573e-06,0,0,0
SITE0004,2026-06-09,7.328818616555663e-06,0,0,0
SITE0004,2026-06-10,7.778417425015603e-06,0,0,0
SITE0004,2026-06-11,8.807973846900768e-06,0,0,0
SITE0004,2026-06-12,1.0458043610828745e-05,0,0,0
SITE0004,2026-06-13,7.718850094502768e-06,0,0,0
SITE0004,2026-06-14,8.300942854986267e-06,0,0,0
SITE0004,2026-06-15,8.02947048168304e-06,0,0,0
SITE0004,2026-06-16,8.366760758515295e-06,0,0,0
SITE0004,2026-06-17,7.94458462192637e-06,0,0,0
SITE0004,2026-06-18,8.258647268319029e-06,0,0,0
SITE0004,2026-06-19,9.245092953190774e-06,0,0,0
SITE0004,2026-06-20,8.796594879404141e-06,0,0,0
SITE0004,2026-06-21,7.978714947527849e-06,0,0,0
SITE0004,2026-06-22,8.923999591679346e-06,0,0,0
SITE0004,2026-06-23,8.226127912306343e-06,0,0,0
SITE0004,2026-06-24,7.249807856437621e-06,0,0,0
SITE0004,2026-06-25,8.232085018611348e-06,0,0,0
SITE0004,2026-06-26,9.57269752372474e-06,0,0,0
SITE0004,2026-06-27,7.6055818896189536e-06,0,0,0
SITE0004,2026-06-28,9.240319465309591e-06,0,0,0
SITE0004,2026-06-29,7.685518187616397e-06,0,0,0
SITE0005,2026-04-01,5.028368645164374e-05,0,0,0
SITE0005,2026-04-02,1.3192950978526137e-05,0,0,0
SITE0005,2026-04-03,1.1956886605524305e-05,0,0,0
SITE0005,2026-04-04,1.4779158642800567e-05,0,0,0
SITE0005,2026-04-05,1.216845138201342e-05,0,0,0
SITE0005,2026-04-06,1.2004341109439974e-05,0,0,0
SITE0005,2026-04-07,1.2242860561561389e-05,0,0,0
SITE0005,2026-04-08,1.2440162500413293e-05,0,0,0
SITE0005,2026-04-09,1.2568529314419292e-05,0,0,0
SITE0005,2026-04-10,1.24970679336371e-05,0,0,0
SITE0005,2026-04-11,1.2498259626571149e-05,0,0,0
SITE0005,2026-04-12,1.2449492020931292e-05,0,0,0
SITE0005,2026-04-13,1.2198074709926783e-05,0,0,0
SITE0005,2026-04-14,1.2264100986346757e-05,0,0,0
SITE0005,2026-04-15,1.3033691240288105e-05,0,0,0
SITE0005,2026-04-16,1.3039618016869622e-05,0,0,0
SITE0005,2026-04-17,1.289770009635316e-05,0,0,0
SITE0005,2026-04-18,1.3549862734698777e-05,0,0,0
SITE0005,2026-04-19,1.2210798835267695e-05,0,0,0
SITE0005,2026-04-20,1.2832812202572452e-05,0,0,0
SITE0005,2026-04-21,1.2501169619626207e-05,0,0,0
SITE0005,2026-04-22,1.2331894454874033e-05,0,0,0
SITE0005,2026-04-23,1.250525598964322e-05,0,0,0
SITE0005,2026-04-24,1.2907871957313814e-05,0,0,0
SITE0005,2026-04-25,1.2450800321767267e-05,0,0,0
SITE0005,2026-04-26,1.2122416407965023e-05,0,0,0
SITE0005,2026-04-27,2.1792442421679828e-05,0,0,0
SITE0005,2026-04-28,2.61169672090067e-05,0,0,0
SITE0005,2026-04-29,1.3556277872856798e-05,0,0,0
SITE0005,2026-04-30,1.313995099268395e-05,0,0,0
SITE0005,2026-05-01,1.250258780839414e-05,0,0,0
SITE0005,2026-05-02,1.2367464701325618e-05,0,0,0
SITE0005,2026-05-03,1.2825512018065172e-05,0,0,0
SITE0005,2026-05-04,1.2203185015830413e-05,0,0,0
SITE0005,2026-05-05,1.35495284982767e-05,0,0,0
SITE0005,2026-05-06,1.307047431122023e-05,0,0,0
SITE0005,2026-05-07,1.2436357659562498e-05,0,0,0
SITE0005,2026-05-08,1.283054025339188e-05,0,0,0
SITE0005,2026-05-09,1.4101481857002388e-05,0,0,0
SITE0005,2026-05-10,1.2570520589810138e-05,0,0,0
SITE0005,2026-05-11,1.807833853568638e-05,0,0,0
SITE0005,2026-05-12,1.2830540165135625e-05,0,0,0
SITE0005,2026-05-13,1.418781051606525e-05,0,0,0
SITE0005,2026-05-14,1.347379070136491e-05,0,0,0
SITE0005,2026-05-15,1.3102190023264201e-05,0,0,0
SITE0005,2026-05-16,1.3549531233194069e-05,0,0,0
SITE0005,2026-05-17,1.2996301353987636e-05,0,0,0
SITE0005,2026-05-18,1.2341210537419481e-05,0,0,0
SITE0005,2026-05-19,1.2974433307467482e-05,0,0,0
SITE0005,2026-05-20,1.3428503777736052e-05,0,0,0
SITE0005,2026-05-21,1.1871928555882862e-05,0,0,0
SITE0005,2026-05-22,1.227528585263571e-05,0,0,0
SITE0005,2026-05-23,1.2574002036424715e-05,0,0,0
SITE0005,2026-05-24,1.2319136615137006e-05,0,0,0
SITE0005,2026-05-25,1.1765562657545396e-05,0,0,0
SITE0005,2026-05-26,1.236271262970601e-05,0,0,0
SITE0005,2026-05-27,1.2618273551315861e-05,0,0,0
SITE0005,2026-05-28,1.2060641206815666e-05,0,0,0
SITE0005,2026-05-29,1.2324524730402427e-05,0,0,0
SITE0005,2026-05-30,1.2534903017104644e-05,0,0,0
SITE0005,2026-05-31,1.2148201773235726e-05,0,0,0
SITE0005,2026-06-01,1.7191981004038374e-05,0,0,0
SITE0005,2026-06-02,1.2894309121424715e-05,0,0,0
SITE0005,2026-06-03,1.2605643466484884e-05,0,0,0
SITE0005,2026-06-04,1.2911409058073002e-05,0,0,0
SITE0005,2026-06-05,1.2507152993690624e-05,0,0,0
SITE0005,2026-06-06,1.4699456033836027e-05,0,0,0
SITE0005,2026-06-07,1.2369909957968046e-05,0,0,0
SITE0005,2026-06-08,1.2499356374409466e-05,0,0,0
SITE0005,2026-06-09,1.2823817313337595e-05,0,0,0
SITE0005,2026-06-10,1.2439555500885307e-05,0,0,0
SITE0005,2026-06-11,1.2444383058336192e-05,0,0,0
SITE0005,2026-06-12,1.2439555607076396e-05,0,0,0
SITE0005,2026-06-13,1.2640276192321981e-05,0,0,0
SITE0005,2026-06-14,1.2505722827017314e-05,0,0,0
SITE0005,2026-06-15,1.234516597026748e-05,0,0,0
SITE0005,2026-06-16,1.2788478262299562e-05,0,0,0
SITE0005,2026-06-17,1.2130453896173525e-05,0,0,0
SITE0005,2026-06-18,1.1485284904430259e-05,0,0,0
SITE0005,2026-06-19,1.25384813914747e-05,0,0,0
SITE0005,2026-06-20,1.2444382701032461e-05,0,0,0
SITE0005,2026-06-21,1.2903368602094128e-05,0,0,0
SITE0005,2026-06-22,1.2447549167805336e-05,0,0,0
SITE0005,2026-06-23,1.2502231403196814e-05,0,0,0
SITE0005,2026-06-24,1.2370598967278674e-05,0,0,0
SITE0005,2026-06-25,1.269255847827278e-05,0,0,0
SITE0005,2026-06-26,1.307286513349034e-05,0,0,0
SITE0005,2026-06-27,1.305813450279764e-05,0,0,0
SITE0005,2026-06-28,1.2504093178839008e-05,0,0,0
SITE0005,2026-06-29,1.290935638549241e-05,0,0,0
SITE0006,2026-04-01,2.1386582974348596e-05,0,0,0
SITE0006,2026-04-02,1.0700510232161064e-05,0,0,0
SITE0006,2026-04-03,1.0570692375717081e-05,0,0,0
SITE0006,2026-04-04,1.0500058058848208e-05,0,0,0
SITE0006,2026-04-05,1.2152705873483047e-05,0,0,0
SITE0006,2026-04-06,1.3243670604395975e-05,0,0,0
SITE0006,2026-04-07,1.0953387596369471e-05,0,0,0
SITE0006,2026-04-08,1.4600609844066528e-05,0,0,0
SITE0006,2026-04-09,1.815213474432256e-05,0,0,0
SITE0006,2026-04-10,1.4747265767515305e-05,0,0,0
SITE0006,2026-04-11,2.125828097677489e-05,0,0,0
SITE0006,2026-04-12,1.6329405476695716e-05,0,0,0
SITE0006,2026-04-13,3.1666769204520416e-05,0,0,0
SITE0006,2026-04-14,1.699490248022031e-05,0,0,0
SITE0006,2026-04-15,2.0670309288543077e-05,0,0,0
SITE0006,2026-04-16,1.3050646283317516e-05,0,0,0
SITE0006,2026-04-17,1.6051906265896396e-05,0,0,0
SITE0006,2026-04-18,1.3614005279268842e-05,0,0,0
SITE0006,2026-04-19,1.6473761601087066e-05,0,0,0
SITE0006,2026-04-20,1.0219188583352711e-05,0,0,0
SITE0006,2026-04-21,1.361706666292588e-05,0,0,0
SITE0006,2026-04-22,1.178116350471056e-05,0,0,0
SITE0006,2026-04-23,1.0587466591292293e-05,0,0,0
SITE0006,2026-04-24,1.2025256578084556e-05,0,0,0
SITE0006,2026-04-25,1.0523666795095505e-05,0,0,0
SITE0006,2026-04-26,1.5280089750398058e-05,0,0,0
SITE0006,2026-04-27,1.3272759222071157e-05,0,0,0
SITE0006,2026-04-28,1.0777168823691895e-05,0,0,0
SITE0006,2026-04-29,1.0372187623332598e-05,0,0,0
SITE0006,2026-04-30,1.3242981180267286e-05,0,0,0
SITE0006,2026-05-01,1.2653681601345398e-05,0,0,0
SITE0006,2026-05-02,1.2496091705988229e-05,0,0,0
SITE0006,2026-05-03,1.6480061713050114e-05,0,0,0
SITE0006,2026-05-04,2.6271440111455414e-05,0,0,0
SITE0006,2026-05-05,1.747491106553188e-05,0,0,0
SITE0006,2026-05-06,1.7076058638803083e-05,0,0,0
SITE0006,2026-05-07,2.7285338943275695e-05,0,0,0
SITE0006,2026-05-08,1.8933616634227457e-05,0,0,0
SITE0006,2026-05-09,1.535025263019499e-05,0,0,0
SITE0006,2026-05-10,1.2445327780838278e-05,0,0,0
SITE0006,2026-05-11,2.7589374473490512e-05,0,0,0
SITE0006,2026-05-12,3.968661028854657e-05,0,0,0
SITE0006,2026-05-13,3.249809687747264e-05,0,0,0
SITE0006,2026-05-14,2.3093026745684058e-05,0,0,0
SITE0006,2026-05-15,1.59968424612029e-05,0,0,0
SITE0006,2026-05-16,1.803456684819938e-05,0,0,0
SITE0006,2026-05-17,3.90403891027722e-05,0,0,0
SITE0006,2026-05-18,1.8699190219313105e-05,0,0,0
SITE0006,2026-05-19,1.5131473369904315e-05,0,0,0
SITE0006,2026-05-20,1.5816043293314492e-05,0,0,0
SITE0006,2026-05-21,2.7774910414792158e-05,0,0,0
SITE0006,2026-05-22,4.228051523155898e-05,0,0,0
SITE0006,2026-05-23,4.124516221132741e-05,0,0,0
SITE0006,2026-05-24,2.3268510260745015e-05,0,0,0
SITE0006,2026-05-25,1.894926307610247e-05,0,0,0
SITE0006,2026-05-26,2.2562207592853127e-05,0,0,0
SITE0006,2026-05-27,1.470566841149637e-05,0,0,0
SITE0006,2026-05-28,1.2816207147011784e-05,0,0,0
SITE0006,2026-05-29,1.1900802402182082e-05,0,0,0
SITE0006,2026-05-30,1.1482530414183437e-05,0,0,0
SITE0006,2026-05-31,1.0982124566281156e-05,0,0,0
SITE0006,2026-06-01,1.382879596833403e-05,0,0,0
SITE0006,2026-06-02,2.0441225341864607e-05,0,0,0
SITE0006,2026-06-03,1.3282632891198365e-05,0,0,0
SITE0006,2026-06-04,1.520255562812467e-05,0,0,0
SITE0006,2026-06-05,1.1225996329487276e-05,0,0,0
SITE0006,2026-06-06,1.1290269253073148e-05,0,0,0
SITE0006,2026-06-07,1.1718639433533223e-05,0,0,0
SITE0006,2026-06-08,1.8135926104870266e-05,0,0,0
SITE0006,2026-06-09,1.3019558695614298e-05,0,0,0
SITE0006,2026-06-10,1.6129495467510293e-05,0,0,0
SITE0006,2026-06-11,1.3091072250680355e-05,0,0,0
SITE0006,2026-06-12,3.5723759386419215e-05,0,0,0
SITE0006,2026-06-13,1.5311198028479905e-05,0,0,0
SITE0006,2026-06-14,2.2806617056602942e-05,0,0,0
SITE0006,2026-06-15,1.6359482577192857e-05,0,0,0
SITE0006,2026-06-16,1.9431499494439466e-05,0,0,0
SITE0006,2026-06-17,1.6171015091789748e-05,0,0,0
SITE0006,2026-06-18,1.7527664125787496e-05,0,0,0
SITE0006,2026-06-19,1.7988269306194344e-05,0,0,0
SITE0006,2026-06-20,1.6125070382538372e-05,0,0,0
SITE0006,2026-06-21,1.6871897140817596e-05,0,0,0
SITE0006,2026-06-22,2.7530322065382734e-05,0,0,0
SITE0006,2026-06-23,2.1361413707723486e-05,0,0,0
SITE0006,2026-06-24,1.5102743305237089e-05,0,0,0
SITE0006,2026-06-25,1.373992773359374e-05,0,0,0
SITE0006,2026-06-26,1.216216301560747e-05,0,0,0
SITE0006,2026-06-27,1.782187324132691e-05,0,0,0
SITE0006,2026-06-28,1.4049618507088875e-05,0,0,0
SITE0006,2026-06-29,1.9306142720175675e-05,0,0,0
SITE0007,2026-04-01,5.373909168483961e-05,0,0,0
SITE0007,2026-04-02,3.587267578662609e-05,0,0,0
SITE0007,2026-04-03,7.810442548945523e-06,0,0,0
SITE0007,2026-04-04,1.1141399914349209e-05,0,0,0
SITE0007,2026-04-05,1.1534028942404715e-05,0,0,0
SITE0007,2026-04-06,1.335049572340933e-05,0,0,0
SITE0007,2026-04-07,8.37300364480278e-06,0,0,0
SITE0007,2026-04-08,1.2223974414657521e-05,0,0,0
SITE0007,2026-04-09,1.143089630071942e-05,0,0,0
SITE0007,2026-04-10,9.785770575201125e-06,0,0,0
SITE0007,2026-04-11,1.1617920846594088e-05,0,0,0
SITE0007,2026-04-12,1.0269409432887052e-05,0,0,0
SITE0007,2026-04-13,8.690680109627519e-06,0,0,0
SITE0007,2026-04-14,1.218628355908751e-05,0,0,0
SITE0007,2026-04-15,1.1023156024547268e-05,0,0,0
SITE0007,2026-04-16,8.35580516102961e-06,0,0,0
SITE0007,2026-04-17,9.295672571164755e-06,0,0,0
SITE0007,2026-04-18,8.637130559510677e-06,0,0,0
SITE0007,2026-04-19,8.673810562284718e-06,0,0,0
SITE0007,2026-04-20,1.2228655260159836e-05,0,0,0
SITE0007,2026-04-21,1.0603961418197178e-05,0,0,0
SITE0007,2026-04-22,9.906685429618647e-06,0,0,0
SITE0007,2026-04-23,1.058874163867437e-05,0,0,0
SITE0007,2026-04-24,1.6201666071473123e-05,0,0,0
SITE0007,2026-04-25,1.4100474319437755e-05,0,0,0
SITE0007,2026-04-26,8.172981539576848e-06,0,0,0
SITE0007,2026-04-27,7.951965457022009e-06,0,0,0
SITE0007,2026-04-28,1.3975140205249643e-05,0,0,0
SITE0007,2026-04-29,1.0998924055323442e-05,0,0,0
SITE0007,2026-04-30,9.202445696434374e-06,0,0,0
SITE0007,2026-05-01,8.316707137062928e-06,0,0,0
SITE0007,2026-05-02,9.538650988108679e-06,0,0,0
SITE0007,2026-05-03,9.048635163795751e-06,0,0,0
SITE0007,2026-05-04,7.4432546576910405e-06,0,0,0
SITE0007,2026-05-05,1.4161267546199702e-05,0,0,0
SITE0007,2026-05-06,1.0986596294249723e-05,0,0,0
SITE0007,2026-05-07,1.4210164270292892e-05,0,0,0
SITE0007,2026-05-08,8.638055827603141e-06,0,0,0
SITE0007,2026-05-09,1.061583401400272e-05,0,0,0
SITE0007,2026-05-10,9.474945765768089e-06,0,0,0
SITE0007,2026-05-11,1.4640190061032448e-05,0,0,0
SITE0007,2026-05-12,1.529281041995659e-05,0,0,0
SITE0007,2026-05-13,1.3801615651584382e-05,0,0,0
SITE0007,2026-05-14,1.3087740999838441e-05,0,0,0
SITE0007,2026-05-15,9.259350780762234e-06,0,0,0
SITE0007,2026-05-16,1.1902788826631186e-05,0,0,0
SITE0007,2026-05-17,1.3877867128282263e-05,0,0,0
SITE0007,2026-05-18,1.1126191776896926e-05,0,0,0
SITE0007,2026-05-19,1.1226223458155028e-05,0,0,0
SITE0007,2026-05-20,1.575050711879428e-05,0,0,0
SITE0007,2026-05-21,8.733377374658728e-06,0,0,0
SITE0007,2026-05-22,1.2739603466364158e-05,0,0,0
SITE0007,2026-05-23,1.0951977494358948e-05,0,0,0
SITE0007,2026-05-24,1.0713089094892146e-05,0,0,0
SITE0007,2026-05-25,1.0011864543251563e-05,0,0,0
SITE0007,2026-05-26,1.0373517868095206e-05,0,0,0
SITE0007,2026-05-27,1.5492595769502295e-05,0,0,0
SITE0007,2026-05-28,1.3756262904448456e-05,0,0,0
SITE0007,2026-05-29,2.0134096283690192e-05,0,0,0
SITE0007,2026-05-30,1.0973942011378893e-05,0,0,0
SITE0007,2026-05-31,1.002564059207632e-05,0,0,0
SITE0007,2026-06-01,9.781239699047373e-06,0,0,0
SITE0007,2026-06-02,1.0953753277643126e-05,0,0,0
SITE0007,2026-06-03,8.888821372513292e-06,0,0,0
SITE0007,2026-06-04,1.1978448754061532e-05,0,0,0
SITE0007,2026-06-05,7.600734416272388e-06,0,0,0
SITE0007,2026-06-06,7.831645607893621e-06,0,0,0
SITE0007,2026-06-07,1.1238354193458076e-05,0,0,0
SITE0007,2026-06-08,1.1935355631867581e-05,0,0,0
SITE0007,2026-06-09,1.1732681440250814e-05,0,0,0
SITE0007,2026-06-10,8.162539558493546e-06,0,0,0
SITE0007,2026-06-11,9.92725270033157e-06,0,0,0
SITE0007,2026-06-12,1.5870352691644206e-05,0,0,0
SITE0007,2026-06-13,1.0344656797320303e-05,0,0,0
SITE0007,2026-06-14,7.8975503451775e-06,0,0,0
SITE0007,2026-06-15,8.251890355148024e-06,0,0,0
SITE0007,2026-06-16,7.543280285806517e-06,0,0,0
SITE0007,2026-06-17,9.17255122121903e-06,0,0,0
SITE0007,2026-06-18,1.499817664734719e-05,0,0,0
SITE0007,2026-06-19,1.3201185963709881e-05,0,0,0
SITE0007,2026-06-20,9.831279304842238e-06,0,0,0
SITE0007,2026-06-21,8.96536194738545e-06,0,0,0
SITE0007,2026-06-22,9.682810752177177e-06,0,0,0
SITE0007,2026-06-23,8.156493440297602e-06,0,0,0
SITE0007,2026-06-24,8.061923922857627e-06,0,0,0
SITE0007,2026-06-25,1.4220770787099712e-05,0,0,0
SITE0007,2026-06-26,1.0616854895193556e-05,0,0,0
SITE0007,2026-06-27,1.0638345533058345e-05,0,0,0
SITE0007,2026-06-28,1.000343314447096e-05,0,0,0
SITE0007,2026-06-29,1.2251930435044415e-05,0,0,0
SITE0008,2026-04-01,8.298878512215151e-06,0,0,0
SITE0008,2026-04-02,7.290272877294014e-06,0,0,0
SITE0008,2026-04-03,6.7475134081143144e-06,0,0,0
SITE0008,2026-04-04,1.7514868632140122e-05,0,0,0
SITE0008,2026-04-05,6.846114329865356e-06,0,0,0
SITE0008,2026-04-06,6.2564846783928495e-06,0,0,0
SITE0008,2026-04-07,6.666037992654961e-06,0,0,0
SITE0008,2026-04-08,7.045183277382494e-06,0,0,0
SITE0008,2026-04-09,7.148124505235635e-06,0,0,0
SITE0008,2026-04-10,6.129323071063876e-06,0,0,0
SITE0008,2026-04-11,6.700604954162729e-06,0,0,0
SITE0008,2026-04-12,6.337255102000011e-06,0,0,0
SITE0008,2026-04-13,6.3759853357990615e-06,0,0,0
SITE0008,2026-04-14,6.127286017632611e-06,0,0,0
SITE0008,2026-04-15,6.6999141185429614e-06,0,0,0
SITE0008,2026-04-16,6.945805508366217e-06,0,0,0
SITE0008,2026-04-17,5.908943107051489e-06,0,0,0
SITE0008,2026-04-18,6.1949712737055e-06,0,0,0
SITE0008,2026-04-19,6.868517502542175e-06,0,0,0
SITE0008,2026-04-20,7.426877547791285e-06,0,0,0
SITE0008,2026-04-21,6.236441392323602e-06,0,0,0
SITE0008,2026-04-22,5.855658336143293e-06,0,0,0
SITE0008,2026-04-23,1.281552072441191e-05,0,0,0
SITE0008,2026-04-24,7.863726809872867e-06,0,0,0
SITE0008,2026-04-25,5.62925975737339e-06,0,0,0
SITE0008,2026-04-26,5.506101159142205e-06,0,0,0
SITE0008,2026-04-27,8.801836456025347e-06,0,0,0
SITE0008,2026-04-28,5.849248589477959e-06,0,0,0
SITE0008,2026-04-29,6.0659002079571365e-06,0,0,0
SITE0008,2026-04-30,6.731297320482822e-06,0,0,0
SITE0008,2026-05-01,6.367369830186604e-06,0,0,0
SITE0008,2026-05-02,6.527820154654723e-06,0,0,0
SITE0008,2026-05-03,6.368924282460698e-06,0,0,0
SITE0008,2026-05-04,6.243708917711759e-06,0,0,0
SITE0008,2026-05-05,6.599043575943015e-06,0,0,0
SITE0008,2026-05-06,6.319264300430788e-06,0,0,0
SITE0008,2026-05-07,5.691793067254674e-06,0,0,0
SITE0008,2026-05-08,5.945273869215421e-06,0,0,0
SITE0008,2026-05-09,5.3758578496400185e-06,0,0,0
SITE0008,2026-05-10,5.305613708967254e-06,0,0,0
SITE0008,2026-05-11,6.175584949313691e-06,0,0,0
SITE0008,2026-05-12,7.83694476807927e-06,0,0,0
SITE0008,2026-05-13,7.629674277556494e-06,0,0,0
SITE0008,2026-05-14,5.489363253356698e-06,0,0,0
SITE0008,2026-05-15,5.885330628095121e-06,0,0,0
SITE0008,2026-05-16,5.920635146360575e-06,0,0,0
SITE0008,2026-05-17,7.512736069329028e-06,0,0,0
SITE0008,2026-05-18,6.193523368851443e-06,0,0,0
SITE0008,2026-05-19,6.03510303242303e-06,0,0,0
SITE0008,2026-05-20,6.95932717682587e-06,0,0,0
SITE0008,2026-05-21,5.986258364889559e-06,0,0,0
SITE0008,2026-05-22,8.1641504560492e-06,0,0,0
SITE0008,2026-05-23,6.987163939621104e-06,0,0,0
SITE0008,2026-05-24,6.0390726384052896e-06,0,0,0
SITE0008,2026-05-25,6.2359871263143045e-06,0,0,0
SITE0008,2026-05-26,7.828089739146573e-06,0,0,0
SITE0008,2026-05-27,7.269569557136143e-06,0,0,0
SITE0008,2026-05-28,5.983558414100937e-06,0,0,0
SITE0008,2026-05-29,1.2470268467614226e-05,0,0,0
SITE0008,2026-05-30,6.9503481553101365e-06,0,0,0
SITE0008,2026-05-31,5.920670601197039e-06,0,0,0
SITE0008,2026-06-01,5.9678384600037126e-06,0,0,0
SITE0008,2026-06-02,6.204728987840735e-06,0,0,0
SITE0008,2026-06-03,7.70684093528525e-06,0,0,0
SITE0008,2026-06-04,6.194122823324643e-06,0,0,0
SITE0008,2026-06-05,6.827939942977136e-06,0,0,0
SITE0008,2026-06-06,6.910371639813642e-06,0,0,0
SITE0008,2026-06-07,6.503111730669864e-06,0,0,0
SITE0008,2026-06-08,5.936124422438879e-06,0,0,0
SITE0008,2026-06-09,5.943106131108267e-06,0,0,0
SITE0008,2026-06-10,6.141195230972611e-06,0,0,0
SITE0008,2026-06-11,6.5586313912059555e-06,0,0,0
SITE0008,2026-06-12,6.48748480556806e-06,0,0,0
SITE0008,2026-06-13,6.247030217305347e-06,0,0,0
SITE0008,2026-06-14,6.952622428183184e-06,0,0,0
SITE0008,2026-06-15,6.210451175921559e-06,0,0,0
SITE0008,2026-06-16,5.9884222559925795e-06,0,0,0
SITE0008,2026-06-17,6.673268105778516e-06,0,0,0
SITE0008,2026-06-18,6.604270260365198e-06,0,0,0
SITE0008,2026-06-19,6.1820420166114445e-06,0,0,0
SITE0008,2026-06-20,5.856439349286285e-06,0,0,0
SITE0008,2026-06-21,1.4400906278569344e-05,0,0,0
SITE0008,2026-06-22,6.231226227862579e-06,0,0,0
SITE0008,2026-06-23,8.89146817232154e-06,0,0,0
SITE0008,2026-06-24,7.233851705043486e-06,0,0,0
SITE0008,2026-06-25,6.676992495337669e-06,0,0,0
SITE0008,2026-06-26,7.110236855907553e-06,0,0,0
SITE0008,2026-06-27,5.722907628051451e-06,0,0,0
SITE0008,2026-06-28,5.721034817433018e-06,0,0,0
SITE0008,2026-06-29,7.3048192271992885e-06,0,0,0
SITE0009,2026-04-01,9.659410492106529e-06,0,0,0
SITE0009,2026-04-02,1.044387098467989e-05,0,0,0
SITE0009,2026-04-03,1.0652552664486638e-05,0,0,0
SITE0009,2026-04-04,1.241247084307053e-05,0,0,0
SITE0009,2026-04-05,1.0070348481303591e-05,0,0,0
SITE0009,2026-04-06,1.042755035152105e-05,0,0,0
SITE0009,2026-04-07,9.562405471672577e-06,0,0,0
SITE0009,2026-04-08,1.7189253968215616e-05,0,0,0
SITE0009,2026-04-09,9.562756922086962e-06,0,0,0
SITE0009,2026-04-10,1.3201996181693704e-05,0,0,0
SITE0009,2026-04-11,9.724015825281046e-06,0,0,0
SITE0009,2026-04-12,9.516344111526493e-06,0,0,0
SITE0009,2026-04-13,8.829681685335466e-06,0,0,0
SITE0009,2026-04-14,8.012831088141603e-06,0,0,0
SITE0009,2026-04-15,1.066305340885053e-05,0,0,0
SITE0009,2026-04-16,8.16572692903787e-06,0,0,0
SITE0009,2026-04-17,1.0137889154930752e-05,0,0,0
SITE0009,2026-04-18,1.0121722507455748e-05,0,0,0
SITE0009,2026-04-19,1.0721050219802644e-05,0,0,0
SITE0009,2026-04-20,1.0196028822160311e-05,0,0,0
SITE0009,2026-04-21,6.987654416845655e-06,0,0,0
SITE0009,2026-04-22,7.926712140017017e-06,0,0,0
SITE0009,2026-04-23,8.766061788411207e-06,0,0,0
SITE0009,2026-04-24,8.704236415295118e-06,0,0,0
SITE0009,2026-04-25,8.042971975479456e-06,0,0,0
SITE0009,2026-04-26,9.345947917003298e-06,0,0,0
SITE0009,2026-04-27,9.327979201703782e-06,0,0,0
SITE0009,2026-04-28,8.996318040267285e-06,0,0,0
SITE0009,2026-04-29,1.1178723019517758e-05,0,0,0
SITE0009,2026-04-30,9.906614313019183e-06,0,0,0
SITE0009,2026-05-01,1.0327919980009737e-05,0,0,0
SITE0009,2026-05-02,8.219972350030185e-06,0,0,0
SITE0009,2026-05-03,7.21847016006554e-06,0,0,0
SITE0009,2026-05-04,6.573232542251468e-06,0,0,0
SITE0009,2026-05-05,8.552517675269082e-06,0,0,0
SITE0009,2026-05-06,7.130353487316732e-06,0,0,0
SITE0009,2026-05-07,9.138751429666288e-06,0,0,0
SITE0009,2026-05-08,7.526916559799917e-06,0,0,0
SITE0009,2026-05-09,6.536072457618929e-06,0,0,0
SITE0009,2026-05-10,7.2584616898257964e-06,0,0,0
SITE0009,2026-05-11,8.704615603656679e-06,0,0,0
SITE0009,2026-05-12,7.3282174392757565e-06,0,0,0
SITE0009,2026-05-13,1.0131811754244378e-05,0,0,0
SITE0009,2026-05-14,7.945070970257155e-06,0,0,0
SITE0009,2026-05-15,6.850615183980422e-06,0,0,0
SITE0009,2026-05-16,6.8789369726269e-06,0,0,0
SITE0009,2026-05-17,8.395113516996918e-06,0,0,0
SITE0009,2026-05-18,1.0151244959864198e-05,0,0,0
SITE0009,2026-05-19,7.922891775732899e-06,0,0,0
SITE0009,2026-05-20,8.71618781084518e-06,0,0,0
SITE0009,2026-05-21,7.490114116616013e-06,0,0,0
SITE0009,2026-05-22,7.821303940409786e-06,0,0,0
SITE0009,2026-05-23,7.377979922158196e-06,0,0,0
SITE0009,2026-05-24,8.744700825161296e-06,0,0,0
SITE0009,2026-05-25,9.956528699212312e-06,0,0,0
SITE0009,2026-05-26,9.584439800462921e-06,0,0,0
SITE0009,2026-05-27,8.195556884681544e-06,0,0,0
SITE0009,2026-05-28,8.121284605433627e-06,0,0,0
SITE0009,2026-05-29,8.295250189322174e-06,0,0,0
SITE0009,2026-05-30,7.935792561236605e-06,0,0,0
SITE0009,2026-05-31,6.698819408810712e-06,0,0,0
SITE0009,2026-06-01,7.010124279854076e-06,0,0,0
SITE0009,2026-06-02,7.69056934458974e-06,0,0,0
SITE0009,2026-06-03,7.4875459082468355e-06,0,0,0
SITE0009,2026-06-04,6.8988032158031095e-06,0,0,0
SITE0009,2026-06-05,7.600225986831309e-06,0,0,0
SITE0009,2026-06-06,9.913109779471134e-06,0,0,0
SITE0009,2026-06-07,1.0454695609119996e-05,0,0,0
SITE0009,2026-06-08,1.3355629518502949e-05,0,0,0
SITE0009,2026-06-09,7.2693825742929064e-06,0,0,0
SITE0009,2026-06-10,8.718196058655024e-06,0,0,0
SITE0009,2026-06-11,8.136495849113315e-06,0,0,0
SITE0009,2026-06-12,8.898522192168104e-06,0,0,0
SITE0009,2026-06-13,9.0636722344375e-06,0,0,0
SITE0009,2026-06-14,7.769718380869803e-06,0,0,0
SITE0009,2026-06-15,7.769253555042493e-06,0,0,0
SITE0009,2026-06-16,7.582499961172917e-06,0,0,0
SITE0009,2026-06-17,7.557648170294599e-06,0,0,0
SITE0009,2026-06-18,7.835166329179158e-06,0,0,0
SITE0009,2026-06-19,7.2742079696383555e-06,0,0,0
SITE0009,2026-06-20,7.401612039474648e-06,0,0,0
SITE0009,2026-06-21,7.773535869777503e-06,0,0,0
SITE0009,2026-06-22,7.992999929156429e-06,0,0,0
SITE0009,2026-06-23,9.412748240159887e-06,0,0,0
SITE0009,2026-06-24,1.1184711032475235e-05,0,0,0
SITE0009,2026-06-25,8.586053176550032e-06,0,0,0
SITE0009,2026-06-26,7.996142097579715e-06,0,0,0
SITE0009,2026-06-27,8.067163478493118e-06,0,0,0
SITE0009,2026-06-28,8.225871035268066e-06,0,0,0
SITE0009,2026-06-29,6.652819871930342e-06,0,0,0
SITE0010,2026-04-01,3.163148896423686e-05,0,0,0
SITE0010,2026-04-02,3.1633476939297436e-05,0,0,0
SITE0010,2026-04-03,3.583280828550313e-05,0,0,0
SITE0010,2026-04-04,1.0268543056905326e-05,0,0,0
SITE0010,2026-04-05,7.694437503584418e-06,0,0,0
SITE0010,2026-04-06,7.734528770507088e-06,0,0,0
SITE0010,2026-04-07,7.440870409212501e-06,0,0,0
SITE0010,2026-04-08,7.12246857648199e-06,0,0,0
SITE0010,2026-04-09,7.475003254494974e-06,0,0,0
SITE0010,2026-04-10,7.353116590542732e-06,0,0,0
SITE0010,2026-04-11,7.350941196650075e-06,0,0,0
SITE0010,2026-04-12,8.294385849143916e-06,0,0,0
SITE0010,2026-04-13,7.313335537181907e-06,0,0,0
SITE0010,2026-04-14,7.543972739256781e-06,0,0,0
SITE0010,2026-04-15,7.532424608002074e-06,0,0,0
SITE0010,2026-04-16,7.487807873928674e-06,0,0,0
SITE0010,2026-04-17,7.760990879185017e-06,0,0,0
SITE0010,2026-04-18,7.5361222416384945e-06,0,0,0
SITE0010,2026-04-19,7.578930002503364e-06,0,0,0
SITE0010,2026-04-20,7.234653210193642e-06,0,0,0
SITE0010,2026-04-21,7.482031653254477e-06,0,0,0
SITE0010,2026-04-22,7.390899401344202e-06,0,0,0
SITE0010,2026-04-23,8.420203069249639e-06,0,0,0
SITE0010,2026-04-24,7.501990018224556e-06,0,0,0
SITE0010,2026-04-25,7.969044255287956e-06,0,0,0
SITE0010,2026-04-26,7.3123738815875115e-06,0,0,0
SITE0010,2026-04-27,7.758961277688794e-06,0,0,0
SITE0010,2026-04-28,6.891447723578068e-06,0,0,0
SITE0010,2026-04-29,7.663950554804056e-06,0,0,0
SITE0010,2026-04-30,7.499702831016686e-06,0,0,0
SITE0010,2026-05-01,7.545136859041433e-06,0,0,0
SITE0010,2026-05-02,7.565581449651346e-06,0,0,0
SITE0010,2026-05-03,6.787738206082983e-06,0,0,0
SITE0010,2026-05-04,5.944902957966057e-06,0,0,0
SITE0010,2026-05-05,6.999407816484164e-06,0,0,0
SITE0010,2026-05-06,7.1641203337515636e-06,0,0,0
SITE0010,2026-05-07,7.375733042773991e-06,0,0,0
SITE0010,2026-05-08,6.985442127105692e-06,0,0,0
SITE0010,2026-05-09,1.546774995497517e-05,0,0,0
SITE0010,2026-05-10,6.96377396961248e-06,0,0,0
SITE0010,2026-05-11,7.495004136069357e-06,0,0,0
SITE0010,2026-05-12,7.055182773047883e-06,0,0,0
SITE0010,2026-05-13,8.064122566675011e-06,0,0,0
SITE0010,2026-05-14,7.294897410855402e-06,0,0,0
SITE0010,2026-05-15,7.296261769171635e-06,0,0,0
SITE0010,2026-05-16,7.2853052415242755e-06,0,0,0
SITE0010,2026-05-17,6.238031733963796e-06,0,0,0
SITE0010,2026-05-18,7.225713933986004e-06,0,0,0
SITE0010,2026-05-19,1.6875917694195215e-05,0,0,0
SITE0010,2026-05-20,7.0675653513987315e-06,0,0,0
SITE0010,2026-05-21,7.919831234166576e-06,0,0,0
SITE0010,2026-05-22,7.86398048073787e-06,0,0,0
SITE0010,2026-05-23,7.9937331398749e-06,0,0,0
SITE0010,2026-05-24,8.265623350347574e-06,0,0,0
SITE0010,2026-05-25,7.869321325830492e-06,0,0,0
SITE0010,2026-05-26,8.25657619779216e-06,0,0,0
SITE0010,2026-05-27,8.217534469736702e-06,0,0,0
SITE0010,2026-05-28,8.028609105338663e-06,0,0,0
SITE0010,2026-05-29,8.218770410105246e-06,0,0,0
SITE0010,2026-05-30,9.904395012419035e-06,0,0,0
SITE0010,2026-05-31,9.02789072088376e-06,0,0,0
SITE0010,2026-06-01,9.626233869587686e-06,0,0,0
SITE0010,2026-06-02,1.0679510133514137e-05,0,0,0
SITE0010,2026-06-03,0.0006145174247726202,0,0,0
SITE0010,2026-06-04,0.945663479623538,1,0,0
SITE0010,2026-06-05,0.9902715994395856,1,1,0
SITE0010,2026-06-06,0.9944484179715245,1,1,0
SITE0010,2026-06-07,0.9998541383522528,1,1,0
SITE0010,2026-06-08,0.9998625724180763,1,1,0
SITE0010,2026-06-09,0.9998924206736748,1,1,0
SITE0010,2026-06-10,0.9999606110914749,1,1,0
SITE0010,2026-06-11,0.9999437354866436,1,1,0
SITE0010,2026-06-12,0.9999220739111294,1,1,0
SITE0010,2026-06-13,0.9996242023198074,1,1,0
SITE0010,2026-06-14,0.9991527645712877,1,1,0
SITE0010,2026-06-15,0.9998519657322278,1,1,0
SITE0010,2026-06-16,0.9997655929036893,1,0,0
SITE0010,2026-06-17,0.999966578717433,1,0,0
SITE0010,2026-06-18,0.9978940114214252,1,0,0
SITE0010,2026-06-19,0.7551332628468146,1,0,1
SITE0010,2026-06-20,0.0004226902568056998,0,0,0
SITE0010,2026-06-21,0.0004995918314007047,0,0,0
SITE0010,2026-06-22,4.682375085041399e-05,0,0,0
SITE0010,2026-06-23,4.6806204354211266e-05,0,0,0
SITE0010,2026-06-24,4.5998709335394156e-05,0,0,0
SITE0010,2026-06-25,3.833420340227233e-05,0,0,0
SITE0010,2026-06-26,1.94420887060638e-05,0,0,0
SITE0010,2026-06-27,1.7923144689771538e-05,0,0,0
SITE0010,2026-06-28,1.8605461851601233e-05,0,0,0
SITE0010,2026-06-29,1.81427192238513e-05,0,0,0
SITE0011,2026-04-01,1.6875099972145275e-05,0,0,0
SITE0011,2026-04-02,8.275777646628435e-06,0,0,0
SITE0011,2026-04-03,8.673363630244681e-06,0,0,0
SITE0011,2026-04-04,8.543881189273758e-06,0,0,0
SITE0011,2026-04-05,1.5932303070941288e-05,0,0,0
SITE0011,2026-04-06,1.262441931841924e-05,0,0,0
SITE0011,2026-04-07,8.42522360335612e-06,0,0,0
SITE0011,2026-04-08,9.677906791628245e-06,0,0,0
SITE0011,2026-04-09,1.1857238464089814e-05,0,0,0
SITE0011,2026-04-10,1.2128568997505845e-05,0,0,0
SITE0011,2026-04-11,8.249636266115832e-06,0,0,0
SITE0011,2026-04-12,8.393837442567195e-06,0,0,0
SITE0011,2026-04-13,1.1616033915916362e-05,0,0,0
SITE0011,2026-04-14,8.784220624069474e-06,0,0,0
SITE0011,2026-04-15,8.206895958650818e-06,0,0,0
SITE0011,2026-04-16,9.183222765628845e-06,0,0,0
SITE0011,2026-04-17,1.1410603037529765e-05,0,0,0
SITE0011,2026-04-18,8.779165329894752e-06,0,0,0
SITE0011,2026-04-19,9.009333341794602e-06,0,0,0
SITE0011,2026-04-20,9.018911366948762e-06,0,0,0
SITE0011,2026-04-21,8.977222049718443e-06,0,0,0
SITE0011,2026-04-22,1.1981144841789178e-05,0,0,0
SITE0011,2026-04-23,1.2007390655592251e-05,0,0,0
SITE0011,2026-04-24,8.945184087665582e-06,0,0,0
SITE0011,2026-04-25,9.19656453859486e-06,0,0,0
SITE0011,2026-04-26,9.35027675373468e-06,0,0,0
SITE0011,2026-04-27,1.0428358486583232e-05,0,0,0
SITE0011,2026-04-28,9.629974901517842e-06,0,0,0
SITE0011,2026-04-29,1.1821802780713566e-05,0,0,0
SITE0011,2026-04-30,1.0504464381377547e-05,0,0,0
SITE0011,2026-05-01,8.004215659269817e-06,0,0,0
SITE0011,2026-05-02,8.000718845713753e-06,0,0,0
SITE0011,2026-05-03,8.838582470454058e-06,0,0,0
SITE0011,2026-05-04,9.87200044976499e-06,0,0,0
SITE0011,2026-05-05,9.523512059698161e-06,0,0,0
SITE0011,2026-05-06,8.741208332136347e-06,0,0,0
SITE0011,2026-05-07,1.16410179267044e-05,0,0,0
SITE0011,2026-05-08,8.507978204523647e-06,0,0,0
SITE0011,2026-05-09,1.0780560810072223e-05,0,0,0
SITE0011,2026-05-10,8.10060818248303e-06,0,0,0
SITE0011,2026-05-11,1.427879431405939e-05,0,0,0
SITE0011,2026-05-12,8.701562170369946e-06,0,0,0
SITE0011,2026-05-13,7.914731421945662e-06,0,0,0
SITE0011,2026-05-14,8.551547238215322e-06,0,0,0
SITE0011,2026-05-15,1.0289168462768342e-05,0,0,0
SITE0011,2026-05-16,9.283213732478556e-06,0,0,0
SITE0011,2026-05-17,9.305543661112407e-06,0,0,0
SITE0011,2026-05-18,9.38806526614214e-06,0,0,0
SITE0011,2026-05-19,9.21625238704426e-06,0,0,0
SITE0011,2026-05-20,9.76757452443684e-06,0,0,0
SITE0011,2026-05-21,1.1041874583142122e-05,0,0,0
SITE0011,2026-05-22,8.474330559703036e-06,0,0,0
SITE0011,2026-05-23,1.2762937365109168e-05,0,0,0
SITE0011,2026-05-24,1.2108855013880028e-05,0,0,0
SITE0011,2026-05-25,1.1458824175542129e-05,0,0,0
SITE0011,2026-05-26,9.75417115322193e-06,0,0,0
SITE0011,2026-05-27,9.16480055352873e-06,0,0,0
SITE0011,2026-05-28,8.737499421284824e-06,0,0,0
SITE0011,2026-05-29,8.627694844904518e-06,0,0,0
SITE0011,2026-05-30,9.099489833049488e-06,0,0,0
SITE0011,2026-05-31,9.723089653107747e-06,0,0,0
SITE0011,2026-06-01,8.898437388315313e-06,0,0,0
SITE0011,2026-06-02,9.307109853814107e-06,0,0,0
SITE0011,2026-06-03,1.2670731077385654e-05,0,0,0
SITE0011,2026-06-04,9.616424827899436e-06,0,0,0
SITE0011,2026-06-05,8.712111959444844e-06,0,0,0
SITE0011,2026-06-06,9.142410638545292e-06,0,0,0
SITE0011,2026-06-07,8.876805813017474e-06,0,0,0
SITE0011,2026-06-08,2.1191380151640897e-05,0,0,0
SITE0011,2026-06-09,1.0339805959807772e-05,0,0,0
SITE0011,2026-06-10,8.716524790023897e-06,0,0,0
SITE0011,2026-06-11,9.770225189606486e-06,0,0,0
SITE0011,2026-06-12,1.2258700233577873e-05,0,0,0
SITE0011,2026-06-13,1.3699008728266786e-05,0,0,0
SITE0011,2026-06-14,1.021339632285511e-05,0,0,0
SITE0011,2026-06-15,8.940746480046497e-06,0,0,0
SITE0011,2026-06-16,8.67756671862908e-06,0,0,0
SITE0011,2026-06-17,8.688558812939924e-06,0,0,0
SITE0011,2026-06-18,8.812141009412944e-06,0,0,0
SITE0011,2026-06-19,1.143126220925712e-05,0,0,0
SITE0011,2026-06-20,1.1834298434413016e-05,0,0,0
SITE0011,2026-06-21,8.46141942953891e-06,0,0,0
SITE0011,2026-06-22,9.1584892761617e-06,0,0,0
SITE0011,2026-06-23,8.825138609773888e-06,0,0,0
SITE0011,2026-06-24,9.140352392644245e-06,0,0,0
SITE0011,2026-06-25,8.596481609844961e-06,0,0,0
SITE0011,2026-06-26,8.407102978531224e-06,0,0,0
SITE0011,2026-06-27,9.601649271233221e-06,0,0,0
SITE0011,2026-06-28,1.581175192229178e-05,0,0,0
SITE0011,2026-06-29,1.3932389021964954e-05,0,0,0
SITE0012,2026-04-01,6.0054579746380356e-05,0,0,0
SITE0012,2026-04-02,4.660030684891042e-05,0,0,0
SITE0012,2026-04-03,2.754057053176566e-05,0,0,0
SITE0012,2026-04-04,2.0894712748992998e-05,0,0,0
SITE0012,2026-04-05,9.902205230505588e-06,0,0,0
SITE0012,2026-04-06,7.680762304609254e-06,0,0,0
SITE0012,2026-04-07,1.1742306685429387e-05,0,0,0
SITE0012,2026-04-08,1.0296669795603537e-05,0,0,0
SITE0012,2026-04-09,6.023782600702041e-06,0,0,0
SITE0012,2026-04-10,1.0508139056227645e-05,0,0,0
SITE0012,2026-04-11,5.420545794912577e-06,0,0,0
SITE0012,2026-04-12,7.589646924341571e-06,0,0,0
SITE0012,2026-04-13,1.1109820527692044e-05,0,0,0
SITE0012,2026-04-14,8.246713984318168e-06,0,0,0
SITE0012,2026-04-15,1.57198773195832e-05,0,0,0
SITE0012,2026-04-16,1.0914346207554052e-05,0,0,0
SITE0012,2026-04-17,8.475560131558595e-06,0,0,0
SITE0012,2026-04-18,1.0162328578939832e-05,0,0,0
SITE0012,2026-04-19,1.5473873811031584e-05,0,0,0
SITE0012,2026-04-20,1.0279413909848862e-05,0,0,0
SITE0012,2026-04-21,8.792288589979423e-06,0,0,0
SITE0012,2026-04-22,9.283401057196341e-06,0,0,0
SITE0012,2026-04-23,9.286930059825638e-06,0,0,0
SITE0012,2026-04-24,1.0454383967851148e-05,0,0,0
SITE0012,2026-04-25,7.454623391227936e-06,0,0,0
SITE0012,2026-04-26,7.942723299117677e-06,0,0,0
SITE0012,2026-04-27,7.291746919166464e-06,0,0,0
SITE0012,2026-04-28,8.227523151687231e-06,0,0,0
SITE0012,2026-04-29,1.2160407260482258e-05,0,0,0
SITE0012,2026-04-30,1.0182645392606672e-05,0,0,0
SITE0012,2026-05-01,1.07228495240793e-05,0,0,0
SITE0012,2026-05-02,8.16929259166664e-06,0,0,0
SITE0012,2026-05-03,7.903344827845696e-06,0,0,0
SITE0012,2026-05-04,7.089093415589073e-06,0,0,0
SITE0012,2026-05-05,6.768240510094045e-06,0,0,0
SITE0012,2026-05-06,7.995701456564782e-06,0,0,0
SITE0012,2026-05-07,1.1085117307856596e-05,0,0,0
SITE0012,2026-05-08,1.4010219734056262e-05,0,0,0
SITE0012,2026-05-09,7.1827424380442175e-06,0,0,0
SITE0012,2026-05-10,7.5782039860407215e-06,0,0,0
SITE0012,2026-05-11,9.514493628635835e-06,0,0,0
SITE0012,2026-05-12,1.1878453226635511e-05,0,0,0
SITE0012,2026-05-13,9.790720044813141e-06,0,0,0
SITE0012,2026-05-14,8.179814949222657e-06,0,0,0
SITE0012,2026-05-15,9.346281179994993e-06,0,0,0
SITE0012,2026-05-16,1.0345986453789198e-05,0,0,0
SITE0012,2026-05-17,9.620186950750144e-06,0,0,0
SITE0012,2026-05-18,1.233432610042595e-05,0,0,0
SITE0012,2026-05-19,1.0943258462528423e-05,0,0,0
SITE0012,2026-05-20,1.0107280818181407e-05,0,0,0
SITE0012,2026-05-21,9.85457630844263e-06,0,0,0
SITE0012,2026-05-22,8.105960881012926e-06,0,0,0
SITE0012,2026-05-23,8.356024527846784e-06,0,0,0
SITE0012,2026-05-24,7.752457700764623e-06,0,0,0
SITE0012,2026-05-25,7.754590219887034e-06,0,0,0
SITE0012,2026-05-26,1.2478176297850169e-05,0,0,0
SITE0012,2026-05-27,9.731193768407814e-06,0,0,0
SITE0012,2026-05-28,7.801421460415613e-06,0,0,0
SITE0012,2026-05-29,5.0733709206061494e-06,0,0,0
SITE0012,2026-05-30,6.053746726574325e-06,0,0,0
SITE0012,2026-05-31,6.981097170177492e-06,0,0,0
SITE0012,2026-06-01,8.64047668191282e-06,0,0,0
SITE0012,2026-06-02,7.346919832439811e-06,0,0,0
SITE0012,2026-06-03,7.7414705526669e-06,0,0,0
SITE0012,2026-06-04,7.642478295672236e-06,0,0,0
SITE0012,2026-06-05,1.4686135051616913e-05,0,0,0
SITE0012,2026-06-06,1.1240360707198879e-05,0,0,0
SITE0012,2026-06-07,1.4777290842678708e-05,0,0,0
SITE0012,2026-06-08,7.546453284943693e-06,0,0,0
SITE0012,2026-06-09,1.1603893771632726e-05,0,0,0
SITE0012,2026-06-10,5.1664576357009115e-06,0,0,0
SITE0012,2026-06-11,1.0163294321125342e-05,0,0,0
SITE0012,2026-06-12,9.834771017648211e-06,0,0,0
SITE0012,2026-06-13,9.336497297976407e-06,0,0,0
SITE0012,2026-06-14,7.257579293087478e-06,0,0,0
SITE0012,2026-06-15,1.1304894255972336e-05,0,0,0
SITE0012,2026-06-16,8.415371922787244e-06,0,0,0
SITE0012,2026-06-17,8.123157854985612e-06,0,0,0
SITE0012,2026-06-18,5.974530680883167e-06,0,0,0
SITE0012,2026-06-19,1.873087349269878e-05,0,0,0
SITE0012,2026-06-20,1.2400591831933184e-05,0,0,0
SITE0012,2026-06-21,7.748112132755729e-06,0,0,0
SITE0012,2026-06-22,8.358116954788927e-06,0,0,0
SITE0012,2026-06-23,1.1609433704219335e-05,0,0,0
SITE0012,2026-06-24,1.0317483617968832e-05,0,0,0
SITE0012,2026-06-25,1.0910540816746108e-05,0,0,0
SITE0012,2026-06-26,1.224472550630917e-05,0,0,0
SITE0012,2026-06-27,8.981808367448098e-06,0,0,0
SITE0012,2026-06-28,9.47659698922491e-06,0,0,0
SITE0012,2026-06-29,1.0512055335367978e-05,0,0,0
SITE0013,2026-04-01,9.053048044201006e-06,0,0,0
SITE0013,2026-04-02,7.526371711795149e-06,0,0,0
SITE0013,2026-04-03,7.174259940901247e-06,0,0,0
SITE0013,2026-04-04,7.706603465884057e-06,0,0,0
SITE0013,2026-04-05,8.797995248174124e-06,0,0,0
SITE0013,2026-04-06,7.828025787252742e-06,0,0,0
SITE0013,2026-04-07,1.848165730201766e-05,0,0,0
SITE0013,2026-04-08,9.747469506723823e-06,0,0,0
SITE0013,2026-04-09,9.90376051537665e-06,0,0,0
SITE0013,2026-04-10,9.143498719184804e-06,0,0,0
SITE0013,2026-04-11,9.496136067741564e-06,0,0,0
SITE0013,2026-04-12,9.150391622296822e-06,0,0,0
SITE0013,2026-04-13,8.858609172730845e-06,0,0,0
SITE0013,2026-04-14,8.85948309285338e-06,0,0,0
SITE0013,2026-04-15,8.86262998405769e-06,0,0,0
SITE0013,2026-04-16,9.657584877018901e-06,0,0,0
SITE0013,2026-04-17,8.924966530240482e-06,0,0,0
SITE0013,2026-04-18,8.696970656879375e-06,0,0,0
SITE0013,2026-04-19,8.213234098643686e-06,0,0,0
SITE0013,2026-04-20,1.7209783086244552e-05,0,0,0
SITE0013,2026-04-21,9.222152559983514e-06,0,0,0
SITE0013,2026-04-22,3.892693845239079e-05,0,0,0
SITE0013,2026-04-23,7.84661666844211e-06,0,0,0
SITE0013,2026-04-24,9.370619161032427e-06,0,0,0
SITE0013,2026-04-25,8.85412545447401e-06,0,0,0
SITE0013,2026-04-26,2.5938579618840776e-05,0,0,0
SITE0013,2026-04-27,9.100190593293839e-06,0,0,0
SITE0013,2026-04-28,9.503947637998519e-06,0,0,0
SITE0013,2026-04-29,8.259145666157503e-06,0,0,0
SITE0013,2026-04-30,2.2164119083464725e-05,0,0,0
SITE0013,2026-05-01,7.75710494122916e-06,0,0,0
SITE0013,2026-05-02,8.653604203623826e-06,0,0,0
SITE0013,2026-05-03,8.6870879674185e-06,0,0,0
SITE0013,2026-05-04,8.755994962783587e-06,0,0,0
SITE0013,2026-05-05,9.781569823845713e-06,0,0,0
SITE0013,2026-05-06,9.410312896272409e-06,0,0,0
SITE0013,2026-05-07,8.938398189420565e-06,0,0,0
SITE0013,2026-05-08,8.87076028637893e-06,0,0,0
SITE0013,2026-05-09,8.252292819941148e-06,0,0,0
SITE0013,2026-05-10,1.0212066339949632e-05,0,0,0
SITE0013,2026-05-11,1.02052749618967e-05,0,0,0
SITE0013,2026-05-12,1.159465287326256e-05,0,0,0
SITE0013,2026-05-13,1.3983460649450232e-05,0,0,0
SITE0013,2026-05-14,1.1209786977678505e-05,0,0,0
SITE0013,2026-05-15,8.689410925522799e-06,0,0,0
SITE0013,2026-05-16,7.953174455227787e-06,0,0,0
SITE0013,2026-05-17,9.02426880164907e-06,0,0,0
SITE0013,2026-05-18,9.23071040409683e-06,0,0,0
SITE0013,2026-05-19,1.5774941616734714e-05,0,0,0
SITE0013,2026-05-20,8.98890363933532e-06,0,0,0
SITE0013,2026-05-21,8.77397833896913e-06,0,0,0
SITE0013,2026-05-22,8.643607783642225e-06,0,0,0
SITE0013,2026-05-23,9.73769527826561e-06,0,0,0
SITE0013,2026-05-24,1.003789491105489e-05,0,0,0
SITE0013,2026-05-25,8.775342128015109e-06,0,0,0
SITE0013,2026-05-26,8.312450851763042e-06,0,0,0
SITE0013,2026-05-27,8.306517656444253e-06,0,0,0
SITE0013,2026-05-28,9.115638829050321e-06,0,0,0
SITE0013,2026-05-29,2.0152542159734505e-05,0,0,0
SITE0013,2026-05-30,8.631861170720979e-06,0,0,0
SITE0013,2026-05-31,7.728807878651835e-06,0,0,0
SITE0013,2026-06-01,8.249714985119795e-06,0,0,0
SITE0013,2026-06-02,7.697169816134258e-06,0,0,0
SITE0013,2026-06-03,8.257980241402833e-06,0,0,0
SITE0013,2026-06-04,8.621530329020264e-06,0,0,0
SITE0013,2026-06-05,9.177379583937543e-06,0,0,0
SITE0013,2026-06-06,9.174479998670474e-06,0,0,0
SITE0013,2026-06-07,1.069632600831825e-05,0,0,0
SITE0013,2026-06-08,8.643697010094088e-06,0,0,0
SITE0013,2026-06-09,9.521166914536452e-06,0,0,0
SITE0013,2026-06-10,8.747590120542094e-06,0,0,0
SITE0013,2026-06-11,9.562201459835306e-06,0,0,0
SITE0013,2026-06-12,2.3958524843613743e-05,0,0,0
SITE0013,2026-06-13,1.0551787712693895e-05,0,0,0
SITE0013,2026-06-14,2.999738922653974e-05,0,0,0
SITE0013,2026-06-15,1.1540781991895745e-05,0,0,0
SITE0013,2026-06-16,1.1736432785151906e-05,0,0,0
SITE0013,2026-06-17,1.097007028490281e-05,0,0,0
SITE0013,2026-06-18,1.3255116723240468e-05,0,0,0
SITE0013,2026-06-19,7.327446678995875e-06,0,0,0
SITE0013,2026-06-20,1.8605212408328325e-05,0,0,0
SITE0013,2026-06-21,8.993092178892208e-06,0,0,0
SITE0013,2026-06-22,9.305686205732034e-06,0,0,0
SITE0013,2026-06-23,9.30476424613032e-06,0,0,0
SITE0013,2026-06-24,1.1719770856787252e-05,0,0,0
SITE0013,2026-06-25,2.19641902828293e-05,0,0,0
SITE0013,2026-06-26,1.1541362049347295e-05,0,0,0
SITE0013,2026-06-27,9.033045862193224e-06,0,0,0
SITE0013,2026-06-28,9.732797859807598e-06,0,0,0
SITE0013,2026-06-29,9.253794730946024e-06,0,0,0
SITE0014,2026-04-01,1.908995374634674e-05,0,0,0
SITE0014,2026-04-02,2.8469616073334113e-05,0,0,0
SITE0014,2026-04-03,1.601066627853978e-05,0,0,0
SITE0014,2026-04-04,3.83031261964616e-05,0,0,0
SITE0014,2026-04-05,2.5318028623492533e-05,0,0,0
SITE0014,2026-04-06,1.5331753945732996e-05,0,0,0
SITE0014,2026-04-07,1.306694569333694e-05,0,0,0
SITE0014,2026-04-08,1.7172497406765313e-05,0,0,0
SITE0014,2026-04-09,1.82361248115434e-05,0,0,0
SITE0014,2026-04-10,2.1953842802968685e-05,0,0,0
SITE0014,2026-04-11,1.5922076221652987e-05,0,0,0
SITE0014,2026-04-12,1.6304721333435408e-05,0,0,0
SITE0014,2026-04-13,1.3488124341654994e-05,0,0,0
SITE0014,2026-04-14,2.4246182346771842e-05,0,0,0
SITE0014,2026-04-15,1.4259520931999936e-05,0,0,0
SITE0014,2026-04-16,1.3433664974878618e-05,0,0,0
SITE0014,2026-04-17,1.514332083858062e-05,0,0,0
SITE0014,2026-04-18,1.7136027762224475e-05,0,0,0
SITE0014,2026-04-19,1.456078242009529e-05,0,0,0
SITE0014,2026-04-20,1.4184404380073923e-05,0,0,0
SITE0014,2026-04-21,1.5382130891960806e-05,0,0,0
SITE0014,2026-04-22,1.817598385859736e-05,0,0,0
SITE0014,2026-04-23,1.596131871985082e-05,0,0,0
SITE0014,2026-04-24,2.140432305791453e-05,0,0,0
SITE0014,2026-04-25,1.8819985893455813e-05,0,0,0
SITE0014,2026-04-26,1.7036215992659076e-05,0,0,0
SITE0014,2026-04-27,1.412662598673123e-05,0,0,0
SITE0014,2026-04-28,1.582819411923143e-05,0,0,0
SITE0014,2026-04-29,1.7846803909845815e-05,0,0,0
SITE0014,2026-04-30,1.7406432739043264e-05,0,0,0
SITE0014,2026-05-01,1.6925476825074526e-05,0,0,0
SITE0014,2026-05-02,1.9718961499765945e-05,0,0,0
SITE0014,2026-05-03,1.8279584869520117e-05,0,0,0
SITE0014,2026-05-04,1.4949777309989157e-05,0,0,0
SITE0014,2026-05-05,1.6167380192935764e-05,0,0,0
SITE0014,2026-05-06,1.7895475227070522e-05,0,0,0
SITE0014,2026-05-07,1.4098259795786791e-05,0,0,0
SITE0014,2026-05-08,1.7094792643652882e-05,0,0,0
SITE0014,2026-05-09,1.620197915635581e-05,0,0,0
SITE0014,2026-05-10,1.9797624092540102e-05,0,0,0
SITE0014,2026-05-11,1.60636001989137e-05,0,0,0
SITE0014,2026-05-12,2.5662782084098237e-05,0,0,0
SITE0014,2026-05-13,1.4090172555061911e-05,0,0,0
SITE0014,2026-05-14,1.569470015773997e-05,0,0,0
SITE0014,2026-05-15,1.4266130196187104e-05,0,0,0
SITE0014,2026-05-16,1.5957912450192124e-05,0,0,0
SITE0014,2026-05-17,1.2919344422871374e-05,0,0,0
SITE0014,2026-05-18,1.7370528593508853e-05,0,0,0
SITE0014,2026-05-19,1.4412358447119529e-05,0,0,0
SITE0014,2026-05-20,1.409204802928899e-05,0,0,0
SITE0014,2026-05-21,1.47600872569462e-05,0,0,0
SITE0014,2026-05-22,1.6178107544212003e-05,0,0,0
SITE0014,2026-05-23,1.3677139629285783e-05,0,0,0
SITE0014,2026-05-24,1.5364968662153063e-05,0,0,0
SITE0014,2026-05-25,1.2193904556188021e-05,0,0,0
SITE0014,2026-05-26,1.162904251270202e-05,0,0,0
SITE0014,2026-05-27,1.5069442496285184e-05,0,0,0
SITE0014,2026-05-28,1.8339718813370227e-05,0,0,0
SITE0014,2026-05-29,1.5312700754795054e-05,0,0,0
SITE0014,2026-05-30,1.6684308625969553e-05,0,0,0
SITE0014,2026-05-31,1.8464478605066984e-05,0,0,0
SITE0014,2026-06-01,1.7646549101081038e-05,0,0,0
SITE0014,2026-06-02,1.6209047509947887e-05,0,0,0
SITE0014,2026-06-03,1.698699957070866e-05,0,0,0
SITE0014,2026-06-04,2.915336059382484e-05,0,0,0
SITE0014,2026-06-05,1.831843300133162e-05,0,0,0
SITE0014,2026-06-06,1.948546731278768e-05,0,0,0
SITE0014,2026-06-07,1.8734821500475254e-05,0,0,0
SITE0014,2026-06-08,1.6402078954706606e-05,0,0,0
SITE0014,2026-06-09,1.538212976622505e-05,0,0,0
SITE0014,2026-06-10,1.5382806553432948e-05,0,0,0
SITE0014,2026-06-11,1.5869691603867027e-05,0,0,0
SITE0014,2026-06-12,1.684140813188126e-05,0,0,0
SITE0014,2026-06-13,1.8902514731385735e-05,0,0,0
SITE0014,2026-06-14,1.4724499110465307e-05,0,0,0
SITE0014,2026-06-15,1.4629660633583317e-05,0,0,0
SITE0014,2026-06-16,1.1919613585225159e-05,0,0,0
SITE0014,2026-06-17,1.2745574229142307e-05,0,0,0
SITE0014,2026-06-18,1.2499387137839075e-05,0,0,0
SITE0014,2026-06-19,1.4481142981392372e-05,0,0,0
SITE0014,2026-06-20,1.2720434665052807e-05,0,0,0
SITE0014,2026-06-21,1.2776435613065563e-05,0,0,0
SITE0014,2026-06-22,1.4186592482688446e-05,0,0,0
SITE0014,2026-06-23,1.5317595819715894e-05,0,0,0
SITE0014,2026-06-24,1.5457680640251213e-05,0,0,0
SITE0014,2026-06-25,1.4485177077394273e-05,0,0,0
SITE0014,2026-06-26,1.5107582089329577e-05,0,0,0
SITE0014,2026-06-27,1.5093120220604304e-05,0,0,0
SITE0014,2026-06-28,1.2775720657467731e-05,0,0,0
SITE0014,2026-06-29,2.169070287411605e-05,0,0,0
SITE0015,2026-04-01,7.707449358075837e-06,0,0,0
SITE0015,2026-04-02,6.622825107096576e-06,0,0,0
SITE0015,2026-04-03,5.962564613936611e-06,0,0,0
SITE0015,2026-04-04,6.206674023920679e-06,0,0,0
SITE0015,2026-04-05,5.618833263803021e-06,0,0,0
SITE0015,2026-04-06,6.622622999251221e-06,0,0,0
SITE0015,2026-04-07,5.956704296714574e-06,0,0,0
SITE0015,2026-04-08,6.5712006286496235e-06,0,0,0
SITE0015,2026-04-09,6.687159691479783e-06,0,0,0
SITE0015,2026-04-10,7.813788102018903e-06,0,0,0
SITE0015,2026-04-11,5.65400985649367e-06,0,0,0
SITE0015,2026-04-12,6.6579642964856e-06,0,0,0
SITE0015,2026-04-13,6.231170516201743e-06,0,0,0
SITE0015,2026-04-14,5.60261674301924e-06,0,0,0
SITE0015,2026-04-15,7.31090323487783e-06,0,0,0
SITE0015,2026-04-16,6.466728580016264e-06,0,0,0
SITE0015,2026-04-17,6.587582954447456e-06,0,0,0
SITE0015,2026-04-18,6.589023746130644e-06,0,0,0
SITE0015,2026-04-19,6.062732640973329e-06,0,0,0
SITE0015,2026-04-20,6.386454452397368e-06,0,0,0
SITE0015,2026-04-21,6.68010096769358e-06,0,0,0
SITE0015,2026-04-22,6.588986820834468e-06,0,0,0
SITE0015,2026-04-23,6.8853618711667135e-06,0,0,0
SITE0015,2026-04-24,6.339861496014901e-06,0,0,0
SITE0015,2026-04-25,5.646614171186461e-06,0,0,0
SITE0015,2026-04-26,6.101054403792075e-06,0,0,0
SITE0015,2026-04-27,6.777078804381961e-06,0,0,0
SITE0015,2026-04-28,5.770745948045514e-06,0,0,0
SITE0015,2026-04-29,6.822107317712424e-06,0,0,0
SITE0015,2026-04-30,6.457560721054759e-06,0,0,0
SITE0015,2026-05-01,5.743903731911646e-06,0,0,0
SITE0015,2026-05-02,5.44650150734927e-06,0,0,0
SITE0015,2026-05-03,6.650861406689794e-06,0,0,0
SITE0015,2026-05-04,6.809841978775684e-06,0,0,0
SITE0015,2026-05-05,6.4138509075071385e-06,0,0,0
SITE0015,2026-05-06,6.449988695543858e-06,0,0,0
SITE0015,2026-05-07,6.449988683037005e-06,0,0,0
SITE0015,2026-05-08,7.077614660492537e-06,0,0,0
SITE0015,2026-05-09,5.8514662328190225e-06,0,0,0
SITE0015,2026-05-10,6.567247901825878e-06,0,0,0
SITE0015,2026-05-11,6.569788226260905e-06,0,0,0
SITE0015,2026-05-12,6.834968260532267e-06,0,0,0
SITE0015,2026-05-13,6.658771225869984e-06,0,0,0
SITE0015,2026-05-14,6.8217021589459425e-06,0,0,0
SITE0015,2026-05-15,6.427151003131173e-06,0,0,0
SITE0015,2026-05-16,7.06301658752735e-06,0,0,0
SITE0015,2026-05-17,7.063178914462282e-06,0,0,0
SITE0015,2026-05-18,6.384838459446188e-06,0,0,0
SITE0015,2026-05-19,7.6158582243543896e-06,0,0,0
SITE0015,2026-05-20,6.236342322850966e-06,0,0,0
SITE0015,2026-05-21,7.087114500503352e-06,0,0,0
SITE0015,2026-05-22,7.047146373987922e-06,0,0,0
SITE0015,2026-05-23,9.910028257352465e-06,0,0,0
SITE0015,2026-05-24,6.261006820774982e-06,0,0,0
SITE0015,2026-05-25,7.0742267958122e-06,0,0,0
SITE0015,2026-05-26,7.050853192196405e-06,0,0,0
SITE0015,2026-05-27,6.392849058183189e-06,0,0,0
SITE0015,2026-05-28,7.111923974392412e-06,0,0,0
SITE0015,2026-05-29,5.871579028137248e-06,0,0,0
SITE0015,2026-05-30,6.376851689586094e-06,0,0,0
SITE0015,2026-05-31,6.9592237920279005e-06,0,0,0
SITE0015,2026-06-01,7.089533160169787e-06,0,0,0
SITE0015,2026-06-02,7.088209527169821e-06,0,0,0
SITE0015,2026-06-03,8.880731630328856e-06,0,0,0
SITE0015,2026-06-04,6.3569070615115666e-06,0,0,0
SITE0015,2026-06-05,6.711684808893858e-06,0,0,0
SITE0015,2026-06-06,6.985805875074042e-06,0,0,0
SITE0015,2026-06-07,7.095190218880678e-06,0,0,0
SITE0015,2026-06-08,8.9053817015155e-06,0,0,0
SITE0015,2026-06-09,6.912048764412157e-06,0,0,0
SITE0015,2026-06-10,7.623476149695811e-06,0,0,0
SITE0015,2026-06-11,8.011206008892782e-06,0,0,0
SITE0015,2026-06-12,6.2265909998853645e-06,0,0,0
SITE0015,2026-06-13,7.870237985672111e-06,0,0,0
SITE0015,2026-06-14,6.43196948732157e-06,0,0,0
SITE0015,2026-06-15,8.690058949323785e-06,0,0,0
SITE0015,2026-06-16,6.9858058882206405e-06,0,0,0
SITE0015,2026-06-17,7.257547749957651e-06,0,0,0
SITE0015,2026-06-18,8.697131303853415e-06,0,0,0
SITE0015,2026-06-19,6.45920042544478e-06,0,0,0
SITE0015,2026-06-20,7.492341154145405e-06,0,0,0
SITE0015,2026-06-21,6.083146939859918e-06,0,0,0
SITE0015,2026-06-22,6.045306867980232e-06,0,0,0
SITE0015,2026-06-23,7.714630956990142e-06,0,0,0
SITE0015,2026-06-24,7.12817579538598e-06,0,0,0
SITE0015,2026-06-25,6.382933712328269e-06,0,0,0
SITE0015,2026-06-26,7.055262293245625e-06,0,0,0
SITE0015,2026-06-27,6.3931712312544e-06,0,0,0
SITE0015,2026-06-28,7.043299464417212e-06,0,0,0
SITE0015,2026-06-29,7.083267193434549e-06,0,0,0
SITE0016,2026-04-01,1.734521410267774e-05,0,0,0
SITE0016,2026-04-02,1.6550407370988e-05,0,0,0
SITE0016,2026-04-03,2.7333534062992005e-05,0,0,0
SITE0016,2026-04-04,2.3223732810788025e-05,0,0,0
SITE0016,2026-04-05,1.1955987853561215e-05,0,0,0
SITE0016,2026-04-06,1.688063840615174e-05,0,0,0
SITE0016,2026-04-07,1.1786132745514264e-05,0,0,0
SITE0016,2026-04-08,9.131136445064682e-06,0,0,0
SITE0016,2026-04-09,8.534189031124854e-06,0,0,0
SITE0016,2026-04-10,7.849495542273887e-06,0,0,0
SITE0016,2026-04-11,1.2485657542441735e-05,0,0,0
SITE0016,2026-04-12,9.060720188616749e-06,0,0,0
SITE0016,2026-04-13,1.2401401199269245e-05,0,0,0
SITE0016,2026-04-14,9.573436205060492e-06,0,0,0
SITE0016,2026-04-15,8.999489361872254e-06,0,0,0
SITE0016,2026-04-16,9.168570850017992e-06,0,0,0
SITE0016,2026-04-17,1.2108638599000265e-05,0,0,0
SITE0016,2026-04-18,1.0882110708891517e-05,0,0,0
SITE0016,2026-04-19,9.22926754820754e-06,0,0,0
SITE0016,2026-04-20,9.797098323010025e-06,0,0,0
SITE0016,2026-04-21,1.1303516010900824e-05,0,0,0
SITE0016,2026-04-22,9.379546917169476e-06,0,0,0
SITE0016,2026-04-23,9.306583760661887e-06,0,0,0
SITE0016,2026-04-24,9.820133382545176e-06,0,0,0
SITE0016,2026-04-25,8.578152904191036e-06,0,0,0
SITE0016,2026-04-26,8.53268240764396e-06,0,0,0
SITE0016,2026-04-27,9.794256643451367e-06,0,0,0
SITE0016,2026-04-28,9.236097649699691e-06,0,0,0
SITE0016,2026-04-29,1.1004077019010366e-05,0,0,0
SITE0016,2026-04-30,1.1970545156076405e-05,0,0,0
SITE0016,2026-05-01,9.155672293449672e-06,0,0,0
SITE0016,2026-05-02,8.818750923933153e-06,0,0,0
SITE0016,2026-05-03,1.236014697221463e-05,0,0,0
SITE0016,2026-05-04,2.1542719608786586e-05,0,0,0
SITE0016,2026-05-05,2.4477293272297705e-05,0,0,0
SITE0016,2026-05-06,3.436485308276083e-05,0,0,0
SITE0016,2026-05-07,0.0022029937806130623,0,0,0
SITE0016,2026-05-08,0.8757894463485949,1,0,0
SITE0016,2026-05-09,0.9999389656789031,1,1,0
SITE0016,2026-05-10,0.9999443404620232,1,1,0
SITE0016,2026-05-11,0.999986730628721,1,1,0
SITE0016,2026-05-12,0.9999636275556711,1,1,0
SITE0016,2026-05-13,0.9999830189096102,1,1,0
SITE0016,2026-05-14,0.9999585953221971,1,1,0
SITE0016,2026-05-15,0.9999906293356029,1,1,0
SITE0016,2026-05-16,0.9999759308373768,1,1,0
SITE0016,2026-05-17,0.9999438268441747,1,1,0
SITE0016,2026-05-18,0.9998119649181558,1,1,0
SITE0016,2026-05-19,0.9987253558341452,1,1,0
SITE0016,2026-05-20,0.928697829275597,1,1,0
SITE0016,2026-05-21,0.7946336865160281,1,1,0
SITE0016,2026-05-22,0.4612352824796403,1,1,0
SITE0016,2026-05-23,0.6100842696369426,1,0,1
SITE0016,2026-05-24,0.000371218043516037,0,0,0
SITE0016,2026-05-25,0.000327016024372351,0,0,0
SITE0016,2026-05-26,5.4594991031806857e-05,0,0,0
SITE0016,2026-05-27,6.642675974024382e-05,0,0,0
SITE0016,2026-05-28,4.582028677880836e-05,0,0,0
SITE0016,2026-05-29,4.220875222664833e-05,0,0,0
SITE0016,2026-05-30,2.9910294565442008e-05,0,0,0
SITE0016,2026-05-31,3.3402953240435584e-05,0,0,0
SITE0016,2026-06-01,3.417847556354004e-05,0,0,0
SITE0016,2026-06-02,2.156386668916424e-05,0,0,0
SITE0016,2026-06-03,3.0791143434362156e-05,0,0,0
SITE0016,2026-06-04,2.2887794602207518e-05,0,0,0
SITE0016,2026-06-05,3.533592131477407e-05,0,0,0
SITE0016,2026-06-06,9.664892431387906e-06,0,0,0
SITE0016,2026-06-07,1.0405154121551595e-05,0,0,0
SITE0016,2026-06-08,1.053019844739551e-05,0,0,0
SITE0016,2026-06-09,1.0661001111358157e-05,0,0,0
SITE0016,2026-06-10,9.820086739254887e-06,0,0,0
SITE0016,2026-06-11,9.100844012897775e-06,0,0,0
SITE0016,2026-06-12,9.205638656229002e-06,0,0,0
SITE0016,2026-06-13,1.054081221022186e-05,0,0,0
SITE0016,2026-06-14,1.0296378046161781e-05,0,0,0
SITE0016,2026-06-15,9.154914686211673e-06,0,0,0
SITE0016,2026-06-16,8.891237720418271e-06,0,0,0
SITE0016,2026-06-17,9.035168794888766e-06,0,0,0
SITE0016,2026-06-18,1.3991779823307442e-05,0,0,0
SITE0016,2026-06-19,8.922306190931759e-06,0,0,0
SITE0016,2026-06-20,8.475275426864414e-06,0,0,0
SITE0016,2026-06-21,8.86745217699326e-06,0,0,0
SITE0016,2026-06-22,9.412639384854805e-06,0,0,0
SITE0016,2026-06-23,7.937873652760296e-06,0,0,0
SITE0016,2026-06-24,1.1261214421939423e-05,0,0,0
SITE0016,2026-06-25,8.855884132247776e-06,0,0,0
SITE0016,2026-06-26,1.1704551045042597e-05,0,0,0
SITE0016,2026-06-27,9.388155718180216e-06,0,0,0
SITE0016,2026-06-28,7.721343513402097e-06,0,0,0
SITE0016,2026-06-29,9.352815415549867e-06,0,0,0
SITE0017,2026-04-01,7.173736858992151e-06,0,0,0
SITE0017,2026-04-02,5.722024725823986e-06,0,0,0
SITE0017,2026-04-03,5.301096866373203e-06,0,0,0
SITE0017,2026-04-04,6.40737393378408e-06,0,0,0
SITE0017,2026-04-05,7.612675997682522e-06,0,0,0
SITE0017,2026-04-06,7.700182478062765e-06,0,0,0
SITE0017,2026-04-07,7.676597745075407e-06,0,0,0
SITE0017,2026-04-08,9.038725171940902e-06,0,0,0
SITE0017,2026-04-09,7.453015372182848e-06,0,0,0
SITE0017,2026-04-10,6.213323091467473e-06,0,0,0
SITE0017,2026-04-11,5.568401895194769e-06,0,0,0
SITE0017,2026-04-12,5.307780364567877e-06,0,0,0
SITE0017,2026-04-13,6.1654751129530595e-06,0,0,0
SITE0017,2026-04-14,6.346677635096427e-06,0,0,0
SITE0017,2026-04-15,2.2945321647959265e-05,0,0,0
SITE0017,2026-04-16,6.09925358463582e-06,0,0,0
SITE0017,2026-04-17,5.592435590677397e-06,0,0,0
SITE0017,2026-04-18,5.3665851712734765e-06,0,0,0
SITE0017,2026-04-19,7.897821111847341e-06,0,0,0
SITE0017,2026-04-20,5.451517668972202e-06,0,0,0
SITE0017,2026-04-21,7.521971160360028e-06,0,0,0
SITE0017,2026-04-22,5.431294140180494e-06,0,0,0
SITE0017,2026-04-23,5.68698749314288e-06,0,0,0
SITE0017,2026-04-24,5.469574054953449e-06,0,0,0
SITE0017,2026-04-25,7.30591476584161e-06,0,0,0
SITE0017,2026-04-26,6.0942930534102625e-06,0,0,0
SITE0017,2026-04-27,4.829486464427471e-06,0,0,0
SITE0017,2026-04-28,6.900886735755825e-06,0,0,0
SITE0017,2026-04-29,8.132978199836087e-06,0,0,0
SITE0017,2026-04-30,7.460643340836542e-06,0,0,0
SITE0017,2026-05-01,8.91375742469431e-06,0,0,0
SITE0017,2026-05-02,8.983227863592094e-06,0,0,0
SITE0017,2026-05-03,7.67008413465251e-06,0,0,0
SITE0017,2026-05-04,7.605490935751734e-06,0,0,0
SITE0017,2026-05-05,6.934818982208013e-06,0,0,0
SITE0017,2026-05-06,9.578718699297553e-06,0,0,0
SITE0017,2026-05-07,9.416952109208195e-06,0,0,0
SITE0017,2026-05-08,1.3109129319504113e-05,0,0,0
SITE0017,2026-05-09,7.557767147217284e-06,0,0,0
SITE0017,2026-05-10,7.92370399550028e-06,0,0,0
SITE0017,2026-05-11,7.835388744675743e-06,0,0,0
SITE0017,2026-05-12,8.357099672800502e-06,0,0,0
SITE0017,2026-05-13,8.3699871023568e-06,0,0,0
SITE0017,2026-05-14,7.348282276501365e-06,0,0,0
SITE0017,2026-05-15,1.0486453596375137e-05,0,0,0
SITE0017,2026-05-16,9.056834954825885e-06,0,0,0
SITE0017,2026-05-17,9.483610437992495e-06,0,0,0
SITE0017,2026-05-18,5.961139546526209e-06,0,0,0
SITE0017,2026-05-19,7.241822478082613e-06,0,0,0
SITE0017,2026-05-20,6.424368382197825e-06,0,0,0
SITE0017,2026-05-21,7.952192009726714e-06,0,0,0
SITE0017,2026-05-22,8.111311974617207e-06,0,0,0
SITE0017,2026-05-23,6.655685103422949e-06,0,0,0
SITE0017,2026-05-24,5.47047288902638e-06,0,0,0
SITE0017,2026-05-25,6.544398272391311e-06,0,0,0
SITE0017,2026-05-26,6.664872498437698e-06,0,0,0
SITE0017,2026-05-27,7.406143698601826e-06,0,0,0
SITE0017,2026-05-28,5.427084875028371e-06,0,0,0
SITE0017,2026-05-29,6.599550699273073e-06,0,0,0
SITE0017,2026-05-30,8.922660895523946e-06,0,0,0
SITE0017,2026-05-31,7.078832106501834e-06,0,0,0
SITE0017,2026-06-01,5.784455750368027e-06,0,0,0
SITE0017,2026-06-02,6.388688019688501e-06,0,0,0
SITE0017,2026-06-03,1.1545412846450076e-05,0,0,0
SITE0017,2026-06-04,5.439130149607606e-06,0,0,0
SITE0017,2026-06-05,7.288597421041337e-06,0,0,0
SITE0017,2026-06-06,7.090670284606723e-06,0,0,0
SITE0017,2026-06-07,7.811142016359564e-06,0,0,0
SITE0017,2026-06-08,6.878820977852458e-06,0,0,0
SITE0017,2026-06-09,7.974110356475137e-06,0,0,0
SITE0017,2026-06-10,9.607755625853824e-06,0,0,0
SITE0017,2026-06-11,7.1913263773733776e-06,0,0,0
SITE0017,2026-06-12,1.0506514443018293e-05,0,0,0
SITE0017,2026-06-13,8.410831732023185e-06,0,0,0
SITE0017,2026-06-14,7.247288133035893e-06,0,0,0
SITE0017,2026-06-15,8.20245285847032e-06,0,0,0
SITE0017,2026-06-16,5.2716071268076166e-06,0,0,0
SITE0017,2026-06-17,5.683084291062948e-06,0,0,0
SITE0017,2026-06-18,6.873569450548844e-06,0,0,0
SITE0017,2026-06-19,6.5141831015065696e-06,0,0,0
SITE0017,2026-06-20,5.4318371912080035e-06,0,0,0
SITE0017,2026-06-21,7.2044367619362245e-06,0,0,0
SITE0017,2026-06-22,9.781669108946516e-06,0,0,0
SITE0017,2026-06-23,1.0951024410230296e-05,0,0,0
SITE0017,2026-06-24,8.899247641377911e-06,0,0,0
SITE0017,2026-06-25,7.305835936686524e-06,0,0,0
SITE0017,2026-06-26,6.765326186812037e-06,0,0,0
SITE0017,2026-06-27,7.659449213115106e-06,0,0,0
SITE0017,2026-06-28,7.544452550034528e-06,0,0,0
SITE0017,2026-06-29,6.9168313237552855e-06,0,0,0
SITE0018,2026-04-01,9.961992815215537e-06,0,0,0
SITE0018,2026-04-02,7.717897986615427e-06,0,0,0
SITE0018,2026-04-03,7.928734320447504e-06,0,0,0
SITE0018,2026-04-04,1.2969819867894889e-05,0,0,0
SITE0018,2026-04-05,7.771221755150098e-06,0,0,0
SITE0018,2026-04-06,7.5645291185530245e-06,0,0,0
SITE0018,2026-04-07,8.219476431938913e-06,0,0,0
SITE0018,2026-04-08,7.9857669967792e-06,0,0,0
SITE0018,2026-04-09,6.892595883118166e-06,0,0,0
SITE0018,2026-04-10,7.365466562350762e-06,0,0,0
SITE0018,2026-04-11,7.039092059871747e-06,0,0,0
SITE0018,2026-04-12,7.463062748914109e-06,0,0,0
SITE0018,2026-04-13,8.008095360397564e-06,0,0,0
SITE0018,2026-04-14,7.244483204262257e-06,0,0,0
SITE0018,2026-04-15,7.962217740826992e-06,0,0,0
SITE0018,2026-04-16,1.3073025391529225e-05,0,0,0
SITE0018,2026-04-17,6.675067794428767e-06,0,0,0
SITE0018,2026-04-18,7.555799147090967e-06,0,0,0
SITE0018,2026-04-19,7.393881919336607e-06,0,0,0
SITE0018,2026-04-20,7.858926476891374e-06,0,0,0
SITE0018,2026-04-21,9.591470177643383e-06,0,0,0
SITE0018,2026-04-22,7.039420293498637e-06,0,0,0
SITE0018,2026-04-23,9.038072565175154e-06,0,0,0
SITE0018,2026-04-24,1.1698121434401773e-05,0,0,0
SITE0018,2026-04-25,9.003370784969405e-06,0,0,0
SITE0018,2026-04-26,8.443618947863032e-06,0,0,0
SITE0018,2026-04-27,8.040512577939316e-06,0,0,0
SITE0018,2026-04-28,7.357111884374435e-06,0,0,0
SITE0018,2026-04-29,7.5675652985414195e-06,0,0,0
SITE0018,2026-04-30,1.685830966031828e-05,0,0,0
SITE0018,2026-05-01,7.265773756976773e-06,0,0,0
SITE0018,2026-05-02,7.567455683983887e-06,0,0,0
SITE0018,2026-05-03,7.310495884432783e-06,0,0,0
SITE0018,2026-05-04,7.864043984116894e-06,0,0,0
SITE0018,2026-05-05,8.03761938663621e-06,0,0,0
SITE0018,2026-05-06,7.165142912625816e-06,0,0,0
SITE0018,2026-05-07,1.4614677786315052e-05,0,0,0
SITE0018,2026-05-08,8.247192283473206e-06,0,0,0
SITE0018,2026-05-09,8.722719309530819e-06,0,0,0
SITE0018,2026-05-10,6.907336097628392e-06,0,0,0
SITE0018,2026-05-11,8.060482581968944e-06,0,0,0
SITE0018,2026-05-12,7.813388013244696e-06,0,0,0
SITE0018,2026-05-13,8.061359364884577e-06,0,0,0
SITE0018,2026-05-14,7.176027325614439e-06,0,0,0
SITE0018,2026-05-15,1.860715833367208e-05,0,0,0
SITE0018,2026-05-16,7.923188580959349e-06,0,0,0
SITE0018,2026-05-17,8.33059998874132e-06,0,0,0
SITE0018,2026-05-18,7.788887081692752e-06,0,0,0
SITE0018,2026-05-19,8.509715862906372e-06,0,0,0
SITE0018,2026-05-20,8.814278374820605e-06,0,0,0
SITE0018,2026-05-21,7.459443374736991e-06,0,0,0
SITE0018,2026-05-22,8.553571429435363e-06,0,0,0
SITE0018,2026-05-23,7.728637981283574e-06,0,0,0
SITE0018,2026-05-24,5.941511373744445e-06,0,0,0
SITE0018,2026-05-25,8.043212190420758e-06,0,0,0
SITE0018,2026-05-26,7.518369684269308e-06,0,0,0
SITE0018,2026-05-27,7.465609165673192e-06,0,0,0
SITE0018,2026-05-28,6.1743867347691255e-06,0,0,0
SITE0018,2026-05-29,7.432531010054984e-06,0,0,0
SITE0018,2026-05-30,1.4370765874075115e-05,0,0,0
SITE0018,2026-05-31,7.1455799489193945e-06,0,0,0
SITE0018,2026-06-01,8.011081952577933e-06,0,0,0
SITE0018,2026-06-02,8.186363917502731e-06,0,0,0
SITE0018,2026-06-03,7.828399924385522e-06,0,0,0
SITE0018,2026-06-04,6.029789447452608e-06,0,0,0
SITE0018,2026-06-05,9.274236598992126e-06,0,0,0
SITE0018,2026-06-06,1.205445112494642e-05,0,0,0
SITE0018,2026-06-07,8.779606234475242e-06,0,0,0
SITE0018,2026-06-08,7.737183048811246e-06,0,0,0
SITE0018,2026-06-09,7.958458404720665e-06,0,0,0
SITE0018,2026-06-10,7.961690565468346e-06,0,0,0
SITE0018,2026-06-11,8.240431151489764e-06,0,0,0
SITE0018,2026-06-12,8.108822139879618e-06,0,0,0
SITE0018,2026-06-13,8.238814676829603e-06,0,0,0
SITE0018,2026-06-14,7.501339107497521e-06,0,0,0
SITE0018,2026-06-15,7.716521136048942e-06,0,0,0
SITE0018,2026-06-16,8.250163784967047e-06,0,0,0
SITE0018,2026-06-17,8.44080735321564e-06,0,0,0
SITE0018,2026-06-18,7.781775447496087e-06,0,0,0
SITE0018,2026-06-19,7.67052681807185e-06,0,0,0
SITE0018,2026-06-20,8.178967862048955e-06,0,0,0
SITE0018,2026-06-21,7.899101681630728e-06,0,0,0
SITE0018,2026-06-22,7.855956899907246e-06,0,0,0
SITE0018,2026-06-23,7.57614721269767e-06,0,0,0
SITE0018,2026-06-24,7.565728120576903e-06,0,0,0
SITE0018,2026-06-25,1.3807710114964874e-05,0,0,0
SITE0018,2026-06-26,7.830589622887308e-06,0,0,0
SITE0018,2026-06-27,8.394834171035259e-06,0,0,0
SITE0018,2026-06-28,8.215934836395496e-06,0,0,0
SITE0018,2026-06-29,7.321354507299201e-06,0,0,0
SITE0019,2026-04-01,8.68395972038264e-06,0,0,0
SITE0019,2026-04-02,8.891854760927326e-06,0,0,0
SITE0019,2026-04-03,9.432114025919383e-06,0,0,0
SITE0019,2026-04-04,1.2431325455786392e-05,0,0,0
SITE0019,2026-04-05,9.121276623203667e-06,0,0,0
SITE0019,2026-04-06,9.582720119352663e-06,0,0,0
SITE0019,2026-04-07,1.0333004074228525e-05,0,0,0
SITE0019,2026-04-08,1.0497030012350022e-05,0,0,0
SITE0019,2026-04-09,1.0894662929950451e-05,0,0,0
SITE0019,2026-04-10,8.246893832693145e-06,0,0,0
SITE0019,2026-04-11,8.433711571090291e-06,0,0,0
SITE0019,2026-04-12,8.240124905274462e-06,0,0,0
SITE0019,2026-04-13,8.113504846623084e-06,0,0,0
SITE0019,2026-04-14,1.0315490390236043e-05,0,0,0
SITE0019,2026-04-15,9.615726787303766e-06,0,0,0
SITE0019,2026-04-16,1.2763178693333786e-05,0,0,0
SITE0019,2026-04-17,9.776949915452879e-06,0,0,0
SITE0019,2026-04-18,9.798555718589784e-06,0,0,0
SITE0019,2026-04-19,9.129679461077487e-06,0,0,0
SITE0019,2026-04-20,9.428710949544384e-06,0,0,0
SITE0019,2026-04-21,8.135191572226667e-06,0,0,0
SITE0019,2026-04-22,8.166361057113655e-06,0,0,0
SITE0019,2026-04-23,9.247620410729438e-06,0,0,0
SITE0019,2026-04-24,9.569486754836185e-06,0,0,0
SITE0019,2026-04-25,9.2671178682813e-06,0,0,0
SITE0019,2026-04-26,8.334513123622553e-06,0,0,0
SITE0019,2026-04-27,7.460059137222923e-06,0,0,0
SITE0019,2026-04-28,9.066392915219325e-06,0,0,0
SITE0019,2026-04-29,8.54410806980114e-06,0,0,0
SITE0019,2026-04-30,7.753610789708118e-06,0,0,0
SITE0019,2026-05-01,8.275564951908158e-06,0,0,0
SITE0019,2026-05-02,7.274678240404451e-06,0,0,0
SITE0019,2026-05-03,1.2354279396177891e-05,0,0,0
SITE0019,2026-05-04,7.678551302101145e-06,0,0,0
SITE0019,2026-05-05,8.02228998503947e-06,0,0,0
SITE0019,2026-05-06,8.952730330777378e-06,0,0,0
SITE0019,2026-05-07,8.94900143151868e-06,0,0,0
SITE0019,2026-05-08,9.864704497673947e-06,0,0,0
SITE0019,2026-05-09,7.807077174509698e-06,0,0,0
SITE0019,2026-05-10,7.009228762300313e-06,0,0,0
SITE0019,2026-05-11,7.814852266115979e-06,0,0,0
SITE0019,2026-05-12,8.778838337455467e-06,0,0,0
SITE0019,2026-05-13,8.540090522237133e-06,0,0,0
SITE0019,2026-05-14,1.3966970196627857e-05,0,0,0
SITE0019,2026-05-15,8.859718675666009e-06,0,0,0
SITE0019,2026-05-16,8.483856532630805e-06,0,0,0
SITE0019,2026-05-17,1.0080167271874803e-05,0,0,0
SITE0019,2026-05-18,1.0461202645520273e-05,0,0,0
SITE0019,2026-05-19,9.6185020756479e-06,0,0,0
SITE0019,2026-05-20,9.833613551699278e-06,0,0,0
SITE0019,2026-05-21,9.014958813958575e-06,0,0,0
SITE0019,2026-05-22,1.0126624216249649e-05,0,0,0
SITE0019,2026-05-23,9.36493581044427e-06,0,0,0
SITE0019,2026-05-24,9.364388895609098e-06,0,0,0
SITE0019,2026-05-25,1.1041057564312165e-05,0,0,0
SITE0019,2026-05-26,1.151469680609753e-05,0,0,0
SITE0019,2026-05-27,1.1351749760207297e-05,0,0,0
SITE0019,2026-05-28,9.221176644693578e-06,0,0,0
SITE0019,2026-05-29,1.0676822921107941e-05,0,0,0
SITE0019,2026-05-30,8.994504452518015e-06,0,0,0
SITE0019,2026-05-31,1.0641311766937033e-05,0,0,0
SITE0019,2026-06-01,9.51695365534459e-06,0,0,0
SITE0019,2026-06-02,1.04858463392752e-05,0,0,0
SITE0019,2026-06-03,8.155681225558188e-06,0,0,0
SITE0019,2026-06-04,7.0498770130016386e-06,0,0,0
SITE0019,2026-06-05,9.948858852867643e-06,0,0,0
SITE0019,2026-06-06,1.1794867568275381e-05,0,0,0
SITE0019,2026-06-07,7.709538392703392e-06,0,0,0
SITE0019,2026-06-08,9.028867489956009e-06,0,0,0
SITE0019,2026-06-09,8.965384760292118e-06,0,0,0
SITE0019,2026-06-10,1.0675604417605928e-05,0,0,0
SITE0019,2026-06-11,1.1183235639759097e-05,0,0,0
SITE0019,2026-06-12,8.876475438083662e-06,0,0,0
SITE0019,2026-06-13,9.634871529177544e-06,0,0,0
SITE0019,2026-06-14,9.978529911527942e-06,0,0,0
SITE0019,2026-06-15,1.0278730661967272e-05,0,0,0
SITE0019,2026-06-16,1.0966030101107455e-05,0,0,0
SITE0019,2026-06-17,1.0332042633045037e-05,0,0,0
SITE0019,2026-06-18,1.2652536248747644e-05,0,0,0
SITE0019,2026-06-19,1.0645588888302609e-05,0,0,0
SITE0019,2026-06-20,9.089692798281942e-06,0,0,0
SITE0019,2026-06-21,9.925032812783172e-06,0,0,0
SITE0019,2026-06-22,9.599842765688098e-06,0,0,0
SITE0019,2026-06-23,9.55121447261592e-06,0,0,0
SITE0019,2026-06-24,9.764463786138481e-06,0,0,0
SITE0019,2026-06-25,9.403474993645837e-06,0,0,0
SITE0019,2026-06-26,9.304733220006218e-06,0,0,0
SITE0019,2026-06-27,7.994802412895349e-06,0,0,0
SITE0019,2026-06-28,9.261318364774586e-06,0,0,0
SITE0019,2026-06-29,7.9461687275637e-06,0,0,0
SITE0020,2026-04-01,1.0520763172435843e-05,0,0,0
SITE0020,2026-04-02,1.2583070449774203e-05,0,0,0
SITE0020,2026-04-03,8.894712649782795e-06,0,0,0
SITE0020,2026-04-04,9.058954154117757e-06,0,0,0
SITE0020,2026-04-05,8.337154332299539e-06,0,0,0
SITE0020,2026-04-06,8.749882038290228e-06,0,0,0
SITE0020,2026-04-07,9.155811782304781e-06,0,0,0
SITE0020,2026-04-08,1.0394712556452269e-05,0,0,0
SITE0020,2026-04-09,9.846282662703921e-06,0,0,0
SITE0020,2026-04-10,1.6517300268096033e-05,0,0,0
SITE0020,2026-04-11,9.907664307027097e-06,0,0,0
SITE0020,2026-04-12,1.014090100166543e-05,0,0,0
SITE0020,2026-04-13,9.905037876015662e-06,0,0,0
SITE0020,2026-04-14,1.0463117560471174e-05,0,0,0
SITE0020,2026-04-15,1.0603514168138635e-05,0,0,0
SITE0020,2026-04-16,9.980324926180642e-06,0,0,0
SITE0020,2026-04-17,1.018432441274304e-05,0,0,0
SITE0020,2026-04-18,1.0543007293043785e-05,0,0,0
SITE0020,2026-04-19,1.0180203822706833e-05,0,0,0
SITE0020,2026-04-20,8.773383788686528e-06,0,0,0
SITE0020,2026-04-21,1.064211900737473e-05,0,0,0
SITE0020,2026-04-22,1.0326175996600502e-05,0,0,0
SITE0020,2026-04-23,9.252109498469523e-06,0,0,0
SITE0020,2026-04-24,1.033477627474669e-05,0,0,0
SITE0020,2026-04-25,1.0901693003185938e-05,0,0,0
SITE0020,2026-04-26,1.0537566734900872e-05,0,0,0
SITE0020,2026-04-27,9.659209379503715e-06,0,0,0
SITE0020,2026-04-28,9.850623588873449e-06,0,0,0
SITE0020,2026-04-29,4.441879413000518e-05,0,0,0
SITE0020,2026-04-30,1.0464850373560482e-05,0,0,0
SITE0020,2026-05-01,9.38610637646672e-06,0,0,0
SITE0020,2026-05-02,9.208541245353038e-06,0,0,0
SITE0020,2026-05-03,9.595169185032707e-06,0,0,0
SITE0020,2026-05-04,9.239498125113962e-06,0,0,0
SITE0020,2026-05-05,1.1147648365951196e-05,0,0,0
SITE0020,2026-05-06,1.0567529525986743e-05,0,0,0
SITE0020,2026-05-07,1.1094244774262382e-05,0,0,0
SITE0020,2026-05-08,1.2535195454563885e-05,0,0,0
SITE0020,2026-05-09,1.1019091424702838e-05,0,0,0
SITE0020,2026-05-10,9.956281341927241e-06,0,0,0
SITE0020,2026-05-11,9.94889645354726e-06,0,0,0
SITE0020,2026-05-12,9.94699338483532e-06,0,0,0
SITE0020,2026-05-13,1.048348507119779e-05,0,0,0
SITE0020,2026-05-14,1.0236489915326684e-05,0,0,0
SITE0020,2026-05-15,1.0235007092083119e-05,0,0,0
SITE0020,2026-05-16,1.0216506805708574e-05,0,0,0
SITE0020,2026-05-17,8.051906539097263e-05,0,0,0
SITE0020,2026-05-18,9.978939169567055e-06,0,0,0
SITE0020,2026-05-19,1.0520257122109465e-05,0,0,0
SITE0020,2026-05-20,9.92404745299626e-06,0,0,0
SITE0020,2026-05-21,1.8028535662902466e-05,0,0,0
SITE0020,2026-05-22,1.0545553935799374e-05,0,0,0
SITE0020,2026-05-23,1.0182419357481537e-05,0,0,0
SITE0020,2026-05-24,9.63338608870055e-06,0,0,0
SITE0020,2026-05-25,9.133258925788015e-06,0,0,0
SITE0020,2026-05-26,8.949762682752274e-06,0,0,0
SITE0020,2026-05-27,9.521192397924277e-06,0,0,0
SITE0020,2026-05-28,9.095193031239276e-06,0,0,0
SITE0020,2026-05-29,8.73154605802055e-06,0,0,0
SITE0020,2026-05-30,1.1642561250906195e-05,0,0,0
SITE0020,2026-05-31,1.1630761527165441e-05,0,0,0
SITE0020,2026-06-01,1.0639168476396373e-05,0,0,0
SITE0020,2026-06-02,9.10020057265468e-06,0,0,0
SITE0020,2026-06-03,9.383669698150508e-06,0,0,0
SITE0020,2026-06-04,9.447794265145268e-06,0,0,0
SITE0020,2026-06-05,8.838552963499812e-06,0,0,0
SITE0020,2026-06-06,9.451241609182834e-06,0,0,0
SITE0020,2026-06-07,1.014347959004615e-05,0,0,0
SITE0020,2026-06-08,1.0141636002082083e-05,0,0,0
SITE0020,2026-06-09,1.0195869367941688e-05,0,0,0
SITE0020,2026-06-10,1.0144084511728068e-05,0,0,0
SITE0020,2026-06-11,9.601360557272768e-06,0,0,0
SITE0020,2026-06-12,8.4670937359923e-06,0,0,0
SITE0020,2026-06-13,9.598144080312822e-06,0,0,0
SITE0020,2026-06-14,1.0631975533225134e-05,0,0,0
SITE0020,2026-06-15,1.0140141129677827e-05,0,0,0
SITE0020,2026-06-16,8.690222897519867e-06,0,0,0
SITE0020,2026-06-17,9.595170167972714e-06,0,0,0
SITE0020,2026-06-18,8.944504211641681e-06,0,0,0
SITE0020,2026-06-19,1.0029475608708186e-05,0,0,0
SITE0020,2026-06-20,9.536226684579312e-06,0,0,0
SITE0020,2026-06-21,1.2834526499807356e-05,0,0,0
SITE0020,2026-06-22,9.903968516951971e-06,0,0,0
SITE0020,2026-06-23,1.0140788742276781e-05,0,0,0
SITE0020,2026-06-24,9.655025943531972e-06,0,0,0
SITE0020,2026-06-25,1.0531241961098648e-05,0,0,0
SITE0020,2026-06-26,1.0654905054023804e-05,0,0,0
SITE0020,2026-06-27,1.0466780263982371e-05,0,0,0
SITE0020,2026-06-28,9.84779078093088e-06,0,0,0
SITE0020,2026-06-29,1.0467946294312463e-05,0,0,0
SITE0021,2026-04-01,2.7621380699472437e-05,0,0,0
SITE0021,2026-04-02,1.966105072195291e-05,0,0,0
SITE0021,2026-04-03,1.942170105319851e-05,0,0,0
SITE0021,2026-04-04,2.169435603932469e-05,0,0,0
SITE0021,2026-04-05,1.3141230206760037e-05,0,0,0
SITE0021,2026-04-06,2.144001951897181e-05,0,0,0
SITE0021,2026-04-07,9.343739312850708e-06,0,0,0
SITE0021,2026-04-08,9.81689888838111e-06,0,0,0
SITE0021,2026-04-09,1.0046165447092722e-05,0,0,0
SITE0021,2026-04-10,1.2132981740061726e-05,0,0,0
SITE0021,2026-04-11,9.697030132144344e-06,0,0,0
SITE0021,2026-04-12,1.4123271446699669e-05,0,0,0
SITE0021,2026-04-13,1.072221653339432e-05,0,0,0
SITE0021,2026-04-14,1.2460825336992943e-05,0,0,0
SITE0021,2026-04-15,9.705231257951788e-06,0,0,0
SITE0021,2026-04-16,1.2506017043288769e-05,0,0,0
SITE0021,2026-04-17,1.0227502841467248e-05,0,0,0
SITE0021,2026-04-18,9.597478116422624e-06,0,0,0
SITE0021,2026-04-19,9.48935061375229e-06,0,0,0
SITE0021,2026-04-20,1.0452854061572492e-05,0,0,0
SITE0021,2026-04-21,1.2079744335625685e-05,0,0,0
SITE0021,2026-04-22,1.2514003394235262e-05,0,0,0
SITE0021,2026-04-23,1.1908060216446338e-05,0,0,0
SITE0021,2026-04-24,8.733139102053438e-06,0,0,0
SITE0021,2026-04-25,9.251721804902657e-06,0,0,0
SITE0021,2026-04-26,9.985543584671923e-06,0,0,0
SITE0021,2026-04-27,1.0266765561156841e-05,0,0,0
SITE0021,2026-04-28,1.1607386030961495e-05,0,0,0
SITE0021,2026-04-29,1.0323902655551012e-05,0,0,0
SITE0021,2026-04-30,1.403228376132372e-05,0,0,0
SITE0021,2026-05-01,9.897614856397081e-06,0,0,0
SITE0021,2026-05-02,1.1403056031551665e-05,0,0,0
SITE0021,2026-05-03,9.337970372679507e-06,0,0,0
SITE0021,2026-05-04,9.066561434954507e-06,0,0,0
SITE0021,2026-05-05,1.2511282722237483e-05,0,0,0
SITE0021,2026-05-06,1.1033776561755673e-05,0,0,0
SITE0021,2026-05-07,1.1137483454370889e-05,0,0,0
SITE0021,2026-05-08,9.827685292980785e-06,0,0,0
SITE0021,2026-05-09,1.2510374467966095e-05,0,0,0
SITE0021,2026-05-10,9.844071333081768e-06,0,0,0
SITE0021,2026-05-11,1.0109120731780531e-05,0,0,0
SITE0021,2026-05-12,9.321419384580751e-06,0,0,0
SITE0021,2026-05-13,8.563107730066242e-06,0,0,0
SITE0021,2026-05-14,1.312917430740165e-05,0,0,0
SITE0021,2026-05-15,1.4280248239370705e-05,0,0,0
SITE0021,2026-05-16,8.865100409906429e-06,0,0,0
SITE0021,2026-05-17,9.139966524537712e-06,0,0,0
SITE0021,2026-05-18,1.1848008291923464e-05,0,0,0
SITE0021,2026-05-19,1.2488274748288219e-05,0,0,0
SITE0021,2026-05-20,1.0242792628743827e-05,0,0,0
SITE0021,2026-05-21,1.0320733733448214e-05,0,0,0
SITE0021,2026-05-22,9.10503979940822e-06,0,0,0
SITE0021,2026-05-23,1.0499142194253497e-05,0,0,0
SITE0021,2026-05-24,9.184533374462756e-06,0,0,0
SITE0021,2026-05-25,1.0550009655596585e-05,0,0,0
SITE0021,2026-05-26,1.2662065362388477e-05,0,0,0
SITE0021,2026-05-27,9.299531797710969e-06,0,0,0
SITE0021,2026-05-28,9.151758466034507e-06,0,0,0
SITE0021,2026-05-29,9.482202977642996e-06,0,0,0
SITE0021,2026-05-30,1.4135956514038578e-05,0,0,0
SITE0021,2026-05-31,1.1252847295754525e-05,0,0,0
SITE0021,2026-06-01,9.442434166085728e-06,0,0,0
SITE0021,2026-06-02,8.853862452278837e-06,0,0,0
SITE0021,2026-06-03,9.818116424981768e-06,0,0,0
SITE0021,2026-06-04,1.2906221666067685e-05,0,0,0
SITE0021,2026-06-05,9.73368210192542e-06,0,0,0
SITE0021,2026-06-06,9.68211509131937e-06,0,0,0
SITE0021,2026-06-07,1.106879430612949e-05,0,0,0
SITE0021,2026-06-08,1.0938144386105122e-05,0,0,0
SITE0021,2026-06-09,1.20139351321732e-05,0,0,0
SITE0021,2026-06-10,1.260613013689083e-05,0,0,0
SITE0021,2026-06-11,1.085144346047303e-05,0,0,0
SITE0021,2026-06-12,1.2340034275408484e-05,0,0,0
SITE0021,2026-06-13,1.036494370679036e-05,0,0,0
SITE0021,2026-06-14,9.652796700629681e-06,0,0,0
SITE0021,2026-06-15,1.0372548796739465e-05,0,0,0
SITE0021,2026-06-16,9.982958297047334e-06,0,0,0
SITE0021,2026-06-17,9.628267356017164e-06,0,0,0
SITE0021,2026-06-18,9.676357405885586e-06,0,0,0
SITE0021,2026-06-19,1.0253012491907687e-05,0,0,0
SITE0021,2026-06-20,1.1442939098181093e-05,0,0,0
SITE0021,2026-06-21,1.3088685780379299e-05,0,0,0
SITE0021,2026-06-22,8.84478969896786e-06,0,0,0
SITE0021,2026-06-23,8.885202005614498e-06,0,0,0
SITE0021,2026-06-24,8.91604883778574e-06,0,0,0
SITE0021,2026-06-25,1.3683448106125496e-05,0,0,0
SITE0021,2026-06-26,9.51302131590805e-06,0,0,0
SITE0021,2026-06-27,1.1292879452713934e-05,0,0,0
SITE0021,2026-06-28,9.713539729202266e-06,0,0,0
SITE0021,2026-06-29,1.5129259875367497e-05,0,0,0
SITE0022,2026-04-01,9.997468187727425e-06,0,0,0
SITE0022,2026-04-02,9.022980540486889e-06,0,0,0
SITE0022,2026-04-03,7.548441276606014e-06,0,0,0
SITE0022,2026-04-04,8.574209544980646e-06,0,0,0
SITE0022,2026-04-05,7.54769776379081e-06,0,0,0
SITE0022,2026-04-06,1.3830674535898349e-05,0,0,0
SITE0022,2026-04-07,9.642751238684189e-06,0,0,0
SITE0022,2026-04-08,8.712728371873472e-06,0,0,0
SITE0022,2026-04-09,1.0652951289686796e-05,0,0,0
SITE0022,2026-04-10,1.1619437132171574e-05,0,0,0
SITE0022,2026-04-11,1.0502974495346804e-05,0,0,0
SITE0022,2026-04-12,7.646451769449718e-06,0,0,0
SITE0022,2026-04-13,6.17696821919921e-06,0,0,0
SITE0022,2026-04-14,6.489099324726306e-06,0,0,0
SITE0022,2026-04-15,7.672466541977792e-06,0,0,0
SITE0022,2026-04-16,8.59749833894088e-06,0,0,0
SITE0022,2026-04-17,9.352304255072413e-06,0,0,0
SITE0022,2026-04-18,8.053082157848513e-06,0,0,0
SITE0022,2026-04-19,1.1031562520604475e-05,0,0,0
SITE0022,2026-04-20,8.733882793312214e-06,0,0,0
SITE0022,2026-04-21,8.943453656237822e-06,0,0,0
SITE0022,2026-04-22,9.192023575704365e-06,0,0,0
SITE0022,2026-04-23,1.0408146638687512e-05,0,0,0
SITE0022,2026-04-24,6.725730749269368e-06,0,0,0
SITE0022,2026-04-25,9.826839500835254e-06,0,0,0
SITE0022,2026-04-26,5.37083670864135e-06,0,0,0
SITE0022,2026-04-27,5.202477798473712e-06,0,0,0
SITE0022,2026-04-28,8.604316270425999e-06,0,0,0
SITE0022,2026-04-29,8.559408382452018e-06,0,0,0
SITE0022,2026-04-30,8.353729060022185e-06,0,0,0
SITE0022,2026-05-01,8.072111291539796e-06,0,0,0
SITE0022,2026-05-02,6.511596138267931e-06,0,0,0
SITE0022,2026-05-03,6.379960981810321e-06,0,0,0
SITE0022,2026-05-04,7.075478278231662e-06,0,0,0
SITE0022,2026-05-05,5.870188033871819e-06,0,0,0
SITE0022,2026-05-06,8.733128143582282e-06,0,0,0
SITE0022,2026-05-07,9.648040549579322e-06,0,0,0
SITE0022,2026-05-08,9.896805423946289e-06,0,0,0
SITE0022,2026-05-09,6.744506450658917e-06,0,0,0
SITE0022,2026-05-10,1.1021452317505087e-05,0,0,0
SITE0022,2026-05-11,9.04016509613503e-06,0,0,0
SITE0022,2026-05-12,8.3990087337651e-06,0,0,0
SITE0022,2026-05-13,8.868982158636046e-06,0,0,0
SITE0022,2026-05-14,9.740324199951175e-06,0,0,0
SITE0022,2026-05-15,1.2557366277119737e-05,0,0,0
SITE0022,2026-05-16,1.0051847413780097e-05,0,0,0
SITE0022,2026-05-17,9.462429089904489e-06,0,0,0
SITE0022,2026-05-18,5.19978880061868e-06,0,0,0
SITE0022,2026-05-19,6.455532174297083e-06,0,0,0
SITE0022,2026-05-20,7.140991395333683e-06,0,0,0
SITE0022,2026-05-21,1.5592355607578593e-05,0,0,0
SITE0022,2026-05-22,8.61271360419135e-06,0,0,0
SITE0022,2026-05-23,7.79249418737748e-06,0,0,0
SITE0022,2026-05-24,7.793898804993006e-06,0,0,0
SITE0022,2026-05-25,1.1119021925422452e-05,0,0,0
SITE0022,2026-05-26,9.700590803981857e-06,0,0,0
SITE0022,2026-05-27,7.650776120273502e-06,0,0,0
SITE0022,2026-05-28,6.4563005459288e-06,0,0,0
SITE0022,2026-05-29,6.352632636363351e-06,0,0,0
SITE0022,2026-05-30,6.550697774350724e-06,0,0,0
SITE0022,2026-05-31,6.544249075971965e-06,0,0,0
SITE0022,2026-06-01,9.45470976957627e-06,0,0,0
SITE0022,2026-06-02,6.6517960744512716e-06,0,0,0
SITE0022,2026-06-03,7.466467721899075e-06,0,0,0
SITE0022,2026-06-04,9.867103786327142e-06,0,0,0
SITE0022,2026-06-05,8.131635304773919e-06,0,0,0
SITE0022,2026-06-06,1.2730031552162184e-05,0,0,0
SITE0022,2026-06-07,8.83232073319342e-06,0,0,0
SITE0022,2026-06-08,1.198421039799393e-05,0,0,0
SITE0022,2026-06-09,9.971063298940711e-06,0,0,0
SITE0022,2026-06-10,1.2791134100018238e-05,0,0,0
SITE0022,2026-06-11,9.180756106864975e-06,0,0,0
SITE0022,2026-06-12,8.452738864348783e-06,0,0,0
SITE0022,2026-06-13,9.790019743859518e-06,0,0,0
SITE0022,2026-06-14,1.3024155386206304e-05,0,0,0
SITE0022,2026-06-15,9.204780803346715e-06,0,0,0
SITE0022,2026-06-16,1.2183869438924236e-05,0,0,0
SITE0022,2026-06-17,1.2118899736864868e-05,0,0,0
SITE0022,2026-06-18,1.0856678072182972e-05,0,0,0
SITE0022,2026-06-19,1.3804655712785256e-05,0,0,0
SITE0022,2026-06-20,1.0682321362122833e-05,0,0,0
SITE0022,2026-06-21,1.55828326982072e-05,0,0,0
SITE0022,2026-06-22,9.40082253043522e-06,0,0,0
SITE0022,2026-06-23,1.153096853278714e-05,0,0,0
SITE0022,2026-06-24,7.9227866424096e-06,0,0,0
SITE0022,2026-06-25,9.503684526662135e-06,0,0,0
SITE0022,2026-06-26,7.552591843817387e-06,0,0,0
SITE0022,2026-06-27,7.554510764089854e-06,0,0,0
SITE0022,2026-06-28,7.366673680536343e-06,0,0,0
SITE0022,2026-06-29,1.0417092345951446e-05,0,0,0
SITE0023,2026-04-01,4.183059513822564e-05,0,0,0
SITE0023,2026-04-02,3.8801039185978427e-05,0,0,0
SITE0023,2026-04-03,3.9797651678979875e-05,0,0,0
SITE0023,2026-04-04,3.4612103077350346e-05,0,0,0
SITE0023,2026-04-05,3.385091046400735e-05,0,0,0
SITE0023,2026-04-06,3.9252828910852185e-05,0,0,0
SITE0023,2026-04-07,7.169819598335443e-06,0,0,0
SITE0023,2026-04-08,1.1052311578464029e-05,0,0,0
SITE0023,2026-04-09,7.4708570297570185e-06,0,0,0
SITE0023,2026-04-10,7.2177241255904935e-06,0,0,0
SITE0023,2026-04-11,7.342815876066819e-06,0,0,0
SITE0023,2026-04-12,6.893130959215461e-06,0,0,0
SITE0023,2026-04-13,6.727626790161772e-06,0,0,0
SITE0023,2026-04-14,6.233689924054994e-06,0,0,0
SITE0023,2026-04-15,6.286999840685217e-06,0,0,0
SITE0023,2026-04-16,5.933976863532653e-06,0,0,0
SITE0023,2026-04-17,6.76575109092434e-06,0,0,0
SITE0023,2026-04-18,7.110111088541549e-06,0,0,0
SITE0023,2026-04-19,7.429349085464929e-06,0,0,0
SITE0023,2026-04-20,7.990057074601016e-06,0,0,0
SITE0023,2026-04-21,7.152622265088385e-06,0,0,0
SITE0023,2026-04-22,6.176573545867671e-06,0,0,0
SITE0023,2026-04-23,6.193548107084459e-06,0,0,0
SITE0023,2026-04-24,6.887948544261404e-06,0,0,0
SITE0023,2026-04-25,6.246716173923031e-06,0,0,0
SITE0023,2026-04-26,6.658300573835043e-06,0,0,0
SITE0023,2026-04-27,6.702902023005286e-06,0,0,0
SITE0023,2026-04-28,6.989046251816441e-06,0,0,0
SITE0023,2026-04-29,6.717904307981655e-06,0,0,0
SITE0023,2026-04-30,7.355804138134621e-06,0,0,0
SITE0023,2026-05-01,6.77335355073685e-06,0,0,0
SITE0023,2026-05-02,6.9028083049164675e-06,0,0,0
SITE0023,2026-05-03,8.006234422380819e-06,0,0,0
SITE0023,2026-05-04,7.141024486195189e-06,0,0,0
SITE0023,2026-05-05,7.003558945920028e-06,0,0,0
SITE0023,2026-05-06,7.404056933328522e-06,0,0,0
SITE0023,2026-05-07,6.612288327926203e-06,0,0,0
SITE0023,2026-05-08,8.503138315424872e-06,0,0,0
SITE0023,2026-05-09,1.5035007211901406e-05,0,0,0
SITE0023,2026-05-10,5.927011136158005e-06,0,0,0
SITE0023,2026-05-11,6.599820357119867e-06,0,0,0
SITE0023,2026-05-12,5.961783955288797e-06,0,0,0
SITE0023,2026-05-13,6.531375237214596e-06,0,0,0
SITE0023,2026-05-14,6.7077257057434244e-06,0,0,0
SITE0023,2026-05-15,7.1888742919276924e-06,0,0,0
SITE0023,2026-05-16,6.547548078389868e-06,0,0,0
SITE0023,2026-05-17,6.560922307371955e-06,0,0,0
SITE0023,2026-05-18,7.4756899271458886e-06,0,0,0
SITE0023,2026-05-19,6.5265064709104165e-06,0,0,0
SITE0023,2026-05-20,6.989914121486692e-06,0,0,0
SITE0023,2026-05-21,6.906523387405899e-06,0,0,0
SITE0023,2026-05-22,6.5993625812924995e-06,0,0,0
SITE0023,2026-05-23,6.002136154705065e-06,0,0,0
SITE0023,2026-05-24,5.891614920638511e-06,0,0,0
SITE0023,2026-05-25,1.6679718087086007e-05,0,0,0
SITE0023,2026-05-26,7.342437217290369e-06,0,0,0
SITE0023,2026-05-27,1.5162878520710294e-05,0,0,0
SITE0023,2026-05-28,6.938785790331444e-06,0,0,0
SITE0023,2026-05-29,6.652933750163232e-06,0,0,0
SITE0023,2026-05-30,7.096588438183005e-06,0,0,0
SITE0023,2026-05-31,6.670957830060997e-06,0,0,0
SITE0023,2026-06-01,6.6896357168755685e-06,0,0,0
SITE0023,2026-06-02,6.853768805498843e-06,0,0,0
SITE0023,2026-06-03,6.100836791026691e-06,0,0,0
SITE0023,2026-06-04,5.804483565520776e-06,0,0,0
SITE0023,2026-06-05,6.688238671789e-06,0,0,0
SITE0023,2026-06-06,7.940302342973948e-06,0,0,0
SITE0023,2026-06-07,6.663149078670586e-06,0,0,0
SITE0023,2026-06-08,7.623242959780575e-06,0,0,0
SITE0023,2026-06-09,6.179528533417887e-06,0,0,0
SITE0023,2026-06-10,6.8143982455664395e-06,0,0,0
SITE0023,2026-06-11,6.190542285742444e-06,0,0,0
SITE0023,2026-06-12,9.832572107230261e-06,0,0,0
SITE0023,2026-06-13,6.250509579884433e-06,0,0,0
SITE0023,2026-06-14,6.887382055032908e-06,0,0,0
SITE0023,2026-06-15,6.757001019913699e-06,0,0,0
SITE0023,2026-06-16,6.940548225193039e-06,0,0,0
SITE0023,2026-06-17,7.2325098124024756e-06,0,0,0
SITE0023,2026-06-18,7.385844782887919e-06,0,0,0
SITE0023,2026-06-19,6.702646510957599e-06,0,0,0
SITE0023,2026-06-20,6.477023313423075e-06,0,0,0
SITE0023,2026-06-21,8.558159033792857e-06,0,0,0
SITE0023,2026-06-22,6.641841280302588e-06,0,0,0
SITE0023,2026-06-23,6.8887447477634905e-06,0,0,0
SITE0023,2026-06-24,1.6705485031096155e-05,0,0,0
SITE0023,2026-06-25,6.525618084846337e-06,0,0,0
SITE0023,2026-06-26,6.168415086360444e-06,0,0,0
SITE0023,2026-06-27,6.462006633009673e-06,0,0,0
SITE0023,2026-06-28,6.207286378076068e-06,0,0,0
SITE0023,2026-06-29,6.887328291157463e-06,0,0,0
SITE0024,2026-04-01,9.666841264952281e-06,0,0,0
SITE0024,2026-04-02,8.85095700637453e-06,0,0,0
SITE0024,2026-04-03,1.6337271252871513e-05,0,0,0
SITE0024,2026-04-04,1.2395228260055968e-05,0,0,0
SITE0024,2026-04-05,1.2007577958972873e-05,0,0,0
SITE0024,2026-04-06,9.855903802890437e-06,0,0,0
SITE0024,2026-04-07,8.074283260175448e-06,0,0,0
SITE0024,2026-04-08,9.408231614373966e-06,0,0,0
SITE0024,2026-04-09,8.09365777944187e-06,0,0,0
SITE0024,2026-04-10,7.814598217552455e-06,0,0,0
SITE0024,2026-04-11,7.544670633065016e-06,0,0,0
SITE0024,2026-04-12,7.399004933120781e-06,0,0,0
SITE0024,2026-04-13,1.0057763808072392e-05,0,0,0
SITE0024,2026-04-14,8.196087669471498e-06,0,0,0
SITE0024,2026-04-15,8.015796061040817e-06,0,0,0
SITE0024,2026-04-16,8.170024022251561e-06,0,0,0
SITE0024,2026-04-17,8.798208644441142e-06,0,0,0
SITE0024,2026-04-18,1.0327721256642157e-05,0,0,0
SITE0024,2026-04-19,1.205582625751604e-05,0,0,0
SITE0024,2026-04-20,9.00732027709459e-06,0,0,0
SITE0024,2026-04-21,1.0969813414982993e-05,0,0,0
SITE0024,2026-04-22,7.927390520445907e-06,0,0,0
SITE0024,2026-04-23,6.5490092748601635e-06,0,0,0
SITE0024,2026-04-24,6.4105643861184544e-06,0,0,0
SITE0024,2026-04-25,7.4845033357749166e-06,0,0,0
SITE0024,2026-04-26,6.738424530121346e-06,0,0,0
SITE0024,2026-04-27,7.633127426435846e-06,0,0,0
SITE0024,2026-04-28,8.420306902363822e-06,0,0,0
SITE0024,2026-04-29,8.808677092647377e-06,0,0,0
SITE0024,2026-04-30,9.971393097692401e-06,0,0,0
SITE0024,2026-05-01,1.1475453052005599e-05,0,0,0
SITE0024,2026-05-02,9.045890797219582e-06,0,0,0
SITE0024,2026-05-03,9.470766575388303e-06,0,0,0
SITE0024,2026-05-04,9.896263556655676e-06,0,0,0
SITE0024,2026-05-05,1.1078997355216657e-05,0,0,0
SITE0024,2026-05-06,8.106644230011663e-06,0,0,0
SITE0024,2026-05-07,6.683819389899511e-06,0,0,0
SITE0024,2026-05-08,6.973470350203714e-06,0,0,0
SITE0024,2026-05-09,9.466685375874529e-06,0,0,0
SITE0024,2026-05-10,8.238779580342858e-06,0,0,0
SITE0024,2026-05-11,7.8401247769516e-06,0,0,0
SITE0024,2026-05-12,1.0711529362608821e-05,0,0,0
SITE0024,2026-05-13,8.577303666647215e-06,0,0,0
SITE0024,2026-05-14,8.937367295551706e-06,0,0,0
SITE0024,2026-05-15,6.937486995056366e-06,0,0,0
SITE0024,2026-05-16,8.322460287212138e-06,0,0,0
SITE0024,2026-05-17,8.024961999573791e-06,0,0,0
SITE0024,2026-05-18,1.099364690549681e-05,0,0,0
SITE0024,2026-05-19,8.44345862139781e-06,0,0,0
SITE0024,2026-05-20,8.177688293019686e-06,0,0,0
SITE0024,2026-05-21,7.681218075588728e-06,0,0,0
SITE0024,2026-05-22,1.0827599438148192e-05,0,0,0
SITE0024,2026-05-23,9.434368862647506e-06,0,0,0
SITE0024,2026-05-24,6.684837534707155e-06,0,0,0
SITE0024,2026-05-25,6.7757991400422875e-06,0,0,0
SITE0024,2026-05-26,6.380312630436562e-06,0,0,0
SITE0024,2026-05-27,7.053385071330009e-06,0,0,0
SITE0024,2026-05-28,7.837860658665797e-06,0,0,0
SITE0024,2026-05-29,8.675406744694855e-06,0,0,0
SITE0024,2026-05-30,1.2192356153356328e-05,0,0,0
SITE0024,2026-05-31,8.653304674641783e-06,0,0,0
SITE0024,2026-06-01,1.0167460452919614e-05,0,0,0
SITE0024,2026-06-02,6.703494737767885e-06,0,0,0
SITE0024,2026-06-03,7.352782262351001e-06,0,0,0
SITE0024,2026-06-04,9.09601045656583e-06,0,0,0
SITE0024,2026-06-05,1.0814182745632895e-05,0,0,0
SITE0024,2026-06-06,9.456915416793592e-06,0,0,0
SITE0024,2026-06-07,7.584990613905423e-06,0,0,0
SITE0024,2026-06-08,8.825968047850777e-06,0,0,0
SITE0024,2026-06-09,7.4640206727234505e-06,0,0,0
SITE0024,2026-06-10,7.963887375107146e-06,0,0,0
SITE0024,2026-06-11,9.27882771785388e-06,0,0,0
SITE0024,2026-06-12,8.480243138222966e-06,0,0,0
SITE0024,2026-06-13,9.685198499944481e-06,0,0,0
SITE0024,2026-06-14,8.942239921857169e-06,0,0,0
SITE0024,2026-06-15,8.372594895807653e-06,0,0,0
SITE0024,2026-06-16,7.5908912717383965e-06,0,0,0
SITE0024,2026-06-17,5.849851627394135e-06,0,0,0
SITE0024,2026-06-18,6.351749015111438e-06,0,0,0
SITE0024,2026-06-19,8.488996164004253e-06,0,0,0
SITE0024,2026-06-20,8.530664285767877e-06,0,0,0
SITE0024,2026-06-21,7.65292050971311e-06,0,0,0
SITE0024,2026-06-22,6.8855955692659515e-06,0,0,0
SITE0024,2026-06-23,7.699757788951706e-06,0,0,0
SITE0024,2026-06-24,8.330950521750664e-06,0,0,0
SITE0024,2026-06-25,9.202064981036073e-06,0,0,0
SITE0024,2026-06-26,8.867771655316293e-06,0,0,0
SITE0024,2026-06-27,9.335597886290423e-06,0,0,0
SITE0024,2026-06-28,8.576548037110605e-06,0,0,0
SITE0024,2026-06-29,8.845504514373276e-06,0,0,0
SITE0025,2026-04-01,5.601334525085916e-05,0,0,0
SITE0025,2026-04-02,1.3871832248760957e-05,0,0,0
SITE0025,2026-04-03,1.3876640103398243e-05,0,0,0
SITE0025,2026-04-04,1.3795225057561863e-05,0,0,0
SITE0025,2026-04-05,1.378931986573382e-05,0,0,0
SITE0025,2026-04-06,1.3871377109014376e-05,0,0,0
SITE0025,2026-04-07,1.4405615979405892e-05,0,0,0
SITE0025,2026-04-08,1.4406540534859503e-05,0,0,0
SITE0025,2026-04-09,1.4406540487054115e-05,0,0,0
SITE0025,2026-04-10,1.4403082440515092e-05,0,0,0
SITE0025,2026-04-11,1.4419844629348989e-05,0,0,0
SITE0025,2026-04-12,1.4966336631498247e-05,0,0,0
SITE0025,2026-04-13,1.3069442232929955e-05,0,0,0
SITE0025,2026-04-14,1.3811032907957157e-05,0,0,0
SITE0025,2026-04-15,1.3064878400743372e-05,0,0,0
SITE0025,2026-04-16,1.3409928337571864e-05,0,0,0
SITE0025,2026-04-17,1.3065026033797933e-05,0,0,0
SITE0025,2026-04-18,1.7018957695516137e-05,0,0,0
SITE0025,2026-04-19,1.309486831855984e-05,0,0,0
SITE0025,2026-04-20,1.3298842113808489e-05,0,0,0
SITE0025,2026-04-21,1.3728755294403618e-05,0,0,0
SITE0025,2026-04-22,1.3379895917886913e-05,0,0,0
SITE0025,2026-04-23,1.4985026032153219e-05,0,0,0
SITE0025,2026-04-24,1.370277443477351e-05,0,0,0
SITE0025,2026-04-25,1.3617113931587057e-05,0,0,0
SITE0025,2026-04-26,1.3625118467627925e-05,0,0,0
SITE0025,2026-04-27,1.361568864448147e-05,0,0,0
SITE0025,2026-04-28,1.3619020573237781e-05,0,0,0
SITE0025,2026-04-29,1.3693172999459357e-05,0,0,0
SITE0025,2026-04-30,1.369422792999759e-05,0,0,0
SITE0025,2026-05-01,1.3695512420831067e-05,0,0,0
SITE0025,2026-05-02,1.369566949341984e-05,0,0,0
SITE0025,2026-05-03,1.4473915740778239e-05,0,0,0
SITE0025,2026-05-04,1.6512357194033138e-05,0,0,0
SITE0025,2026-05-05,1.369332477970559e-05,0,0,0
SITE0025,2026-05-06,1.3613849632414123e-05,0,0,0
SITE0025,2026-05-07,1.3617267555502705e-05,0,0,0
SITE0025,2026-05-08,1.3693176600202478e-05,0,0,0
SITE0025,2026-05-09,1.369607695324968e-05,0,0,0
SITE0025,2026-05-10,1.3617113073319112e-05,0,0,0
SITE0025,2026-05-11,1.3615691109119949e-05,0,0,0
SITE0025,2026-05-12,1.2580590184920029e-05,0,0,0
SITE0025,2026-05-13,1.2581340982012874e-05,0,0,0
SITE0025,2026-05-14,1.2581340981779196e-05,0,0,0
SITE0025,2026-05-15,1.3332012420641174e-05,0,0,0
SITE0025,2026-05-16,1.3320399522609021e-05,0,0,0
SITE0025,2026-05-17,1.408041738906454e-05,0,0,0
SITE0025,2026-05-18,1.2584059855260617e-05,0,0,0
SITE0025,2026-05-19,1.2584059807371524e-05,0,0,0
SITE0025,2026-05-20,1.3304438201652471e-05,0,0,0
SITE0025,2026-05-21,1.337354740289461e-05,0,0,0
SITE0025,2026-05-22,1.3613848153411273e-05,0,0,0
SITE0025,2026-05-23,1.3695669385636083e-05,0,0,0
SITE0025,2026-05-24,1.3694900991162476e-05,0,0,0
SITE0025,2026-05-25,1.3694900576572673e-05,0,0,0
SITE0025,2026-05-26,1.3693102920134843e-05,0,0,0
SITE0025,2026-05-27,1.36174186482049e-05,0,0,0
SITE0025,2026-05-28,1.3696502342038235e-05,0,0,0
SITE0025,2026-05-29,1.3615245000115831e-05,0,0,0
SITE0025,2026-05-30,1.7334192481610962e-05,0,0,0
SITE0025,2026-05-31,1.7802697290775494e-05,0,0,0
SITE0025,2026-06-01,1.8862087129605353e-05,0,0,0
SITE0025,2026-06-02,1.721916661558909e-05,0,0,0
SITE0025,2026-06-03,1.3377146529479828e-05,0,0,0
SITE0025,2026-06-04,1.2991414722218355e-05,0,0,0
SITE0025,2026-06-05,1.3065464942497608e-05,0,0,0
SITE0025,2026-06-06,1.3064879594305687e-05,0,0,0
SITE0025,2026-06-07,1.3065630493239502e-05,0,0,0
SITE0025,2026-06-08,1.3099094377228537e-05,0,0,0
SITE0025,2026-06-09,1.3812873077326607e-05,0,0,0
SITE0025,2026-06-10,1.2999177292258369e-05,0,0,0
SITE0025,2026-06-11,1.3027817407485688e-05,0,0,0
SITE0025,2026-06-12,1.2991423575362791e-05,0,0,0
SITE0025,2026-06-13,1.3067462704365607e-05,0,0,0
SITE0025,2026-06-14,1.3067670632271528e-05,0,0,0
SITE0025,2026-06-15,1.2990829069311048e-05,0,0,0
SITE0025,2026-06-16,1.2992697130065945e-05,0,0,0
SITE0025,2026-06-17,1.267881826488602e-05,0,0,0
SITE0025,2026-06-18,1.538947445727016e-05,0,0,0
SITE0025,2026-06-19,1.3065778924864293e-05,0,0,0
SITE0025,2026-06-20,1.3064222467322607e-05,0,0,0
SITE0025,2026-06-21,1.3841076229965484e-05,0,0,0
SITE0025,2026-06-22,1.3070443644171298e-05,0,0,0
SITE0025,2026-06-23,1.3070444288311172e-05,0,0,0
SITE0025,2026-06-24,1.299284302169512e-05,0,0,0
SITE0025,2026-06-25,1.3065316112620747e-05,0,0,0
SITE0025,2026-06-26,1.3067197851407392e-05,0,0,0
SITE0025,2026-06-27,1.3066901760129874e-05,0,0,0
SITE0025,2026-06-28,1.3622135905196313e-05,0,0,0
SITE0025,2026-06-29,1.3089734352998325e-05,0,0,0
SITE0026,2026-04-01,8.2306040484234e-06,0,0,0
SITE0026,2026-04-02,8.236501932568939e-06,0,0,0
SITE0026,2026-04-03,8.629235328232834e-06,0,0,0
SITE0026,2026-04-04,1.148161331505794e-05,0,0,0
SITE0026,2026-04-05,8.840935429581942e-06,0,0,0
SITE0026,2026-04-06,8.177524343711196e-06,0,0,0
SITE0026,2026-04-07,8.682111535345556e-06,0,0,0
SITE0026,2026-04-08,8.993245753420345e-06,0,0,0
SITE0026,2026-04-09,8.690582576261053e-06,0,0,0
SITE0026,2026-04-10,9.336043447421232e-06,0,0,0
SITE0026,2026-04-11,1.6633169827643483e-05,0,0,0
SITE0026,2026-04-12,8.490705400069843e-06,0,0,0
SITE0026,2026-04-13,8.890910506537755e-06,0,0,0
SITE0026,2026-04-14,9.663722132969077e-06,0,0,0
SITE0026,2026-04-15,1.1409700149336822e-05,0,0,0
SITE0026,2026-04-16,8.023998009024998e-06,0,0,0
SITE0026,2026-04-17,1.2915731520111268e-05,0,0,0
SITE0026,2026-04-18,9.100957398962548e-06,0,0,0
SITE0026,2026-04-19,1.0618872739761106e-05,0,0,0
SITE0026,2026-04-20,1.0119534305037125e-05,0,0,0
SITE0026,2026-04-21,1.1595841634094469e-05,0,0,0
SITE0026,2026-04-22,1.582968998154748e-05,0,0,0
SITE0026,2026-04-23,8.40026696458361e-06,0,0,0
SITE0026,2026-04-24,1.5721993692398155e-05,0,0,0
SITE0026,2026-04-25,9.284838099027833e-06,0,0,0
SITE0026,2026-04-26,9.646305878791395e-06,0,0,0
SITE0026,2026-04-27,1.0659123155854844e-05,0,0,0
SITE0026,2026-04-28,1.0027958194140829e-05,0,0,0
SITE0026,2026-04-29,1.2725042979847194e-05,0,0,0
SITE0026,2026-04-30,1.697029778919367e-05,0,0,0
SITE0026,2026-05-01,1.1072677156680237e-05,0,0,0
SITE0026,2026-05-02,9.934610629954541e-06,0,0,0
SITE0026,2026-05-03,9.529044853010298e-06,0,0,0
SITE0026,2026-05-04,9.30822908412933e-06,0,0,0
SITE0026,2026-05-05,1.4414545844883104e-05,0,0,0
SITE0026,2026-05-06,1.1067003941072731e-05,0,0,0
SITE0026,2026-05-07,1.3747436077669113e-05,0,0,0
SITE0026,2026-05-08,9.591123423589847e-06,0,0,0
SITE0026,2026-05-09,9.27668283397896e-06,0,0,0
SITE0026,2026-05-10,8.378760502038492e-06,0,0,0
SITE0026,2026-05-11,1.3042038829230965e-05,0,0,0
SITE0026,2026-05-12,9.123791392431782e-06,0,0,0
SITE0026,2026-05-13,1.3080563794472917e-05,0,0,0
SITE0026,2026-05-14,8.70663049102706e-06,0,0,0
SITE0026,2026-05-15,1.0101607373549962e-05,0,0,0
SITE0026,2026-05-16,9.825963481861605e-06,0,0,0
SITE0026,2026-05-17,8.916414490341381e-06,0,0,0
SITE0026,2026-05-18,1.174696630210898e-05,0,0,0
SITE0026,2026-05-19,8.890949726418756e-06,0,0,0
SITE0026,2026-05-20,1.3817825697800887e-05,0,0,0
SITE0026,2026-05-21,9.424640448895973e-06,0,0,0
SITE0026,2026-05-22,8.903254725668348e-06,0,0,0
SITE0026,2026-05-23,1.0103566518919464e-05,0,0,0
SITE0026,2026-05-24,1.0630466381225294e-05,0,0,0
SITE0026,2026-05-25,1.1831789370763386e-05,0,0,0
SITE0026,2026-05-26,9.59486545686386e-06,0,0,0
SITE0026,2026-05-27,9.39173583501636e-06,0,0,0
SITE0026,2026-05-28,1.2045679398437178e-05,0,0,0
SITE0026,2026-05-29,8.40190842050559e-06,0,0,0
SITE0026,2026-05-30,8.340756895895125e-06,0,0,0
SITE0026,2026-05-31,8.976014715332519e-06,0,0,0
SITE0026,2026-06-01,8.745114180922125e-06,0,0,0
SITE0026,2026-06-02,1.099785435730655e-05,0,0,0
SITE0026,2026-06-03,8.516718486379298e-06,0,0,0
SITE0026,2026-06-04,8.65287327398929e-06,0,0,0
SITE0026,2026-06-05,8.716905834646452e-06,0,0,0
SITE0026,2026-06-06,1.2413933288879677e-05,0,0,0
SITE0026,2026-06-07,1.0381193613796839e-05,0,0,0
SITE0026,2026-06-08,8.524503562445441e-06,0,0,0
SITE0026,2026-06-09,8.79410839367447e-06,0,0,0
SITE0026,2026-06-10,1.344449652442674e-05,0,0,0
SITE0026,2026-06-11,8.709266244474414e-06,0,0,0
SITE0026,2026-06-12,1.1838243171732324e-05,0,0,0
SITE0026,2026-06-13,8.73908853444559e-06,0,0,0
SITE0026,2026-06-14,1.1220352769801627e-05,0,0,0
SITE0026,2026-06-15,8.389625759331671e-06,0,0,0
SITE0026,2026-06-16,7.958304540336045e-06,0,0,0
SITE0026,2026-06-17,8.824391132971496e-06,0,0,0
SITE0026,2026-06-18,9.138835976401952e-06,0,0,0
SITE0026,2026-06-19,1.0057635865165013e-05,0,0,0
SITE0026,2026-06-20,1.0049104894624067e-05,0,0,0
SITE0026,2026-06-21,1.6143914551153207e-05,0,0,0
SITE0026,2026-06-22,1.2240353013735952e-05,0,0,0
SITE0026,2026-06-23,1.3658591081833078e-05,0,0,0
SITE0026,2026-06-24,1.0762619917911054e-05,0,0,0
SITE0026,2026-06-25,9.199891136569723e-06,0,0,0
SITE0026,2026-06-26,1.1359108082633136e-05,0,0,0
SITE0026,2026-06-27,9.166308732967519e-06,0,0,0
SITE0026,2026-06-28,9.25343397714479e-06,0,0,0
SITE0026,2026-06-29,1.4195067389571652e-05,0,0,0
SITE0027,2026-04-01,8.768177032442574e-06,0,0,0
SITE0027,2026-04-02,1.2552670558433242e-05,0,0,0
SITE0027,2026-04-03,1.2993987350529487e-05,0,0,0
SITE0027,2026-04-04,1.55717820576062e-05,0,0,0
SITE0027,2026-04-05,9.982274248523e-06,0,0,0
SITE0027,2026-04-06,8.161894843567906e-06,0,0,0
SITE0027,2026-04-07,7.989016138888693e-06,0,0,0
SITE0027,2026-04-08,6.827964702928427e-06,0,0,0
SITE0027,2026-04-09,6.8390092118962825e-06,0,0,0
SITE0027,2026-04-10,7.604672546272016e-06,0,0,0
SITE0027,2026-04-11,7.468227487267968e-06,0,0,0
SITE0027,2026-04-12,7.1900419207710314e-06,0,0,0
SITE0027,2026-04-13,6.924083734516682e-06,0,0,0
SITE0027,2026-04-14,9.369941416171116e-06,0,0,0
SITE0027,2026-04-15,6.282536008272254e-06,0,0,0
SITE0027,2026-04-16,8.263256176005055e-06,0,0,0
SITE0027,2026-04-17,1.0992546924317424e-05,0,0,0
SITE0027,2026-04-18,8.034152489070864e-06,0,0,0
SITE0027,2026-04-19,1.1219531204422433e-05,0,0,0
SITE0027,2026-04-20,7.930306478106459e-06,0,0,0
SITE0027,2026-04-21,9.506966267455482e-06,0,0,0
SITE0027,2026-04-22,7.0491686086508955e-06,0,0,0
SITE0027,2026-04-23,6.796687582131613e-06,0,0,0
SITE0027,2026-04-24,7.496669038486628e-06,0,0,0
SITE0027,2026-04-25,7.584228357150104e-06,0,0,0
SITE0027,2026-04-26,8.324584825874645e-06,0,0,0
SITE0027,2026-04-27,1.0218609316635422e-05,0,0,0
SITE0027,2026-04-28,9.425346124618711e-06,0,0,0
SITE0027,2026-04-29,8.383610530106845e-06,0,0,0
SITE0027,2026-04-30,5.509523139908478e-06,0,0,0
SITE0027,2026-05-01,5.084077110954743e-06,0,0,0
SITE0027,2026-05-02,1.597255055571217e-05,0,0,0
SITE0027,2026-05-03,8.961956223824082e-06,0,0,0
SITE0027,2026-05-04,9.08751733214942e-06,0,0,0
SITE0027,2026-05-05,8.763571979983824e-06,0,0,0
SITE0027,2026-05-06,1.2614849635257017e-05,0,0,0
SITE0027,2026-05-07,1.107922948914086e-05,0,0,0
SITE0027,2026-05-08,8.813388974016713e-06,0,0,0
SITE0027,2026-05-09,7.394020286885052e-06,0,0,0
SITE0027,2026-05-10,7.4914108404984945e-06,0,0,0
SITE0027,2026-05-11,7.659550870869786e-06,0,0,0
SITE0027,2026-05-12,9.658071351129169e-06,0,0,0
SITE0027,2026-05-13,9.67461484349987e-06,0,0,0
SITE0027,2026-05-14,1.053693590904085e-05,0,0,0
SITE0027,2026-05-15,7.3623707830937196e-06,0,0,0
SITE0027,2026-05-16,9.903631778032648e-06,0,0,0
SITE0027,2026-05-17,9.246208511605989e-06,0,0,0
SITE0027,2026-05-18,7.713598682341798e-06,0,0,0
SITE0027,2026-05-19,1.4459721435661626e-05,0,0,0
SITE0027,2026-05-20,7.805526961069989e-06,0,0,0
SITE0027,2026-05-21,9.964774539777762e-06,0,0,0
SITE0027,2026-05-22,8.204884433907397e-06,0,0,0
SITE0027,2026-05-23,8.892563216903361e-06,0,0,0
SITE0027,2026-05-24,8.900120313435687e-06,0,0,0
SITE0027,2026-05-25,8.407086693689527e-06,0,0,0
SITE0027,2026-05-26,8.559533410111844e-06,0,0,0
SITE0027,2026-05-27,9.36957379880829e-06,0,0,0
SITE0027,2026-05-28,1.1020219000297795e-05,0,0,0
SITE0027,2026-05-29,8.132021203373912e-06,0,0,0
SITE0027,2026-05-30,1.3230650480589113e-05,0,0,0
SITE0027,2026-05-31,1.0718352963401416e-05,0,0,0
SITE0027,2026-06-01,1.0507043065403883e-05,0,0,0
SITE0027,2026-06-02,7.438277117175038e-06,0,0,0
SITE0027,2026-06-03,7.5388144953528454e-06,0,0,0
SITE0027,2026-06-04,7.157324675180285e-06,0,0,0
SITE0027,2026-06-05,1.0054957064001118e-05,0,0,0
SITE0027,2026-06-06,1.0344929426442904e-05,0,0,0
SITE0027,2026-06-07,9.193761093204687e-06,0,0,0
SITE0027,2026-06-08,9.57699360897781e-06,0,0,0
SITE0027,2026-06-09,1.2595701565204225e-05,0,0,0
SITE0027,2026-06-10,9.516168241153329e-06,0,0,0
SITE0027,2026-06-11,7.658408054552157e-06,0,0,0
SITE0027,2026-06-12,1.7974760785329782e-05,0,0,0
SITE0027,2026-06-13,9.857239499108587e-06,0,0,0
SITE0027,2026-06-14,6.377135345213334e-06,0,0,0
SITE0027,2026-06-15,7.419149916522678e-06,0,0,0
SITE0027,2026-06-16,8.398732792807049e-06,0,0,0
SITE0027,2026-06-17,7.080560637824236e-06,0,0,0
SITE0027,2026-06-18,7.4872767854666705e-06,0,0,0
SITE0027,2026-06-19,7.803191865138868e-06,0,0,0
SITE0027,2026-06-20,7.381375835194718e-06,0,0,0
SITE0027,2026-06-21,1.4470545209965711e-05,0,0,0
SITE0027,2026-06-22,7.869806853045379e-06,0,0,0
SITE0027,2026-06-23,7.802417091756157e-06,0,0,0
SITE0027,2026-06-24,9.689423028403314e-06,0,0,0
SITE0027,2026-06-25,1.0035919793490838e-05,0,0,0
SITE0027,2026-06-26,1.1478532721066086e-05,0,0,0
SITE0027,2026-06-27,9.943614022803107e-06,0,0,0
SITE0027,2026-06-28,1.018354238023038e-05,0,0,0
SITE0027,2026-06-29,7.629406183073376e-06,0,0,0
SITE0028,2026-04-01,1.0498666518520999e-05,0,0,0
SITE0028,2026-04-02,1.0492782003645347e-05,0,0,0
SITE0028,2026-04-03,1.041278142824636e-05,0,0,0
SITE0028,2026-04-04,8.3339533360199e-06,0,0,0
SITE0028,2026-04-05,8.334864865740134e-06,0,0,0
SITE0028,2026-04-06,8.054356289927363e-06,0,0,0
SITE0028,2026-04-07,7.032777776886978e-06,0,0,0
SITE0028,2026-04-08,7.032777776929253e-06,0,0,0
SITE0028,2026-04-09,7.2773791226208365e-06,0,0,0
SITE0028,2026-04-10,8.27912810946149e-06,0,0,0
SITE0028,2026-04-11,8.444061285782007e-06,0,0,0
SITE0028,2026-04-12,9.363693867164356e-06,0,0,0
SITE0028,2026-04-13,9.655223377226274e-06,0,0,0
SITE0028,2026-04-14,8.214147477872738e-06,0,0,0
SITE0028,2026-04-15,8.0534812653045e-06,0,0,0
SITE0028,2026-04-16,8.055524054535972e-06,0,0,0
SITE0028,2026-04-17,8.745345100036806e-06,0,0,0
SITE0028,2026-04-18,7.995433080183766e-06,0,0,0
SITE0028,2026-04-19,8.337804259647026e-06,0,0,0
SITE0028,2026-04-20,7.32774547709075e-06,0,0,0
SITE0028,2026-04-21,8.057291120520061e-06,0,0,0
SITE0028,2026-04-22,7.029837513858101e-06,0,0,0
SITE0028,2026-04-23,2.122902449031112e-05,0,0,0
SITE0028,2026-04-24,8.196422326339892e-06,0,0,0
SITE0028,2026-04-25,7.993348336058365e-06,0,0,0
SITE0028,2026-04-26,7.996299261804905e-06,0,0,0
SITE0028,2026-04-27,8.066510264074561e-06,0,0,0
SITE0028,2026-04-28,8.34224206103277e-06,0,0,0
SITE0028,2026-04-29,8.341606590970159e-06,0,0,0
SITE0028,2026-04-30,9.655079240254752e-06,0,0,0
SITE0028,2026-05-01,9.66045472503728e-06,0,0,0
SITE0028,2026-05-02,9.916059676953623e-06,0,0,0
SITE0028,2026-05-03,6.980409072024399e-06,0,0,0
SITE0028,2026-05-04,7.221393915719631e-06,0,0,0
SITE0028,2026-05-05,8.057440290908593e-06,0,0,0
SITE0028,2026-05-06,7.031876996325723e-06,0,0,0
SITE0028,2026-05-07,6.803404265797791e-06,0,0,0
SITE0028,2026-05-08,1.887984728492004e-05,0,0,0
SITE0028,2026-05-09,6.9785738709295414e-06,0,0,0
SITE0028,2026-05-10,8.065699818440464e-06,0,0,0
SITE0028,2026-05-11,8.056396143836542e-06,0,0,0
SITE0028,2026-05-12,1.4210396277578756e-05,0,0,0
SITE0028,2026-05-13,8.056390331942987e-06,0,0,0
SITE0028,2026-05-14,1.6613836981258967e-05,0,0,0
SITE0028,2026-05-15,9.99427604037366e-06,0,0,0
SITE0028,2026-05-16,1.0314593492401505e-05,0,0,0
SITE0028,2026-05-17,8.652732497128834e-06,0,0,0
SITE0028,2026-05-18,1.8278281990409996e-05,0,0,0
SITE0028,2026-05-19,9.312947629282043e-06,0,0,0
SITE0028,2026-05-20,8.05729109752134e-06,0,0,0
SITE0028,2026-05-21,8.840023651696587e-06,0,0,0
SITE0028,2026-05-22,8.278428364503416e-06,0,0,0
SITE0028,2026-05-23,7.996255665062827e-06,0,0,0
SITE0028,2026-05-24,7.997199896757104e-06,0,0,0
SITE0028,2026-05-25,8.398625138399008e-06,0,0,0
SITE0028,2026-05-26,8.401597685274551e-06,0,0,0
SITE0028,2026-05-27,8.696684330533102e-06,0,0,0
SITE0028,2026-05-28,9.816143536019664e-06,0,0,0
SITE0028,2026-05-29,7.99625581429119e-06,0,0,0
SITE0028,2026-05-30,7.992488117174698e-06,0,0,0
SITE0028,2026-05-31,8.502200054434316e-06,0,0,0
SITE0028,2026-06-01,7.336961830366876e-06,0,0,0
SITE0028,2026-06-02,7.327739946429791e-06,0,0,0
SITE0028,2026-06-03,8.057291271253562e-06,0,0,0
SITE0028,2026-06-04,8.340662357059177e-06,0,0,0
SITE0028,2026-06-05,7.995365152346283e-06,0,0,0
SITE0028,2026-06-06,7.992488508477242e-06,0,0,0
SITE0028,2026-06-07,7.269338501026227e-06,0,0,0
SITE0028,2026-06-08,8.054357071852967e-06,0,0,0
SITE0028,2026-06-09,8.218250363661592e-06,0,0,0
SITE0028,2026-06-10,8.581470922046038e-06,0,0,0
SITE0028,2026-06-11,8.053439704161113e-06,0,0,0
SITE0028,2026-06-12,7.998947548565748e-06,0,0,0
SITE0028,2026-06-13,7.99625566594338e-06,0,0,0
SITE0028,2026-06-14,6.980408921769147e-06,0,0,0
SITE0028,2026-06-15,7.16963001298172e-06,0,0,0
SITE0028,2026-06-16,7.222288733200445e-06,0,0,0
SITE0028,2026-06-17,8.063464720521424e-06,0,0,0
SITE0028,2026-06-18,9.9896591732922e-06,0,0,0
SITE0028,2026-06-19,8.623559508791534e-06,0,0,0
SITE0028,2026-06-20,7.996255814353912e-06,0,0,0
SITE0028,2026-06-21,8.546616468610598e-06,0,0,0
SITE0028,2026-06-22,1.5917981616581585e-05,0,0,0
SITE0028,2026-06-23,8.512621420621426e-06,0,0,0
SITE0028,2026-06-24,8.05729111222355e-06,0,0,0
SITE0028,2026-06-25,8.339840637231508e-06,0,0,0
SITE0028,2026-06-26,8.005369218124033e-06,0,0,0
SITE0028,2026-06-27,1.0196960922146792e-05,0,0,0
SITE0028,2026-06-28,7.709443724959893e-06,0,0,0
SITE0028,2026-06-29,9.647069806711722e-06,0,0,0
SITE0029,2026-04-01,1.629971808820372e-05,0,0,0
SITE0029,2026-04-02,1.4594214664595572e-05,0,0,0
SITE0029,2026-04-03,1.661179168459898e-05,0,0,0
SITE0029,2026-04-04,1.9056514401168517e-05,0,0,0
SITE0029,2026-04-05,3.5026790758083165e-05,0,0,0
SITE0029,2026-04-06,1.6766368580356948e-05,0,0,0
SITE0029,2026-04-07,1.615708194696394e-05,0,0,0
SITE0029,2026-04-08,1.685825508144363e-05,0,0,0
SITE0029,2026-04-09,1.9779824045167685e-05,0,0,0
SITE0029,2026-04-10,2.9151708347412595e-05,0,0,0
SITE0029,2026-04-11,2.5128289756999872e-05,0,0,0
SITE0029,2026-04-12,2.6747001766450084e-05,0,0,0
SITE0029,2026-04-13,1.701922277701096e-05,0,0,0
SITE0029,2026-04-14,2.0741795832874193e-05,0,0,0
SITE0029,2026-04-15,2.3610073076612974e-05,0,0,0
SITE0029,2026-04-16,9.065930060044754e-05,0,0,0
SITE0029,2026-04-17,4.2531799481516725e-05,0,0,0
SITE0029,2026-04-18,3.405879957812883e-05,0,0,0
SITE0029,2026-04-19,3.8335130131464996e-05,0,0,0
SITE0029,2026-04-20,1.9362946647232406e-05,0,0,0
SITE0029,2026-04-21,1.7587692054894012e-05,0,0,0
SITE0029,2026-04-22,1.5161071872832971e-05,0,0,0
SITE0029,2026-04-23,2.5270389188125358e-05,0,0,0
SITE0029,2026-04-24,1.4202435608010323e-05,0,0,0
SITE0029,2026-04-25,1.5741153485998407e-05,0,0,0
SITE0029,2026-04-26,1.2224211611374504e-05,0,0,0
SITE0029,2026-04-27,1.3878881755790795e-05,0,0,0
SITE0029,2026-04-28,1.5036944105789182e-05,0,0,0
SITE0029,2026-04-29,1.5684107189159408e-05,0,0,0
SITE0029,2026-04-30,1.4401474840139917e-05,0,0,0
SITE0029,2026-05-01,1.6471989081243098e-05,0,0,0
SITE0029,2026-05-02,1.731580631777516e-05,0,0,0
SITE0029,2026-05-03,1.4987580056938052e-05,0,0,0
SITE0029,2026-05-04,1.383307749700385e-05,0,0,0
SITE0029,2026-05-05,1.2627116750486569e-05,0,0,0
SITE0029,2026-05-06,1.3834806036692449e-05,0,0,0
SITE0029,2026-05-07,1.467710194289856e-05,0,0,0
SITE0029,2026-05-08,1.5642600976915856e-05,0,0,0
SITE0029,2026-05-09,1.5585882096012923e-05,0,0,0
SITE0029,2026-05-10,1.6390427575891204e-05,0,0,0
SITE0029,2026-05-11,1.5545291299591136e-05,0,0,0
SITE0029,2026-05-12,1.6662454595103207e-05,0,0,0
SITE0029,2026-05-13,2.0713981944012375e-05,0,0,0
SITE0029,2026-05-14,1.5792490768255218e-05,0,0,0
SITE0029,2026-05-15,1.567201049824444e-05,0,0,0
SITE0029,2026-05-16,1.5360447960110275e-05,0,0,0
SITE0029,2026-05-17,2.3057870783821677e-05,0,0,0
SITE0029,2026-05-18,1.4817837309882208e-05,0,0,0
SITE0029,2026-05-19,1.7893825952740755e-05,0,0,0
SITE0029,2026-05-20,1.567969423491325e-05,0,0,0
SITE0029,2026-05-21,1.9517785431342086e-05,0,0,0
SITE0029,2026-05-22,1.9342844659539037e-05,0,0,0
SITE0029,2026-05-23,2.861386796950543e-05,0,0,0
SITE0029,2026-05-24,2.235813466807105e-05,0,0,0
SITE0029,2026-05-25,2.6284758446111868e-05,0,0,0
SITE0029,2026-05-26,2.4255697877928844e-05,0,0,0
SITE0029,2026-05-27,2.8497622104380378e-05,0,0,0
SITE0029,2026-05-28,1.6049655214204126e-05,0,0,0
SITE0029,2026-05-29,1.8685808857384918e-05,0,0,0
SITE0029,2026-05-30,1.6596153175273208e-05,0,0,0
SITE0029,2026-05-31,2.1474938863288652e-05,0,0,0
SITE0029,2026-06-01,1.7717453603105455e-05,0,0,0
SITE0029,2026-06-02,2.3738725083426408e-05,0,0,0
SITE0029,2026-06-03,2.241153448885444e-05,0,0,0
SITE0029,2026-06-04,1.5950063530635652e-05,0,0,0
SITE0029,2026-06-05,1.3298468206266432e-05,0,0,0
SITE0029,2026-06-06,1.380074434997518e-05,0,0,0
SITE0029,2026-06-07,1.4688686795160467e-05,0,0,0
SITE0029,2026-06-08,1.811503917179051e-05,0,0,0
SITE0029,2026-06-09,1.6092311022058356e-05,0,0,0
SITE0029,2026-06-10,1.615610991230721e-05,0,0,0
SITE0029,2026-06-11,1.4251649401391141e-05,0,0,0
SITE0029,2026-06-12,1.5322381524508082e-05,0,0,0
SITE0029,2026-06-13,1.9486318237499456e-05,0,0,0
SITE0029,2026-06-14,1.7719535394421283e-05,0,0,0
SITE0029,2026-06-15,1.5880059240110993e-05,0,0,0
SITE0029,2026-06-16,1.3997790286765704e-05,0,0,0
SITE0029,2026-06-17,1.358349828894032e-05,0,0,0
SITE0029,2026-06-18,1.9350744640124287e-05,0,0,0
SITE0029,2026-06-19,1.4357363099679304e-05,0,0,0
SITE0029,2026-06-20,1.3744144818042372e-05,0,0,0
SITE0029,2026-06-21,1.64709275013371e-05,0,0,0
SITE0029,2026-06-22,2.4556912753379514e-05,0,0,0
SITE0029,2026-06-23,2.4262989937076572e-05,0,0,0
SITE0029,2026-06-24,1.683488173023964e-05,0,0,0
SITE0029,2026-06-25,1.2793685139823887e-05,0,0,0
SITE0029,2026-06-26,3.69101485485874e-05,0,0,0
SITE0029,2026-06-27,1.4271275654022272e-05,0,0,0
SITE0029,2026-06-28,2.0015695173378383e-05,0,0,0
SITE0029,2026-06-29,1.892529507358322e-05,0,0,0
SITE0030,2026-04-01,4.4711994819658054e-05,0,0,0
SITE0030,2026-04-02,3.3984873674296224e-05,0,0,0
SITE0030,2026-04-03,2.7783295650413448e-05,0,0,0
SITE0030,2026-04-04,2.7430173163480723e-05,0,0,0
SITE0030,2026-04-05,2.739250032288662e-05,0,0,0
SITE0030,2026-04-06,2.1549598190867686e-05,0,0,0
SITE0030,2026-04-07,2.54813244678743e-05,0,0,0
SITE0030,2026-04-08,2.4680736260174885e-05,0,0,0
SITE0030,2026-04-09,4.3745806265755476e-05,0,0,0
SITE0030,2026-04-10,4.7042734000356204e-05,0,0,0
SITE0030,2026-04-11,4.4193953079251197e-05,0,0,0
SITE0030,2026-04-12,2.074192977599531e-05,0,0,0
SITE0030,2026-04-13,1.8870094613276697e-05,0,0,0
SITE0030,2026-04-14,2.5696985248218333e-05,0,0,0
SITE0030,2026-04-15,2.748242280478674e-05,0,0,0
SITE0030,2026-04-16,3.1393362270055726e-05,0,0,0
SITE0030,2026-04-17,5.102670573314791e-05,0,0,0
SITE0030,2026-04-18,8.229526122588898e-05,0,0,0
SITE0030,2026-04-19,7.643849095439879e-05,0,0,0
SITE0030,2026-04-20,6.938695244854625e-05,0,0,0
SITE0030,2026-04-21,3.387894048524432e-05,0,0,0
SITE0030,2026-04-22,3.699107008685809e-05,0,0,0
SITE0030,2026-04-23,4.206864476022256e-05,0,0,0
SITE0030,2026-04-24,4.019797136184975e-05,0,0,0
SITE0030,2026-04-25,1.470147172810892e-05,0,0,0
SITE0030,2026-04-26,1.708042029666132e-05,0,0,0
SITE0030,2026-04-27,1.4441663321786122e-05,0,0,0
SITE0030,2026-04-28,5.4882335243137965e-05,0,0,0
SITE0030,2026-04-29,5.799623723843898e-05,0,0,0
SITE0030,2026-04-30,6.474394304903352e-05,0,0,0
SITE0030,2026-05-01,5.5609901867264363e-05,0,0,0
SITE0030,2026-05-02,2.968010638706666e-05,0,0,0
SITE0030,2026-05-03,1.644587228797652e-05,0,0,0
SITE0030,2026-05-04,3.078660284763376e-05,0,0,0
SITE0030,2026-05-05,2.3314016750434174e-05,0,0,0
SITE0030,2026-05-06,1.8844786957663346e-05,0,0,0
SITE0030,2026-05-07,1.9587118826838374e-05,0,0,0
SITE0030,2026-05-08,1.7839675692392933e-05,0,0,0
SITE0030,2026-05-09,5.700867160780767e-05,0,0,0
SITE0030,2026-05-10,5.088873806497179e-05,0,0,0
SITE0030,2026-05-11,3.5265333847435863e-05,0,0,0
SITE0030,2026-05-12,3.4385510824964926e-05,0,0,0
SITE0030,2026-05-13,3.8559560482408784e-05,0,0,0
SITE0030,2026-05-14,1.7420575402994548e-05,0,0,0
SITE0030,2026-05-15,1.4034061656948673e-05,0,0,0
SITE0030,2026-05-16,1.3902242461104549e-05,0,0,0
SITE0030,2026-05-17,2.0106394345261005e-05,0,0,0
SITE0030,2026-05-18,4.727940099061455e-05,0,0,0
SITE0030,2026-05-19,3.100521911808588e-05,0,0,0
SITE0030,2026-05-20,2.77282772345233e-05,0,0,0
SITE0030,2026-05-21,2.7698678337405308e-05,0,0,0
SITE0030,2026-05-22,2.6891574139163482e-05,0,0,0
SITE0030,2026-05-23,2.785252019184991e-05,0,0,0
SITE0030,2026-05-24,2.5911945030087987e-05,0,0,0
SITE0030,2026-05-25,2.549050424471352e-05,0,0,0
SITE0030,2026-05-26,2.808490923177293e-05,0,0,0
SITE0030,2026-05-27,7.149861178294605e-05,0,0,0
SITE0030,2026-05-28,5.390008273808158e-05,0,0,0
SITE0030,2026-05-29,6.137130495135389e-05,0,0,0
SITE0030,2026-05-30,3.212148109328718e-05,0,0,0
SITE0030,2026-05-31,3.425781322155804e-05,0,0,0
SITE0030,2026-06-01,4.2082163680350044e-05,0,0,0
SITE0030,2026-06-02,3.537440564039697e-05,0,0,0
SITE0030,2026-06-03,6.866719945414852e-05,0,0,0
SITE0030,2026-06-04,4.1392954344368505e-05,0,0,0
SITE0030,2026-06-05,7.348544637534239e-05,0,0,0
SITE0030,2026-06-06,6.171943451222105e-05,0,0,0
SITE0030,2026-06-07,8.35586274693721e-05,0,0,0
SITE0030,2026-06-08,4.0269636770912465e-05,0,0,0
SITE0030,2026-06-09,5.3147933369833e-05,0,0,0
SITE0030,2026-06-10,3.10682183460997e-05,0,0,0
SITE0030,2026-06-11,5.664185417816637e-05,0,0,0
SITE0030,2026-06-12,3.948571663858268e-05,0,0,0
SITE0030,2026-06-13,3.8021583233524824e-05,0,0,0
SITE0030,2026-06-14,3.87652716323798e-05,0,0,0
SITE0030,2026-06-15,4.9030349776137283e-05,0,0,0
SITE0030,2026-06-16,7.99776448209034e-05,0,0,0
SITE0030,2026-06-17,7.127828333181175e-05,0,0,0
SITE0030,2026-06-18,6.485836197406949e-05,0,0,0
SITE0030,2026-06-19,3.320527816834444e-05,0,0,0
SITE0030,2026-06-20,3.5130891458365714e-05,0,0,0
SITE0030,2026-06-21,2.8742352278520974e-05,0,0,0
SITE0030,2026-06-22,2.899414508796295e-05,0,0,0
SITE0030,2026-06-23,2.6421721509544693e-05,0,0,0
SITE0030,2026-06-24,2.515151600329972e-05,0,0,0
SITE0030,2026-06-25,3.4353755542385174e-05,0,0,0
SITE0030,2026-06-26,4.114311817007106e-05,0,0,0
SITE0030,2026-06-27,5.283951288017382e-05,0,0,0
SITE0030,2026-06-28,8.177272090671455e-05,0,0,0
SITE0030,2026-06-29,3.617042166126072e-05,0,0,0
SITE0031,2026-04-01,9.75796260495269e-06,0,0,0
SITE0031,2026-04-02,9.75593826972525e-06,0,0,0
SITE0031,2026-04-03,9.636847424546887e-06,0,0,0
SITE0031,2026-04-04,9.635847115911416e-06,0,0,0
SITE0031,2026-04-05,1.0089349049167453e-05,0,0,0
SITE0031,2026-04-06,1.0484685270346051e-05,0,0,0
SITE0031,2026-04-07,1.3599941211137181e-05,0,0,0
SITE0031,2026-04-08,1.5704287520333423e-05,0,0,0
SITE0031,2026-04-09,1.3857934661020027e-05,0,0,0
SITE0031,2026-04-10,1.0166722220475228e-05,0,0,0
SITE0031,2026-04-11,1.0160323213884994e-05,0,0,0
SITE0031,2026-04-12,9.856407053626501e-06,0,0,0
SITE0031,2026-04-13,1.3381321520540636e-05,0,0,0
SITE0031,2026-04-14,1.1408519071593206e-05,0,0,0
SITE0031,2026-04-15,1.1415541443433037e-05,0,0,0
SITE0031,2026-04-16,1.0748793384509204e-05,0,0,0
SITE0031,2026-04-17,1.1280281195080455e-05,0,0,0
SITE0031,2026-04-18,1.019873487197135e-05,0,0,0
SITE0031,2026-04-19,9.668320574173862e-06,0,0,0
SITE0031,2026-04-20,1.2461829114008889e-05,0,0,0
SITE0031,2026-04-21,9.754112621932835e-06,0,0,0
SITE0031,2026-04-22,1.0287736811393587e-05,0,0,0
SITE0031,2026-04-23,1.0291494874844713e-05,0,0,0
SITE0031,2026-04-24,1.016802148318074e-05,0,0,0
SITE0031,2026-04-25,1.751408878338067e-05,0,0,0
SITE0031,2026-04-26,1.1521481418947869e-05,0,0,0
SITE0031,2026-04-27,1.618999500499868e-05,0,0,0
SITE0031,2026-04-28,1.0444191058422787e-05,0,0,0
SITE0031,2026-04-29,1.0738252129260052e-05,0,0,0
SITE0031,2026-04-30,1.1317309079034824e-05,0,0,0
SITE0031,2026-05-01,1.0171059034456073e-05,0,0,0
SITE0031,2026-05-02,1.2729256146919914e-05,0,0,0
SITE0031,2026-05-03,1.0160323213601446e-05,0,0,0
SITE0031,2026-05-04,1.0713347291333302e-05,0,0,0
SITE0031,2026-05-05,1.0285095881283447e-05,0,0,0
SITE0031,2026-05-06,9.985682722807809e-06,0,0,0
SITE0031,2026-05-07,1.0950024364186279e-05,0,0,0
SITE0031,2026-05-08,9.862788195356511e-06,0,0,0
SITE0031,2026-05-09,1.5508857862950156e-05,0,0,0
SITE0031,2026-05-10,1.0098810856131195e-05,0,0,0
SITE0031,2026-05-11,1.0942264688769388e-05,0,0,0
SITE0031,2026-05-12,1.0190798402923888e-05,0,0,0
SITE0031,2026-05-13,1.0293158992227722e-05,0,0,0
SITE0031,2026-05-14,1.3402145038301874e-05,0,0,0
SITE0031,2026-05-15,1.6176048175362095e-05,0,0,0
SITE0031,2026-05-16,2.0287404934436582e-05,0,0,0
SITE0031,2026-05-17,2.1274501066556092e-05,0,0,0
SITE0031,2026-05-18,4.433284566177797e-05,0,0,0
SITE0031,2026-05-19,0.00015354925463037823,0,0,0
SITE0031,2026-05-20,0.003536859274965239,0,1,0
SITE0031,2026-05-21,0.8495696740982812,1,1,0
SITE0031,2026-05-22,0.9999521399464832,1,1,0
SITE0031,2026-05-23,0.9999526984023845,1,1,0
SITE0031,2026-05-24,0.9999903585303225,1,1,0
SITE0031,2026-05-25,0.9999818024942917,1,1,0
SITE0031,2026-05-26,0.9999787369222526,1,1,0
SITE0031,2026-05-27,0.9999815590712346,1,1,0
SITE0031,2026-05-28,0.9999646660207199,1,1,0
SITE0031,2026-05-29,0.9999537263570926,1,1,0
SITE0031,2026-05-30,0.999930487765759,1,1,0
SITE0031,2026-05-31,0.9998530972202004,1,1,0
SITE0031,2026-06-01,0.999065282522632,1,1,0
SITE0031,2026-06-02,0.9950992222460404,1,1,0
SITE0031,2026-06-03,0.7186550026848584,1,0,1
SITE0031,2026-06-04,0.0006064296879714347,0,0,0
SITE0031,2026-06-05,0.0007106261203043147,0,0,0
SITE0031,2026-06-06,0.00011886454473759878,0,0,0
SITE0031,2026-06-07,0.00012709606817874855,0,0,0
SITE0031,2026-06-08,0.0001781988842685763,0,0,0
SITE0031,2026-06-09,0.00010430353329290314,0,0,0
SITE0031,2026-06-10,2.519524542334169e-05,0,0,0
SITE0031,2026-06-11,2.641899350703533e-05,0,0,0
SITE0031,2026-06-12,3.4095607541252574e-05,0,0,0
SITE0031,2026-06-13,3.886447845293806e-05,0,0,0
SITE0031,2026-06-14,4.344925945975919e-05,0,0,0
SITE0031,2026-06-15,4.763808214886997e-05,0,0,0
SITE0031,2026-06-16,4.1587174291830426e-05,0,0,0
SITE0031,2026-06-17,1.0285094282030305e-05,0,0,0
SITE0031,2026-06-18,1.0469955450459467e-05,0,0,0
SITE0031,2026-06-19,1.2109097957983607e-05,0,0,0
SITE0031,2026-06-20,1.7972952052239687e-05,0,0,0
SITE0031,2026-06-21,1.0662826972075287e-05,0,0,0
SITE0031,2026-06-22,1.0275470361189236e-05,0,0,0
SITE0031,2026-06-23,1.0276152400735062e-05,0,0,0
SITE0031,2026-06-24,1.3803942301923063e-05,0,0,0
SITE0031,2026-06-25,1.0142583463439436e-05,0,0,0
SITE0031,2026-06-26,1.0164774954769684e-05,0,0,0
SITE0031,2026-06-27,1.0161535579832875e-05,0,0,0
SITE0031,2026-06-28,1.0691722653829241e-05,0,0,0
SITE0031,2026-06-29,1.1796745906237704e-05,0,0,0
SITE0032,2026-04-01,2.3457353306504376e-05,0,0,0
SITE0032,2026-04-02,2.2901735629242054e-05,0,0,0
SITE0032,2026-04-03,1.2730153275599165e-05,0,0,0
SITE0032,2026-04-04,1.7965772839624818e-05,0,0,0
SITE0032,2026-04-05,1.250308217410524e-05,0,0,0
SITE0032,2026-04-06,1.7293761515748343e-05,0,0,0
SITE0032,2026-04-07,8.689911949463808e-06,0,0,0
SITE0032,2026-04-08,1.07145598071764e-05,0,0,0
SITE0032,2026-04-09,9.666955588183784e-06,0,0,0
SITE0032,2026-04-10,1.045384439555967e-05,0,0,0
SITE0032,2026-04-11,1.438287374860534e-05,0,0,0
SITE0032,2026-04-12,1.7592934918922126e-05,0,0,0
SITE0032,2026-04-13,1.3024470381012247e-05,0,0,0
SITE0032,2026-04-14,1.040008966105205e-05,0,0,0
SITE0032,2026-04-15,1.0060323394817887e-05,0,0,0
SITE0032,2026-04-16,2.0836051032613927e-05,0,0,0
SITE0032,2026-04-17,1.1679431037592532e-05,0,0,0
SITE0032,2026-04-18,1.309992354554188e-05,0,0,0
SITE0032,2026-04-19,1.2891491190071277e-05,0,0,0
SITE0032,2026-04-20,1.2754251793732332e-05,0,0,0
SITE0032,2026-04-21,1.0222485529485177e-05,0,0,0
SITE0032,2026-04-22,9.030345515435597e-06,0,0,0
SITE0032,2026-04-23,1.3564719986362577e-05,0,0,0
SITE0032,2026-04-24,1.3100669381974668e-05,0,0,0
SITE0032,2026-04-25,1.436137472996521e-05,0,0,0
SITE0032,2026-04-26,2.3462637000499206e-05,0,0,0
SITE0032,2026-04-27,1.1936174263338047e-05,0,0,0
SITE0032,2026-04-28,1.229983266040674e-05,0,0,0
SITE0032,2026-04-29,1.0070495526646354e-05,0,0,0
SITE0032,2026-04-30,4.631401241056439e-05,0,0,0
SITE0032,2026-05-01,1.2999779449644004e-05,0,0,0
SITE0032,2026-05-02,1.3056806476197691e-05,0,0,0
SITE0032,2026-05-03,1.328189392408355e-05,0,0,0
SITE0032,2026-05-04,1.0701785413591404e-05,0,0,0
SITE0032,2026-05-05,1.063277248222538e-05,0,0,0
SITE0032,2026-05-06,1.0899668177530299e-05,0,0,0
SITE0032,2026-05-07,1.0577808320029338e-05,0,0,0
SITE0032,2026-05-08,1.353367500532214e-05,0,0,0
SITE0032,2026-05-09,9.538176694329303e-06,0,0,0
SITE0032,2026-05-10,1.6771786450139325e-05,0,0,0
SITE0032,2026-05-11,9.769661487870461e-06,0,0,0
SITE0032,2026-05-12,1.9232145739640447e-05,0,0,0
SITE0032,2026-05-13,1.5166244941858114e-05,0,0,0
SITE0032,2026-05-14,1.4726422426979155e-05,0,0,0
SITE0032,2026-05-15,1.16729575675231e-05,0,0,0
SITE0032,2026-05-16,1.3529354046685573e-05,0,0,0
SITE0032,2026-05-17,1.781177578747598e-05,0,0,0
SITE0032,2026-05-18,1.7891256276354703e-05,0,0,0
SITE0032,2026-05-19,1.038721939630959e-05,0,0,0
SITE0032,2026-05-20,1.1544020735139657e-05,0,0,0
SITE0032,2026-05-21,1.1388003623724423e-05,0,0,0
SITE0032,2026-05-22,1.5253227535611781e-05,0,0,0
SITE0032,2026-05-23,1.172673119825648e-05,0,0,0
SITE0032,2026-05-24,1.0028725720076742e-05,0,0,0
SITE0032,2026-05-25,9.75242233595913e-06,0,0,0
SITE0032,2026-05-26,1.839251087632541e-05,0,0,0
SITE0032,2026-05-27,9.34429062452399e-06,0,0,0
SITE0032,2026-05-28,9.44727104912653e-06,0,0,0
SITE0032,2026-05-29,9.031113647809512e-06,0,0,0
SITE0032,2026-05-30,1.0211500358192268e-05,0,0,0
SITE0032,2026-05-31,1.0637301313255608e-05,0,0,0
SITE0032,2026-06-01,1.1185329108625667e-05,0,0,0
SITE0032,2026-06-02,9.369500072577729e-06,0,0,0
SITE0032,2026-06-03,1.0094705884990337e-05,0,0,0
SITE0032,2026-06-04,1.0444404219187665e-05,0,0,0
SITE0032,2026-06-05,9.653027696753318e-06,0,0,0
SITE0032,2026-06-06,1.2635468889268267e-05,0,0,0
SITE0032,2026-06-07,1.2842134875450787e-05,0,0,0
SITE0032,2026-06-08,1.1849515964306261e-05,0,0,0
SITE0032,2026-06-09,9.199281252025258e-06,0,0,0
SITE0032,2026-06-10,1.1589238460181077e-05,0,0,0
SITE0032,2026-06-11,1.8714859560254426e-05,0,0,0
SITE0032,2026-06-12,1.6175352785006262e-05,0,0,0
SITE0032,2026-06-13,1.9767831858058635e-05,0,0,0
SITE0032,2026-06-14,1.3719709569863982e-05,0,0,0
SITE0032,2026-06-15,1.3867135873927665e-05,0,0,0
SITE0032,2026-06-16,1.3616659988261502e-05,0,0,0
SITE0032,2026-06-17,1.1020865285609361e-05,0,0,0
SITE0032,2026-06-18,1.0048138618995674e-05,0,0,0
SITE0032,2026-06-19,2.173136043981929e-05,0,0,0
SITE0032,2026-06-20,1.3483156257384364e-05,0,0,0
SITE0032,2026-06-21,1.3268146610661651e-05,0,0,0
SITE0032,2026-06-22,1.2223411831498952e-05,0,0,0
SITE0032,2026-06-23,1.265021707389251e-05,0,0,0
SITE0032,2026-06-24,1.164925652831596e-05,0,0,0
SITE0032,2026-06-25,1.0701673389191443e-05,0,0,0
SITE0032,2026-06-26,1.1615924649331197e-05,0,0,0
SITE0032,2026-06-27,1.028733564313334e-05,0,0,0
SITE0032,2026-06-28,1.0143795920082416e-05,0,0,0
SITE0032,2026-06-29,1.1180203145181859e-05,0,0,0
SITE0033,2026-04-01,7.164951982805787e-06,0,0,0
SITE0033,2026-04-02,6.417067418196474e-06,0,0,0
SITE0033,2026-04-03,6.369306941430937e-06,0,0,0
SITE0033,2026-04-04,7.269534018077776e-06,0,0,0
SITE0033,2026-04-05,6.526838549549432e-06,0,0,0
SITE0033,2026-04-06,6.197111794841873e-06,0,0,0
SITE0033,2026-04-07,5.628258671294753e-06,0,0,0
SITE0033,2026-04-08,5.759747149101531e-06,0,0,0
SITE0033,2026-04-09,5.967105219667355e-06,0,0,0
SITE0033,2026-04-10,6.9431074352418275e-06,0,0,0
SITE0033,2026-04-11,6.873348384949956e-06,0,0,0
SITE0033,2026-04-12,6.271613211915743e-06,0,0,0
SITE0033,2026-04-13,7.2513555164484876e-06,0,0,0
SITE0033,2026-04-14,6.757862954418614e-06,0,0,0
SITE0033,2026-04-15,6.445427540991087e-06,0,0,0
SITE0033,2026-04-16,6.342143422324183e-06,0,0,0
SITE0033,2026-04-17,6.6513206620326175e-06,0,0,0
SITE0033,2026-04-18,6.70663530891857e-06,0,0,0
SITE0033,2026-04-19,7.059523109861429e-06,0,0,0
SITE0033,2026-04-20,7.746861206239709e-06,0,0,0
SITE0033,2026-04-21,6.9364742490378705e-06,0,0,0
SITE0033,2026-04-22,7.2238189305713975e-06,0,0,0
SITE0033,2026-04-23,7.042225904310749e-06,0,0,0
SITE0033,2026-04-24,7.113752789319602e-06,0,0,0
SITE0033,2026-04-25,7.1496457355872315e-06,0,0,0
SITE0033,2026-04-26,7.128333584211422e-06,0,0,0
SITE0033,2026-04-27,7.248715802529797e-06,0,0,0
SITE0033,2026-04-28,6.526501840801769e-06,0,0,0
SITE0033,2026-04-29,5.8342407831811475e-06,0,0,0
SITE0033,2026-04-30,5.948967282468828e-06,0,0,0
SITE0033,2026-05-01,6.653823172766545e-06,0,0,0
SITE0033,2026-05-02,7.083871150608577e-06,0,0,0
SITE0033,2026-05-03,6.65297872287574e-06,0,0,0
SITE0033,2026-05-04,2.004699351462886e-05,0,0,0
SITE0033,2026-05-05,6.168037015766971e-06,0,0,0
SITE0033,2026-05-06,7.266965568394375e-06,0,0,0
SITE0033,2026-05-07,7.987352043586704e-06,0,0,0
SITE0033,2026-05-08,6.341019065062865e-06,0,0,0
SITE0033,2026-05-09,6.487568357913542e-06,0,0,0
SITE0033,2026-05-10,7.167170020524823e-06,0,0,0
SITE0033,2026-05-11,1.717483348383237e-05,0,0,0
SITE0033,2026-05-12,7.616751797867511e-06,0,0,0
SITE0033,2026-05-13,7.4332930219414505e-06,0,0,0
SITE0033,2026-05-14,7.6027302966389295e-06,0,0,0
SITE0033,2026-05-15,7.4747149738950646e-06,0,0,0
SITE0033,2026-05-16,6.6585287392229315e-06,0,0,0
SITE0033,2026-05-17,7.068856943961144e-06,0,0,0
SITE0033,2026-05-18,5.644900677058318e-06,0,0,0
SITE0033,2026-05-19,6.069770711436729e-06,0,0,0
SITE0033,2026-05-20,6.714879793313713e-06,0,0,0
SITE0033,2026-05-21,6.878460890904114e-06,0,0,0
SITE0033,2026-05-22,1.0886598616379048e-05,0,0,0
SITE0033,2026-05-23,6.854475889254026e-06,0,0,0
SITE0033,2026-05-24,6.787306237829236e-06,0,0,0
SITE0033,2026-05-25,8.511539779008187e-06,0,0,0
SITE0033,2026-05-26,6.9413057709637705e-06,0,0,0
SITE0033,2026-05-27,6.927512506829472e-06,0,0,0
SITE0033,2026-05-28,7.448854056040621e-06,0,0,0
SITE0033,2026-05-29,7.0190065940334705e-06,0,0,0
SITE0033,2026-05-30,6.310607224684924e-06,0,0,0
SITE0033,2026-05-31,7.433666951998662e-06,0,0,0
SITE0033,2026-06-01,6.9800803788213815e-06,0,0,0
SITE0033,2026-06-02,7.163542793899447e-06,0,0,0
SITE0033,2026-06-03,6.93551666869141e-06,0,0,0
SITE0033,2026-06-04,7.1634950174420836e-06,0,0,0
SITE0033,2026-06-05,6.429875556447067e-06,0,0,0
SITE0033,2026-06-06,7.016181643621887e-06,0,0,0
SITE0033,2026-06-07,7.12893637433237e-06,0,0,0
SITE0033,2026-06-08,7.128212315061129e-06,0,0,0
SITE0033,2026-06-09,6.9373217341571965e-06,0,0,0
SITE0033,2026-06-10,6.937316958739357e-06,0,0,0
SITE0033,2026-06-11,9.082859450322454e-06,0,0,0
SITE0033,2026-06-12,6.081029521949541e-06,0,0,0
SITE0033,2026-06-13,5.851491623892631e-06,0,0,0
SITE0033,2026-06-14,6.180724665255961e-06,0,0,0
SITE0033,2026-06-15,6.988003395886796e-06,0,0,0
SITE0033,2026-06-16,1.4208442331719374e-05,0,0,0
SITE0033,2026-06-17,6.758002933788867e-06,0,0,0
SITE0033,2026-06-18,6.0279431468317465e-06,0,0,0
SITE0033,2026-06-19,6.819331744843732e-06,0,0,0
SITE0033,2026-06-20,6.926176986711487e-06,0,0,0
SITE0033,2026-06-21,6.9306085909443174e-06,0,0,0
SITE0033,2026-06-22,7.115059024111757e-06,0,0,0
SITE0033,2026-06-23,7.779308444624501e-06,0,0,0
SITE0033,2026-06-24,1.2690649490550672e-05,0,0,0
SITE0033,2026-06-25,6.558566998588396e-06,0,0,0
SITE0033,2026-06-26,1.4023430188342913e-05,0,0,0
SITE0033,2026-06-27,6.053485606551249e-06,0,0,0
SITE0033,2026-06-28,1.4823510113301702e-05,0,0,0
SITE0033,2026-06-29,6.7929932825020246e-06,0,0,0
SITE0034,2026-04-01,1.4637384266251325e-05,0,0,0
SITE0034,2026-04-02,1.3747314364862677e-05,0,0,0
SITE0034,2026-04-03,1.6253746183125612e-05,0,0,0
SITE0034,2026-04-04,2.3371075886757714e-05,0,0,0
SITE0034,2026-04-05,2.3397677010261084e-05,0,0,0
SITE0034,2026-04-06,2.4132150192967565e-05,0,0,0
SITE0034,2026-04-07,1.929475813935727e-05,0,0,0
SITE0034,2026-04-08,1.5773946428507755e-05,0,0,0
SITE0034,2026-04-09,1.9123501185281783e-05,0,0,0
SITE0034,2026-04-10,1.6328998074380714e-05,0,0,0
SITE0034,2026-04-11,2.493822400396405e-05,0,0,0
SITE0034,2026-04-12,2.1136976413629277e-05,0,0,0
SITE0034,2026-04-13,1.2719994488241914e-05,0,0,0
SITE0034,2026-04-14,1.3439312994470475e-05,0,0,0
SITE0034,2026-04-15,8.843035464761497e-06,0,0,0
SITE0034,2026-04-16,9.860268601397447e-06,0,0,0
SITE0034,2026-04-17,1.272975657309863e-05,0,0,0
SITE0034,2026-04-18,1.1652337989361768e-05,0,0,0
SITE0034,2026-04-19,1.1908817028951303e-05,0,0,0
SITE0034,2026-04-20,1.2551085482680591e-05,0,0,0
SITE0034,2026-04-21,1.1665116341664078e-05,0,0,0
SITE0034,2026-04-22,2.6479665941427133e-05,0,0,0
SITE0034,2026-04-23,1.1459522552518371e-05,0,0,0
SITE0034,2026-04-24,1.0857379234316938e-05,0,0,0
SITE0034,2026-04-25,1.0550451270226347e-05,0,0,0
SITE0034,2026-04-26,1.083721321755179e-05,0,0,0
SITE0034,2026-04-27,1.4243468059528065e-05,0,0,0
SITE0034,2026-04-28,1.339110970627187e-05,0,0,0
SITE0034,2026-04-29,1.6572429503825575e-05,0,0,0
SITE0034,2026-04-30,1.588781902873245e-05,0,0,0
SITE0034,2026-05-01,1.8368467261701253e-05,0,0,0
SITE0034,2026-05-02,1.90484019626218e-05,0,0,0
SITE0034,2026-05-03,2.2390452879436014e-05,0,0,0
SITE0034,2026-05-04,1.617791011322548e-05,0,0,0
SITE0034,2026-05-05,1.1393987621603826e-05,0,0,0
SITE0034,2026-05-06,1.586049513581881e-05,0,0,0
SITE0034,2026-05-07,1.4980920460515178e-05,0,0,0
SITE0034,2026-05-08,8.420169494541153e-06,0,0,0
SITE0034,2026-05-09,1.0385247516950842e-05,0,0,0
SITE0034,2026-05-10,1.1340322273162687e-05,0,0,0
SITE0034,2026-05-11,2.758783241710931e-05,0,0,0
SITE0034,2026-05-12,6.728223064566107e-05,0,0,0
SITE0034,2026-05-13,3.738235467193501e-05,0,0,0
SITE0034,2026-05-14,2.8795140184983665e-05,0,0,0
SITE0034,2026-05-15,1.3661415944226878e-05,0,0,0
SITE0034,2026-05-16,1.286828613885074e-05,0,0,0
SITE0034,2026-05-17,1.2061817874469656e-05,0,0,0
SITE0034,2026-05-18,2.0607120269495634e-05,0,0,0
SITE0034,2026-05-19,1.092683100396593e-05,0,0,0
SITE0034,2026-05-20,1.2844978695951768e-05,0,0,0
SITE0034,2026-05-21,9.650342327267942e-06,0,0,0
SITE0034,2026-05-22,1.3543476463769352e-05,0,0,0
SITE0034,2026-05-23,1.1891450622903485e-05,0,0,0
SITE0034,2026-05-24,1.2641837090472344e-05,0,0,0
SITE0034,2026-05-25,1.1913336769286199e-05,0,0,0
SITE0034,2026-05-26,1.2663940207081177e-05,0,0,0
SITE0034,2026-05-27,2.0427742567939937e-05,0,0,0
SITE0034,2026-05-28,1.8452614460687747e-05,0,0,0
SITE0034,2026-05-29,1.6914320588797098e-05,0,0,0
SITE0034,2026-05-30,1.5047837268082294e-05,0,0,0
SITE0034,2026-05-31,2.326476154819183e-05,0,0,0
SITE0034,2026-06-01,2.8545163829610074e-05,0,0,0
SITE0034,2026-06-02,2.6847752917445403e-05,0,0,0
SITE0034,2026-06-03,2.318203461576752e-05,0,0,0
SITE0034,2026-06-04,1.7551584557838727e-05,0,0,0
SITE0034,2026-06-05,1.244991255952405e-05,0,0,0
SITE0034,2026-06-06,1.3256882652439903e-05,0,0,0
SITE0034,2026-06-07,1.1724886222863317e-05,0,0,0
SITE0034,2026-06-08,1.2507917091178044e-05,0,0,0
SITE0034,2026-06-09,8.59322317735434e-06,0,0,0
SITE0034,2026-06-10,2.114746070103454e-05,0,0,0
SITE0034,2026-06-11,1.2182727884031126e-05,0,0,0
SITE0034,2026-06-12,2.150753142315741e-05,0,0,0
SITE0034,2026-06-13,1.0531118434685817e-05,0,0,0
SITE0034,2026-06-14,1.1518841266939405e-05,0,0,0
SITE0034,2026-06-15,1.1970951336330985e-05,0,0,0
SITE0034,2026-06-16,1.3391836589171545e-05,0,0,0
SITE0034,2026-06-17,1.0063308818744287e-05,0,0,0
SITE0034,2026-06-18,9.937185332455774e-06,0,0,0
SITE0034,2026-06-19,7.950489396621183e-06,0,0,0
SITE0034,2026-06-20,1.0350440147130962e-05,0,0,0
SITE0034,2026-06-21,1.1021873284849111e-05,0,0,0
SITE0034,2026-06-22,1.3679386683934517e-05,0,0,0
SITE0034,2026-06-23,1.20899225276372e-05,0,0,0
SITE0034,2026-06-24,9.904336318218267e-06,0,0,0
SITE0034,2026-06-25,1.0066921089319776e-05,0,0,0
SITE0034,2026-06-26,1.4510827667240577e-05,0,0,0
SITE0034,2026-06-27,1.4883069761947402e-05,0,0,0
SITE0034,2026-06-28,1.825129538266881e-05,0,0,0
SITE0034,2026-06-29,2.5967168992752772e-05,0,0,0
SITE0035,2026-04-01,2.1635721084587486e-05,0,0,0
SITE0035,2026-04-02,1.4712170421092776e-05,0,0,0
SITE0035,2026-04-03,1.3545165855807197e-05,0,0,0
SITE0035,2026-04-04,1.1914311974392686e-05,0,0,0
SITE0035,2026-04-05,1.3141372295539873e-05,0,0,0
SITE0035,2026-04-06,1.2175326673402933e-05,0,0,0
SITE0035,2026-04-07,1.253828871287384e-05,0,0,0
SITE0035,2026-04-08,1.2532712160846436e-05,0,0,0
SITE0035,2026-04-09,1.2174289627867656e-05,0,0,0
SITE0035,2026-04-10,1.2680415743373303e-05,0,0,0
SITE0035,2026-04-11,1.4078348984949937e-05,0,0,0
SITE0035,2026-04-12,1.927403986978543e-05,0,0,0
SITE0035,2026-04-13,1.7727836212448472e-05,0,0,0
SITE0035,2026-04-14,1.3164083353755807e-05,0,0,0
SITE0035,2026-04-15,1.3024422465941578e-05,0,0,0
SITE0035,2026-04-16,1.0622657519497158e-05,0,0,0
SITE0035,2026-04-17,1.2403406408176616e-05,0,0,0
SITE0035,2026-04-18,1.2182723091829807e-05,0,0,0
SITE0035,2026-04-19,1.4837887872690693e-05,0,0,0
SITE0035,2026-04-20,1.4743095591106375e-05,0,0,0
SITE0035,2026-04-21,1.4161052779987058e-05,0,0,0
SITE0035,2026-04-22,1.3316153923735016e-05,0,0,0
SITE0035,2026-04-23,1.3263032997604784e-05,0,0,0
SITE0035,2026-04-24,1.3761625724178444e-05,0,0,0
SITE0035,2026-04-25,1.3953555858781328e-05,0,0,0
SITE0035,2026-04-26,1.3181265504830747e-05,0,0,0
SITE0035,2026-04-27,1.352361788236003e-05,0,0,0
SITE0035,2026-04-28,1.165039613854117e-05,0,0,0
SITE0035,2026-04-29,1.2875686261753614e-05,0,0,0
SITE0035,2026-04-30,1.2875686336356615e-05,0,0,0
SITE0035,2026-05-01,1.604193774719296e-05,0,0,0
SITE0035,2026-05-02,1.4108158767792202e-05,0,0,0
SITE0035,2026-05-03,1.2827488675692125e-05,0,0,0
SITE0035,2026-05-04,1.334933161043588e-05,0,0,0
SITE0035,2026-05-05,4.604539551131446e-05,0,0,0
SITE0035,2026-05-06,1.2669492063244495e-05,0,0,0
SITE0035,2026-05-07,1.3944961859101003e-05,0,0,0
SITE0035,2026-05-08,1.0221180451073522e-05,0,0,0
SITE0035,2026-05-09,1.2972870749438435e-05,0,0,0
SITE0035,2026-05-10,1.3012232586289016e-05,0,0,0
SITE0035,2026-05-11,2.1108229474140145e-05,0,0,0
SITE0035,2026-05-12,1.2884204576187934e-05,0,0,0
SITE0035,2026-05-13,1.3223084698002269e-05,0,0,0
SITE0035,2026-05-14,1.27258904656344e-05,0,0,0
SITE0035,2026-05-15,1.3230127181706166e-05,0,0,0
SITE0035,2026-05-16,1.0231533455837606e-05,0,0,0
SITE0035,2026-05-17,3.829498681926249e-05,0,0,0
SITE0035,2026-05-18,1.3168481661985651e-05,0,0,0
SITE0035,2026-05-19,1.4749518372938682e-05,0,0,0
SITE0035,2026-05-20,4.3963432642989216e-05,0,0,0
SITE0035,2026-05-21,1.3816101275246018e-05,0,0,0
SITE0035,2026-05-22,4.758816050695202e-05,0,0,0
SITE0035,2026-05-23,1.5555588765025546e-05,0,0,0
SITE0035,2026-05-24,1.3328874970659365e-05,0,0,0
SITE0035,2026-05-25,1.3252463510164669e-05,0,0,0
SITE0035,2026-05-26,1.528339061259796e-05,0,0,0
SITE0035,2026-05-27,2.2120422506784802e-05,0,0,0
SITE0035,2026-05-28,1.2869907439541584e-05,0,0,0
SITE0035,2026-05-29,1.3574195207828059e-05,0,0,0
SITE0035,2026-05-30,1.4142786553964885e-05,0,0,0
SITE0035,2026-05-31,1.2808225439353802e-05,0,0,0
SITE0035,2026-06-01,1.2358102927541786e-05,0,0,0
SITE0035,2026-06-02,1.2357682490822909e-05,0,0,0
SITE0035,2026-06-03,1.2676619329262171e-05,0,0,0
SITE0035,2026-06-04,1.1580979611184701e-05,0,0,0
SITE0035,2026-06-05,1.229547618598702e-05,0,0,0
SITE0035,2026-06-06,1.2513205176582567e-05,0,0,0
SITE0035,2026-06-07,1.237601262063489e-05,0,0,0
SITE0035,2026-06-08,1.2384314962160555e-05,0,0,0
SITE0035,2026-06-09,1.1888647226808862e-05,0,0,0
SITE0035,2026-06-10,1.195136901042656e-05,0,0,0
SITE0035,2026-06-11,1.1859088514307181e-05,0,0,0
SITE0035,2026-06-12,1.0791339270162064e-05,0,0,0
SITE0035,2026-06-13,1.2087213316102332e-05,0,0,0
SITE0035,2026-06-14,1.3181437579501769e-05,0,0,0
SITE0035,2026-06-15,1.1143490185906927e-05,0,0,0
SITE0035,2026-06-16,1.3355344483872798e-05,0,0,0
SITE0035,2026-06-17,1.2494165416389358e-05,0,0,0
SITE0035,2026-06-18,1.8117035435693018e-05,0,0,0
SITE0035,2026-06-19,1.3541583487616711e-05,0,0,0
SITE0035,2026-06-20,1.4401937454458431e-05,0,0,0
SITE0035,2026-06-21,1.3922995766635948e-05,0,0,0
SITE0035,2026-06-22,1.4603268144192249e-05,0,0,0
SITE0035,2026-06-23,1.2940377115704783e-05,0,0,0
SITE0035,2026-06-24,1.2844612113882098e-05,0,0,0
SITE0035,2026-06-25,1.3269396427094101e-05,0,0,0
SITE0035,2026-06-26,1.3333854372090744e-05,0,0,0
SITE0035,2026-06-27,1.2864455788580163e-05,0,0,0
SITE0035,2026-06-28,1.2878997750851114e-05,0,0,0
SITE0035,2026-06-29,1.217258119088475e-05,0,0,0
SITE0036,2026-04-01,9.985901667909741e-06,0,0,0
SITE0036,2026-04-02,9.827886287527106e-06,0,0,0
SITE0036,2026-04-03,9.254229277897113e-06,0,0,0
SITE0036,2026-04-04,1.0730112953083578e-05,0,0,0
SITE0036,2026-04-05,1.0189361488721344e-05,0,0,0
SITE0036,2026-04-06,1.0026019619697355e-05,0,0,0
SITE0036,2026-04-07,9.78776001221117e-06,0,0,0
SITE0036,2026-04-08,1.0173756377722734e-05,0,0,0
SITE0036,2026-04-09,1.3130397095341868e-05,0,0,0
SITE0036,2026-04-10,1.1273069654437146e-05,0,0,0
SITE0036,2026-04-11,1.0384215525642137e-05,0,0,0
SITE0036,2026-04-12,1.0005458262737516e-05,0,0,0
SITE0036,2026-04-13,1.1358490868438524e-05,0,0,0
SITE0036,2026-04-14,9.322696007881095e-06,0,0,0
SITE0036,2026-04-15,1.1100046750662219e-05,0,0,0
SITE0036,2026-04-16,9.358597616326305e-06,0,0,0
SITE0036,2026-04-17,9.29374758703433e-06,0,0,0
SITE0036,2026-04-18,1.2667702830560407e-05,0,0,0
SITE0036,2026-04-19,1.0312573534432875e-05,0,0,0
SITE0036,2026-04-20,1.0939207152777323e-05,0,0,0
SITE0036,2026-04-21,9.37250647359034e-06,0,0,0
SITE0036,2026-04-22,1.1549612255036934e-05,0,0,0
SITE0036,2026-04-23,9.952254418333845e-06,0,0,0
SITE0036,2026-04-24,1.2482501314943595e-05,0,0,0
SITE0036,2026-04-25,9.204391376136322e-06,0,0,0
SITE0036,2026-04-26,9.804845784830865e-06,0,0,0
SITE0036,2026-04-27,1.0266631179927092e-05,0,0,0
SITE0036,2026-04-28,1.2498751572969775e-05,0,0,0
SITE0036,2026-04-29,1.028512225976583e-05,0,0,0
SITE0036,2026-04-30,1.0305944168259015e-05,0,0,0
SITE0036,2026-05-01,9.86007854431415e-06,0,0,0
SITE0036,2026-05-02,1.2716311765339309e-05,0,0,0
SITE0036,2026-05-03,1.0613851640732179e-05,0,0,0
SITE0036,2026-05-04,1.0940389205169618e-05,0,0,0
SITE0036,2026-05-05,9.314840731522953e-06,0,0,0
SITE0036,2026-05-06,9.194696629300759e-06,0,0,0
SITE0036,2026-05-07,1.187176402494211e-05,0,0,0
SITE0036,2026-05-08,1.1081022651864538e-05,0,0,0
SITE0036,2026-05-09,1.00855697062481e-05,0,0,0
SITE0036,2026-05-10,1.1247514025699356e-05,0,0,0
SITE0036,2026-05-11,1.563116349657541e-05,0,0,0
SITE0036,2026-05-12,1.0374554708690772e-05,0,0,0
SITE0036,2026-05-13,1.0288292008923612e-05,0,0,0
SITE0036,2026-05-14,9.84833850404134e-06,0,0,0
SITE0036,2026-05-15,1.604175586880841e-05,0,0,0
SITE0036,2026-05-16,1.233553276657323e-05,0,0,0
SITE0036,2026-05-17,1.0438279013391964e-05,0,0,0
SITE0036,2026-05-18,1.0197162044630231e-05,0,0,0
SITE0036,2026-05-19,1.3170599120090723e-05,0,0,0
SITE0036,2026-05-20,9.508599763218813e-06,0,0,0
SITE0036,2026-05-21,1.3371353530208547e-05,0,0,0
SITE0036,2026-05-22,9.596979403555657e-06,0,0,0
SITE0036,2026-05-23,9.664091109827191e-06,0,0,0
SITE0036,2026-05-24,9.09685546101918e-06,0,0,0
SITE0036,2026-05-25,1.7432800835631342e-05,0,0,0
SITE0036,2026-05-26,1.6976381103909235e-05,0,0,0
SITE0036,2026-05-27,9.646108421658723e-06,0,0,0
SITE0036,2026-05-28,9.940011773006364e-06,0,0,0
SITE0036,2026-05-29,9.981027218750096e-06,0,0,0
SITE0036,2026-05-30,1.2856760304315659e-05,0,0,0
SITE0036,2026-05-31,1.3376992730062799e-05,0,0,0
SITE0036,2026-06-01,1.0982277597593103e-05,0,0,0
SITE0036,2026-06-02,9.75002344805404e-06,0,0,0
SITE0036,2026-06-03,1.1036698422503524e-05,0,0,0
SITE0036,2026-06-04,1.2148204827525424e-05,0,0,0
SITE0036,2026-06-05,1.0677931842758016e-05,0,0,0
SITE0036,2026-06-06,1.0084059181396295e-05,0,0,0
SITE0036,2026-06-07,1.0044854085759067e-05,0,0,0
SITE0036,2026-06-08,1.2965924013795009e-05,0,0,0
SITE0036,2026-06-09,1.3975284230657054e-05,0,0,0
SITE0036,2026-06-10,1.713442175602529e-05,0,0,0
SITE0036,2026-06-11,1.4056299676171262e-05,0,0,0
SITE0036,2026-06-12,1.3682379284972414e-05,0,0,0
SITE0036,2026-06-13,1.0131955490878626e-05,0,0,0
SITE0036,2026-06-14,9.829473722284688e-06,0,0,0
SITE0036,2026-06-15,1.0051222139706502e-05,0,0,0
SITE0036,2026-06-16,1.0022386970815461e-05,0,0,0
SITE0036,2026-06-17,1.251580882443841e-05,0,0,0
SITE0036,2026-06-18,1.1496544671499097e-05,0,0,0
SITE0036,2026-06-19,9.890842800599823e-06,0,0,0
SITE0036,2026-06-20,9.579180326905688e-06,0,0,0
SITE0036,2026-06-21,1.6861139866996433e-05,0,0,0
SITE0036,2026-06-22,1.2124561804491364e-05,0,0,0
SITE0036,2026-06-23,1.5434645700952445e-05,0,0,0
SITE0036,2026-06-24,1.1377044633492648e-05,0,0,0
SITE0036,2026-06-25,1.0499256788080312e-05,0,0,0
SITE0036,2026-06-26,9.363214777149157e-06,0,0,0
SITE0036,2026-06-27,1.014750816359019e-05,0,0,0
SITE0036,2026-06-28,9.832672688700118e-06,0,0,0
SITE0036,2026-06-29,1.0384129710255328e-05,0,0,0
SITE0037,2026-04-01,6.104881416412361e-05,0,0,0
SITE0037,2026-04-02,1.2435829781614131e-05,0,0,0
SITE0037,2026-04-03,4.833065786799739e-06,0,0,0
SITE0037,2026-04-04,4.73499067537917e-06,0,0,0
SITE0037,2026-04-05,5.1621578395285405e-06,0,0,0
SITE0037,2026-04-06,4.265301255859612e-06,0,0,0
SITE0037,2026-04-07,5.33741069864342e-06,0,0,0
SITE0037,2026-04-08,5.79188819970124e-06,0,0,0
SITE0037,2026-04-09,6.321976390917833e-06,0,0,0
SITE0037,2026-04-10,7.1387841092345375e-06,0,0,0
SITE0037,2026-04-11,5.536172214331427e-06,0,0,0
SITE0037,2026-04-12,7.033620539940561e-06,0,0,0
SITE0037,2026-04-13,5.770291337501046e-06,0,0,0
SITE0037,2026-04-14,6.923293105618375e-06,0,0,0
SITE0037,2026-04-15,7.187842031204906e-06,0,0,0
SITE0037,2026-04-16,6.203760732695682e-06,0,0,0
SITE0037,2026-04-17,1.7240666668699104e-05,0,0,0
SITE0037,2026-04-18,9.549572513420641e-06,0,0,0
SITE0037,2026-04-19,9.640090568947416e-06,0,0,0
SITE0037,2026-04-20,5.660279781071585e-06,0,0,0
SITE0037,2026-04-21,5.650577867406048e-06,0,0,0
SITE0037,2026-04-22,8.189321646726867e-06,0,0,0
SITE0037,2026-04-23,5.956956713386932e-06,0,0,0
SITE0037,2026-04-24,5.84210184785962e-06,0,0,0
SITE0037,2026-04-25,5.785951659424447e-06,0,0,0
SITE0037,2026-04-26,4.9425716117156534e-06,0,0,0
SITE0037,2026-04-27,4.909116303850587e-06,0,0,0
SITE0037,2026-04-28,5.196025700257561e-06,0,0,0
SITE0037,2026-04-29,7.462345029376308e-06,0,0,0
SITE0037,2026-04-30,5.119876897158172e-06,0,0,0
SITE0037,2026-05-01,7.141509086009352e-06,0,0,0
SITE0037,2026-05-02,4.83120486404789e-06,0,0,0
SITE0037,2026-05-03,6.484769805500956e-06,0,0,0
SITE0037,2026-05-04,6.8540082237076865e-06,0,0,0
SITE0037,2026-05-05,5.801342611893818e-06,0,0,0
SITE0037,2026-05-06,6.329330343847724e-06,0,0,0
SITE0037,2026-05-07,4.9876806189102744e-06,0,0,0
SITE0037,2026-05-08,6.79271185814957e-06,0,0,0
SITE0037,2026-05-09,6.0553943119759555e-06,0,0,0
SITE0037,2026-05-10,6.697088932032425e-06,0,0,0
SITE0037,2026-05-11,6.649418615629935e-06,0,0,0
SITE0037,2026-05-12,4.9804815421816074e-06,0,0,0
SITE0037,2026-05-13,5.518648972534925e-06,0,0,0
SITE0037,2026-05-14,4.701969634926629e-06,0,0,0
SITE0037,2026-05-15,5.564542254103985e-06,0,0,0
SITE0037,2026-05-16,9.202000353962805e-06,0,0,0
SITE0037,2026-05-17,6.9608877544665745e-06,0,0,0
SITE0037,2026-05-18,7.114014848640095e-06,0,0,0
SITE0037,2026-05-19,5.293397544986842e-06,0,0,0
SITE0037,2026-05-20,5.5555293873318976e-06,0,0,0
SITE0037,2026-05-21,6.492699435201182e-06,0,0,0
SITE0037,2026-05-22,5.867448299764025e-06,0,0,0
SITE0037,2026-05-23,5.74118420675809e-06,0,0,0
SITE0037,2026-05-24,5.934317299643212e-06,0,0,0
SITE0037,2026-05-25,5.788812215803297e-06,0,0,0
SITE0037,2026-05-26,6.266711109736325e-06,0,0,0
SITE0037,2026-05-27,6.404131295483475e-06,0,0,0
SITE0037,2026-05-28,6.488081588547781e-06,0,0,0
SITE0037,2026-05-29,1.160429231731606e-05,0,0,0
SITE0037,2026-05-30,8.10562151559346e-06,0,0,0
SITE0037,2026-05-31,6.7009898489116365e-06,0,0,0
SITE0037,2026-06-01,6.1699664949047235e-06,0,0,0
SITE0037,2026-06-02,5.013032229615567e-06,0,0,0
SITE0037,2026-06-03,4.821884011708297e-06,0,0,0
SITE0037,2026-06-04,4.2341421856001515e-06,0,0,0
SITE0037,2026-06-05,4.051325504546892e-06,0,0,0
SITE0037,2026-06-06,4.328858654425848e-06,0,0,0
SITE0037,2026-06-07,7.4014568490630835e-06,0,0,0
SITE0037,2026-06-08,4.8809131141754706e-06,0,0,0
SITE0037,2026-06-09,6.082423202655222e-06,0,0,0
SITE0037,2026-06-10,5.540319194737198e-06,0,0,0
SITE0037,2026-06-11,5.7853638633358075e-06,0,0,0
SITE0037,2026-06-12,7.262261584262642e-06,0,0,0
SITE0037,2026-06-13,6.52249489719024e-06,0,0,0
SITE0037,2026-06-14,6.836646220580314e-06,0,0,0
SITE0037,2026-06-15,6.6364729959131255e-06,0,0,0
SITE0037,2026-06-16,9.40971880576334e-06,0,0,0
SITE0037,2026-06-17,5.472945087145831e-06,0,0,0
SITE0037,2026-06-18,5.2776197543182205e-06,0,0,0
SITE0037,2026-06-19,5.4991063204200145e-06,0,0,0
SITE0037,2026-06-20,4.8810060274996125e-06,0,0,0
SITE0037,2026-06-21,5.004170949915802e-06,0,0,0
SITE0037,2026-06-22,5.445508366268964e-06,0,0,0
SITE0037,2026-06-23,4.996900559628476e-06,0,0,0
SITE0037,2026-06-24,4.518735951327297e-06,0,0,0
SITE0037,2026-06-25,5.753218633262867e-06,0,0,0
SITE0037,2026-06-26,5.7917262516717145e-06,0,0,0
SITE0037,2026-06-27,4.879833598695497e-06,0,0,0
SITE0037,2026-06-28,5.019831436700832e-06,0,0,0
SITE0037,2026-06-29,4.642784061636562e-06,0,0,0
SITE0038,2026-04-01,1.0858575819956145e-05,0,0,0
SITE0038,2026-04-02,1.140571350706718e-05,0,0,0
SITE0038,2026-04-03,1.3843549814785176e-05,0,0,0
SITE0038,2026-04-04,1.010348492636398e-05,0,0,0
SITE0038,2026-04-05,1.0237933470078662e-05,0,0,0
SITE0038,2026-04-06,1.0756752958186095e-05,0,0,0
SITE0038,2026-04-07,1.0273981139488403e-05,0,0,0
SITE0038,2026-04-08,8.082642580571926e-06,0,0,0
SITE0038,2026-04-09,1.4940218338356239e-05,0,0,0
SITE0038,2026-04-10,8.280107745155134e-06,0,0,0
SITE0038,2026-04-11,9.974768119911612e-06,0,0,0
SITE0038,2026-04-12,1.293817255227668e-05,0,0,0
SITE0038,2026-04-13,1.7819450770006476e-05,0,0,0
SITE0038,2026-04-14,1.3960287266371128e-05,0,0,0
SITE0038,2026-04-15,1.512979519236986e-05,0,0,0
SITE0038,2026-04-16,8.792297133754504e-06,0,0,0
SITE0038,2026-04-17,8.45402705843044e-06,0,0,0
SITE0038,2026-04-18,8.723769734253383e-06,0,0,0
SITE0038,2026-04-19,9.061665348481878e-06,0,0,0
SITE0038,2026-04-20,7.482627317447159e-06,0,0,0
SITE0038,2026-04-21,8.13267407584561e-06,0,0,0
SITE0038,2026-04-22,1.805902353256574e-05,0,0,0
SITE0038,2026-04-23,7.990689152023352e-06,0,0,0
SITE0038,2026-04-24,7.141486407611664e-06,0,0,0
SITE0038,2026-04-25,7.301154277990942e-06,0,0,0
SITE0038,2026-04-26,8.0773069753108e-06,0,0,0
SITE0038,2026-04-27,7.196032224486115e-06,0,0,0
SITE0038,2026-04-28,8.017422949281604e-06,0,0,0
SITE0038,2026-04-29,9.5715400468335e-06,0,0,0
SITE0038,2026-04-30,9.957497417000636e-06,0,0,0
SITE0038,2026-05-01,8.60744229132466e-06,0,0,0
SITE0038,2026-05-02,8.61030006904521e-06,0,0,0
SITE0038,2026-05-03,1.0989508725759482e-05,0,0,0
SITE0038,2026-05-04,9.160670163215598e-06,0,0,0
SITE0038,2026-05-05,8.966953798973076e-06,0,0,0
SITE0038,2026-05-06,8.744262581974269e-06,0,0,0
SITE0038,2026-05-07,1.0615367005954543e-05,0,0,0
SITE0038,2026-05-08,7.790025737630234e-06,0,0,0
SITE0038,2026-05-09,9.405849080867321e-06,0,0,0
SITE0038,2026-05-10,9.402579538993928e-06,0,0,0
SITE0038,2026-05-11,7.193116610377392e-06,0,0,0
SITE0038,2026-05-12,8.790063888638375e-06,0,0,0
SITE0038,2026-05-13,7.192946181806618e-06,0,0,0
SITE0038,2026-05-14,7.182759539029401e-06,0,0,0
SITE0038,2026-05-15,8.722232647251287e-06,0,0,0
SITE0038,2026-05-16,7.140049149202309e-06,0,0,0
SITE0038,2026-05-17,6.950118043474633e-06,0,0,0
SITE0038,2026-05-18,8.669242201215467e-06,0,0,0
SITE0038,2026-05-19,1.1071633230331131e-05,0,0,0
SITE0038,2026-05-20,7.194573397381115e-06,0,0,0
SITE0038,2026-05-21,8.410372251837086e-06,0,0,0
SITE0038,2026-05-22,9.747271068444773e-06,0,0,0
SITE0038,2026-05-23,1.034083631459278e-05,0,0,0
SITE0038,2026-05-24,9.833299288023772e-06,0,0,0
SITE0038,2026-05-25,9.68046879377613e-06,0,0,0
SITE0038,2026-05-26,8.851445103713226e-06,0,0,0
SITE0038,2026-05-27,1.605149432284423e-05,0,0,0
SITE0038,2026-05-28,1.8329210913417607e-05,0,0,0
SITE0038,2026-05-29,1.9217336802771466e-05,0,0,0
SITE0038,2026-05-30,7.950855799573416e-06,0,0,0
SITE0038,2026-05-31,1.1195538570317133e-05,0,0,0
SITE0038,2026-06-01,2.1474170163341515e-05,0,0,0
SITE0038,2026-06-02,1.564658366747844e-05,0,0,0
SITE0038,2026-06-03,1.76786399191509e-05,0,0,0
SITE0038,2026-06-04,7.560776149023477e-06,0,0,0
SITE0038,2026-06-05,8.910421592655254e-06,0,0,0
SITE0038,2026-06-06,2.706089741488753e-05,0,0,0
SITE0038,2026-06-07,8.396407720401155e-06,0,0,0
SITE0038,2026-06-08,6.892811257888248e-06,0,0,0
SITE0038,2026-06-09,9.452509020331661e-06,0,0,0
SITE0038,2026-06-10,1.1410940849284031e-05,0,0,0
SITE0038,2026-06-11,1.3000155513314848e-05,0,0,0
SITE0038,2026-06-12,8.34022025210103e-06,0,0,0
SITE0038,2026-06-13,8.263253985739394e-06,0,0,0
SITE0038,2026-06-14,7.143153102148288e-06,0,0,0
SITE0038,2026-06-15,7.45193910060112e-06,0,0,0
SITE0038,2026-06-16,8.787187820999363e-06,0,0,0
SITE0038,2026-06-17,8.51130504864778e-06,0,0,0
SITE0038,2026-06-18,6.662672291159874e-06,0,0,0
SITE0038,2026-06-19,6.832861857208056e-06,0,0,0
SITE0038,2026-06-20,8.723655992009493e-06,0,0,0
SITE0038,2026-06-21,1.4861134177391805e-05,0,0,0
SITE0038,2026-06-22,1.0136804554648043e-05,0,0,0
SITE0038,2026-06-23,6.783177867906387e-06,0,0,0
SITE0038,2026-06-24,7.663095479658969e-06,0,0,0
SITE0038,2026-06-25,1.4922082695840314e-05,0,0,0
SITE0038,2026-06-26,1.2716033582318548e-05,0,0,0
SITE0038,2026-06-27,8.80899769658522e-06,0,0,0
SITE0038,2026-06-28,7.832340679832623e-06,0,0,0
SITE0038,2026-06-29,1.1092908043033135e-05,0,0,0
SITE0039,2026-04-01,1.1807121543633242e-05,0,0,0
SITE0039,2026-04-02,1.0883681751619246e-05,0,0,0
SITE0039,2026-04-03,9.166759227960233e-06,0,0,0
SITE0039,2026-04-04,7.75998989794041e-06,0,0,0
SITE0039,2026-04-05,8.281397568518757e-06,0,0,0
SITE0039,2026-04-06,1.1061431090046596e-05,0,0,0
SITE0039,2026-04-07,1.077902183968311e-05,0,0,0
SITE0039,2026-04-08,1.0957508512509819e-05,0,0,0
SITE0039,2026-04-09,1.3049260889633762e-05,0,0,0
SITE0039,2026-04-10,1.4089138596272957e-05,0,0,0
SITE0039,2026-04-11,1.1896882924700055e-05,0,0,0
SITE0039,2026-04-12,1.261903282089487e-05,0,0,0
SITE0039,2026-04-13,1.4002971639800587e-05,0,0,0
SITE0039,2026-04-14,1.2120120072697838e-05,0,0,0
SITE0039,2026-04-15,1.366265416486124e-05,0,0,0
SITE0039,2026-04-16,1.6291630288157953e-05,0,0,0
SITE0039,2026-04-17,1.1900227061364705e-05,0,0,0
SITE0039,2026-04-18,1.811316316528661e-05,0,0,0
SITE0039,2026-04-19,1.3518494049033638e-05,0,0,0
SITE0039,2026-04-20,1.3885839649320978e-05,0,0,0
SITE0039,2026-04-21,1.0719089430643738e-05,0,0,0
SITE0039,2026-04-22,1.2514375324430287e-05,0,0,0
SITE0039,2026-04-23,1.0114191756114846e-05,0,0,0
SITE0039,2026-04-24,1.6313922250116883e-05,0,0,0
SITE0039,2026-04-25,1.2188744087345186e-05,0,0,0
SITE0039,2026-04-26,1.2124398616384525e-05,0,0,0
SITE0039,2026-04-27,1.1038922595713387e-05,0,0,0
SITE0039,2026-04-28,1.548540128326687e-05,0,0,0
SITE0039,2026-04-29,1.216386796346679e-05,0,0,0
SITE0039,2026-04-30,1.3165482594434816e-05,0,0,0
SITE0039,2026-05-01,1.007480552899774e-05,0,0,0
SITE0039,2026-05-02,1.3313710791447603e-05,0,0,0
SITE0039,2026-05-03,1.0670817550122555e-05,0,0,0
SITE0039,2026-05-04,1.160204741055176e-05,0,0,0
SITE0039,2026-05-05,8.60454626970408e-06,0,0,0
SITE0039,2026-05-06,8.718639768744412e-06,0,0,0
SITE0039,2026-05-07,8.554762696984561e-06,0,0,0
SITE0039,2026-05-08,1.2332544321502656e-05,0,0,0
SITE0039,2026-05-09,1.060867290756961e-05,0,0,0
SITE0039,2026-05-10,1.192867516180942e-05,0,0,0
SITE0039,2026-05-11,9.458746434638913e-06,0,0,0
SITE0039,2026-05-12,1.272549052404337e-05,0,0,0
SITE0039,2026-05-13,1.3896959810151478e-05,0,0,0
SITE0039,2026-05-14,1.4785385978736106e-05,0,0,0
SITE0039,2026-05-15,1.630506911032327e-05,0,0,0
SITE0039,2026-05-16,1.0287510166931295e-05,0,0,0
SITE0039,2026-05-17,9.660809538417688e-06,0,0,0
SITE0039,2026-05-18,1.0967185224643559e-05,0,0,0
SITE0039,2026-05-19,1.5739442897197866e-05,0,0,0
SITE0039,2026-05-20,1.3032092796630052e-05,0,0,0
SITE0039,2026-05-21,1.2263607607174431e-05,0,0,0
SITE0039,2026-05-22,1.1875983502594212e-05,0,0,0
SITE0039,2026-05-23,1.6553743908910796e-05,0,0,0
SITE0039,2026-05-24,1.5973763244293025e-05,0,0,0
SITE0039,2026-05-25,0.00012208387473892581,0,0,0
SITE0039,2026-05-26,2.6945480217041557e-05,0,0,0
SITE0039,2026-05-27,2.8684668410077794e-05,0,0,0
SITE0039,2026-05-28,2.047264861481467e-05,0,0,0
SITE0039,2026-05-29,1.4396217371766587e-05,0,0,0
SITE0039,2026-05-30,1.1610440059644914e-05,0,0,0
SITE0039,2026-05-31,1.4966134058439495e-05,0,0,0
SITE0039,2026-06-01,1.1366400168654368e-05,0,0,0
SITE0039,2026-06-02,1.1927779465225117e-05,0,0,0
SITE0039,2026-06-03,2.7440130138350246e-05,0,0,0
SITE0039,2026-06-04,1.458684703512925e-05,0,0,0
SITE0039,2026-06-05,1.316668951844038e-05,0,0,0
SITE0039,2026-06-06,1.1011790505004643e-05,0,0,0
SITE0039,2026-06-07,1.3623377734836526e-05,0,0,0
SITE0039,2026-06-08,1.515615220618387e-05,0,0,0
SITE0039,2026-06-09,1.1736121846798334e-05,0,0,0
SITE0039,2026-06-10,1.1673617813138517e-05,0,0,0
SITE0039,2026-06-11,1.221668674870469e-05,0,0,0
SITE0039,2026-06-12,1.1320569678783171e-05,0,0,0
SITE0039,2026-06-13,1.1591296283018705e-05,0,0,0
SITE0039,2026-06-14,1.1290763137669469e-05,0,0,0
SITE0039,2026-06-15,1.0929387870807343e-05,0,0,0
SITE0039,2026-06-16,1.137959132597547e-05,0,0,0
SITE0039,2026-06-17,1.1347373656300298e-05,0,0,0
SITE0039,2026-06-18,1.017283312124578e-05,0,0,0
SITE0039,2026-06-19,9.510083001025515e-06,0,0,0
SITE0039,2026-06-20,1.1267535414471635e-05,0,0,0
SITE0039,2026-06-21,8.891478702674881e-06,0,0,0
SITE0039,2026-06-22,1.1485921298230443e-05,0,0,0
SITE0039,2026-06-23,1.1654732892540327e-05,0,0,0
SITE0039,2026-06-24,1.4617641265958456e-05,0,0,0
SITE0039,2026-06-25,9.077779377792914e-06,0,0,0
SITE0039,2026-06-26,9.332927008602992e-06,0,0,0
SITE0039,2026-06-27,1.1587945365391204e-05,0,0,0
SITE0039,2026-06-28,9.400829663039186e-06,0,0,0
SITE0039,2026-06-29,1.1718490521152924e-05,0,0,0
SITE0040,2026-04-01,1.0374801217641999e-05,0,0,0
SITE0040,2026-04-02,1.1876790109655958e-05,0,0,0
SITE0040,2026-04-03,1.1493280165599192e-05,0,0,0
SITE0040,2026-04-04,1.1358571735597903e-05,0,0,0
SITE0040,2026-04-05,1.1200543721574637e-05,0,0,0
SITE0040,2026-04-06,1.1084957851969496e-05,0,0,0
SITE0040,2026-04-07,1.1121304690960553e-05,0,0,0
SITE0040,2026-04-08,1.1101860521417424e-05,0,0,0
SITE0040,2026-04-09,1.1106351519600881e-05,0,0,0
SITE0040,2026-04-10,1.1207412767295835e-05,0,0,0
SITE0040,2026-04-11,1.1094454549510691e-05,0,0,0
SITE0040,2026-04-12,9.376547692349133e-06,0,0,0
SITE0040,2026-04-13,9.656692756288241e-06,0,0,0
SITE0040,2026-04-14,9.423144825445921e-06,0,0,0
SITE0040,2026-04-15,9.10933604297237e-06,0,0,0
SITE0040,2026-04-16,9.49495042576542e-06,0,0,0
SITE0040,2026-04-17,8.990732314692667e-06,0,0,0
SITE0040,2026-04-18,8.826636300269017e-06,0,0,0
SITE0040,2026-04-19,1.157460357493315e-05,0,0,0
SITE0040,2026-04-20,1.0934899961585842e-05,0,0,0
SITE0040,2026-04-21,1.0877966969350162e-05,0,0,0
SITE0040,2026-04-22,1.0875925543306118e-05,0,0,0
SITE0040,2026-04-23,1.0948903333653736e-05,0,0,0
SITE0040,2026-04-24,1.1904007830782221e-05,0,0,0
SITE0040,2026-04-25,1.1142872684593607e-05,0,0,0
SITE0040,2026-04-26,1.0003044240385132e-05,0,0,0
SITE0040,2026-04-27,1.0773414433531086e-05,0,0,0
SITE0040,2026-04-28,1.1999435649660952e-05,0,0,0
SITE0040,2026-04-29,1.0678358914116926e-05,0,0,0
SITE0040,2026-04-30,1.1008918470141463e-05,0,0,0
SITE0040,2026-05-01,1.0518766900297075e-05,0,0,0
SITE0040,2026-05-02,1.1086792186758002e-05,0,0,0
SITE0040,2026-05-03,1.1089061586140601e-05,0,0,0
SITE0040,2026-05-04,1.0921209114027824e-05,0,0,0
SITE0040,2026-05-05,1.1290552351353944e-05,0,0,0
SITE0040,2026-05-06,9.127054779529841e-06,0,0,0
SITE0040,2026-05-07,9.568896993943075e-06,0,0,0
SITE0040,2026-05-08,1.017793917914001e-05,0,0,0
SITE0040,2026-05-09,9.33833422291087e-06,0,0,0
SITE0040,2026-05-10,9.04558142365615e-06,0,0,0
SITE0040,2026-05-11,1.0003235314337947e-05,0,0,0
SITE0040,2026-05-12,9.699606216324423e-06,0,0,0
SITE0040,2026-05-13,2.519135326563978e-05,0,0,0
SITE0040,2026-05-14,1.0908123577850821e-05,0,0,0
SITE0040,2026-05-15,1.0593185143960166e-05,0,0,0
SITE0040,2026-05-16,1.1036730878850858e-05,0,0,0
SITE0040,2026-05-17,1.0802020909296749e-05,0,0,0
SITE0040,2026-05-18,1.1471718724142495e-05,0,0,0
SITE0040,2026-05-19,1.0886122829839304e-05,0,0,0
SITE0040,2026-05-20,1.0827488214982639e-05,0,0,0
SITE0040,2026-05-21,1.0771310246082384e-05,0,0,0
SITE0040,2026-05-22,1.0760278806114379e-05,0,0,0
SITE0040,2026-05-23,1.101802588416659e-05,0,0,0
SITE0040,2026-05-24,1.3195473501214891e-05,0,0,0
SITE0040,2026-05-25,1.121020466791163e-05,0,0,0
SITE0040,2026-05-26,1.0924953436716435e-05,0,0,0
SITE0040,2026-05-27,1.0764288416681497e-05,0,0,0
SITE0040,2026-05-28,1.1635617133218004e-05,0,0,0
SITE0040,2026-05-29,1.203541364114865e-05,0,0,0
SITE0040,2026-05-30,1.1205785646676126e-05,0,0,0
SITE0040,2026-05-31,1.1150096420050407e-05,0,0,0
SITE0040,2026-06-01,1.1147845978167198e-05,0,0,0
SITE0040,2026-06-02,1.0055714970498983e-05,0,0,0
SITE0040,2026-06-03,1.0720998401072043e-05,0,0,0
SITE0040,2026-06-04,1.0710622858417094e-05,0,0,0
SITE0040,2026-06-05,1.058487531771691e-05,0,0,0
SITE0040,2026-06-06,1.0522177216739735e-05,0,0,0
SITE0040,2026-06-07,1.0051631878901424e-05,0,0,0
SITE0040,2026-06-08,9.793930109777133e-06,0,0,0
SITE0040,2026-06-09,1.0111017130540857e-05,0,0,0
SITE0040,2026-06-10,1.172893804872339e-05,0,0,0
SITE0040,2026-06-11,1.1098597964803067e-05,0,0,0
SITE0040,2026-06-12,1.0133418387703537e-05,0,0,0
SITE0040,2026-06-13,1.0816713518240063e-05,0,0,0
SITE0040,2026-06-14,1.1205644729388049e-05,0,0,0
SITE0040,2026-06-15,1.114603303672439e-05,0,0,0
SITE0040,2026-06-16,1.1143514603369704e-05,0,0,0
SITE0040,2026-06-17,1.1223359157841772e-05,0,0,0
SITE0040,2026-06-18,1.1217018612148182e-05,0,0,0
SITE0040,2026-06-19,1.0691199896668521e-05,0,0,0
SITE0040,2026-06-20,9.021820888814572e-06,0,0,0
SITE0040,2026-06-21,9.468261342923947e-06,0,0,0
SITE0040,2026-06-22,8.478501459065743e-06,0,0,0
SITE0040,2026-06-23,9.479169370336639e-06,0,0,0
SITE0040,2026-06-24,8.893236025864952e-06,0,0,0
SITE0040,2026-06-25,9.481350428865441e-06,0,0,0
SITE0040,2026-06-26,9.404123738415835e-06,0,0,0
SITE0040,2026-06-27,9.066795763222428e-06,0,0,0
SITE0040,2026-06-28,9.259805988035724e-06,0,0,0
SITE0040,2026-06-29,8.514931660203836e-06,0,0,0
SITE0041,2026-04-01,1.0949642118866179e-05,0,0,0
SITE0041,2026-04-02,8.92580531300411e-06,0,0,0
SITE0041,2026-04-03,9.22000102866712e-06,0,0,0
SITE0041,2026-04-04,1.4320841769390762e-05,0,0,0
SITE0041,2026-04-05,1.033635244979525e-05,0,0,0
SITE0041,2026-04-06,1.2641286622911994e-05,0,0,0
SITE0041,2026-04-07,9.389884467493712e-06,0,0,0
SITE0041,2026-04-08,9.247995973513472e-06,0,0,0
SITE0041,2026-04-09,9.39855196320714e-06,0,0,0
SITE0041,2026-04-10,1.040821089461578e-05,0,0,0
SITE0041,2026-04-11,1.0276955374281081e-05,0,0,0
SITE0041,2026-04-12,1.0070727584342352e-05,0,0,0
SITE0041,2026-04-13,1.265365498403893e-05,0,0,0
SITE0041,2026-04-14,9.655255401973899e-06,0,0,0
SITE0041,2026-04-15,9.570289474530012e-06,0,0,0
SITE0041,2026-04-16,1.198052423284296e-05,0,0,0
SITE0041,2026-04-17,1.3004090769136627e-05,0,0,0
SITE0041,2026-04-18,1.0135796498351978e-05,0,0,0
SITE0041,2026-04-19,9.002232255372228e-06,0,0,0
SITE0041,2026-04-20,9.533766627085734e-06,0,0,0
SITE0041,2026-04-21,1.0785402220232221e-05,0,0,0
SITE0041,2026-04-22,9.55327307532467e-06,0,0,0
SITE0041,2026-04-23,9.676324855346658e-06,0,0,0
SITE0041,2026-04-24,1.2141248519625361e-05,0,0,0
SITE0041,2026-04-25,9.95405453323777e-06,0,0,0
SITE0041,2026-04-26,1.676448795971028e-05,0,0,0
SITE0041,2026-04-27,1.0043249657627378e-05,0,0,0
SITE0041,2026-04-28,1.1055419598269114e-05,0,0,0
SITE0041,2026-04-29,9.984950263432542e-06,0,0,0
SITE0041,2026-04-30,1.2319716775852776e-05,0,0,0
SITE0041,2026-05-01,1.119563308559149e-05,0,0,0
SITE0041,2026-05-02,9.583351359266651e-06,0,0,0
SITE0041,2026-05-03,1.4225503099928559e-05,0,0,0
SITE0041,2026-05-04,1.1313540033163671e-05,0,0,0
SITE0041,2026-05-05,9.73172787620068e-06,0,0,0
SITE0041,2026-05-06,1.0246678310333783e-05,0,0,0
SITE0041,2026-05-07,1.2360828431918936e-05,0,0,0
SITE0041,2026-05-08,1.2997929090025325e-05,0,0,0
SITE0041,2026-05-09,1.2376723898987223e-05,0,0,0
SITE0041,2026-05-10,1.018391403548845e-05,0,0,0
SITE0041,2026-05-11,1.0017890737471962e-05,0,0,0
SITE0041,2026-05-12,9.814616900308848e-06,0,0,0
SITE0041,2026-05-13,1.1259467050330917e-05,0,0,0
SITE0041,2026-05-14,9.23347287619723e-06,0,0,0
SITE0041,2026-05-15,9.16732601212149e-06,0,0,0
SITE0041,2026-05-16,9.070245568750863e-06,0,0,0
SITE0041,2026-05-17,1.882796584222271e-05,0,0,0
SITE0041,2026-05-18,1.9380890222292035e-05,0,0,0
SITE0041,2026-05-19,1.1917709476416923e-05,0,0,0
SITE0041,2026-05-20,1.0408762651839623e-05,0,0,0
SITE0041,2026-05-21,9.660855443436936e-06,0,0,0
SITE0041,2026-05-22,8.950693858238473e-06,0,0,0
SITE0041,2026-05-23,1.0065802626516368e-05,0,0,0
SITE0041,2026-05-24,1.1775373746367734e-05,0,0,0
SITE0041,2026-05-25,1.2512990544815662e-05,0,0,0
SITE0041,2026-05-26,9.222847759091857e-06,0,0,0
SITE0041,2026-05-27,9.629104116485612e-06,0,0,0
SITE0041,2026-05-28,9.550396564618539e-06,0,0,0
SITE0041,2026-05-29,1.0073839502006977e-05,0,0,0
SITE0041,2026-05-30,9.613261633460505e-06,0,0,0
SITE0041,2026-05-31,1.48912849351701e-05,0,0,0
SITE0041,2026-06-01,1.173673429595995e-05,0,0,0
SITE0041,2026-06-02,1.1032574991800636e-05,0,0,0
SITE0041,2026-06-03,1.0324893742338224e-05,0,0,0
SITE0041,2026-06-04,1.0374543957876009e-05,0,0,0
SITE0041,2026-06-05,9.969250077561656e-06,0,0,0
SITE0041,2026-06-06,1.1223275154094873e-05,0,0,0
SITE0041,2026-06-07,1.285192646418555e-05,0,0,0
SITE0041,2026-06-08,1.2813151067619484e-05,0,0,0
SITE0041,2026-06-09,9.919670610427045e-06,0,0,0
SITE0041,2026-06-10,1.044668976281365e-05,0,0,0
SITE0041,2026-06-11,1.0781749462202902e-05,0,0,0
SITE0041,2026-06-12,1.2664371462656574e-05,0,0,0
SITE0041,2026-06-13,9.737160791887177e-06,0,0,0
SITE0041,2026-06-14,1.1225374725430116e-05,0,0,0
SITE0041,2026-06-15,1.196244501475613e-05,0,0,0
SITE0041,2026-06-16,8.406115700168656e-06,0,0,0
SITE0041,2026-06-17,1.0630531309869083e-05,0,0,0
SITE0041,2026-06-18,9.669117309607732e-06,0,0,0
SITE0041,2026-06-19,1.3321074713553939e-05,0,0,0
SITE0041,2026-06-20,1.2921016899000017e-05,0,0,0
SITE0041,2026-06-21,1.3483243638918027e-05,0,0,0
SITE0041,2026-06-22,1.2616612585330146e-05,0,0,0
SITE0041,2026-06-23,9.613384183431906e-06,0,0,0
SITE0041,2026-06-24,1.0714279614372425e-05,0,0,0
SITE0041,2026-06-25,1.2002563183695367e-05,0,0,0
SITE0041,2026-06-26,1.1334669253128968e-05,0,0,0
SITE0041,2026-06-27,1.035348710908057e-05,0,0,0
SITE0041,2026-06-28,9.01623661868967e-06,0,0,0
SITE0041,2026-06-29,1.4651961038766497e-05,0,0,0
SITE0042,2026-04-01,9.822166439740557e-06,0,0,0
SITE0042,2026-04-02,9.814045277272733e-06,0,0,0
SITE0042,2026-04-03,9.447662138804482e-06,0,0,0
SITE0042,2026-04-04,8.691224941624143e-06,0,0,0
SITE0042,2026-04-05,1.0008254745352342e-05,0,0,0
SITE0042,2026-04-06,1.2481741046004099e-05,0,0,0
SITE0042,2026-04-07,7.8076225448623e-06,0,0,0
SITE0042,2026-04-08,1.1061825567321343e-05,0,0,0
SITE0042,2026-04-09,6.9658974300864235e-06,0,0,0
SITE0042,2026-04-10,1.17591482685006e-05,0,0,0
SITE0042,2026-04-11,9.379731998525008e-06,0,0,0
SITE0042,2026-04-12,1.0412411393370766e-05,0,0,0
SITE0042,2026-04-13,6.626084384613483e-06,0,0,0
SITE0042,2026-04-14,9.61896486461501e-06,0,0,0
SITE0042,2026-04-15,1.1837067110424436e-05,0,0,0
SITE0042,2026-04-16,7.003853045365866e-06,0,0,0
SITE0042,2026-04-17,8.945223531495209e-06,0,0,0
SITE0042,2026-04-18,8.957807181925193e-06,0,0,0
SITE0042,2026-04-19,9.218030783247835e-06,0,0,0
SITE0042,2026-04-20,7.49263807991867e-06,0,0,0
SITE0042,2026-04-21,8.049108823818033e-06,0,0,0
SITE0042,2026-04-22,8.044605559489434e-06,0,0,0
SITE0042,2026-04-23,1.2914435121410664e-05,0,0,0
SITE0042,2026-04-24,9.223160791520784e-06,0,0,0
SITE0042,2026-04-25,9.337689300269995e-06,0,0,0
SITE0042,2026-04-26,7.735929895654569e-06,0,0,0
SITE0042,2026-04-27,6.981397737165741e-06,0,0,0
SITE0042,2026-04-28,1.7736284911845816e-05,0,0,0
SITE0042,2026-04-29,9.570000915772019e-06,0,0,0
SITE0042,2026-04-30,1.1632494572878909e-05,0,0,0
SITE0042,2026-05-01,7.769442699738433e-06,0,0,0
SITE0042,2026-05-02,9.218119383143395e-06,0,0,0
SITE0042,2026-05-03,1.1156932580202164e-05,0,0,0
SITE0042,2026-05-04,9.782719144377215e-06,0,0,0
SITE0042,2026-05-05,1.2202950657861611e-05,0,0,0
SITE0042,2026-05-06,8.049961514486458e-06,0,0,0
SITE0042,2026-05-07,8.04359839207629e-06,0,0,0
SITE0042,2026-05-08,9.500086668251913e-06,0,0,0
SITE0042,2026-05-09,9.21511732690242e-06,0,0,0
SITE0042,2026-05-10,9.92784166869916e-06,0,0,0
SITE0042,2026-05-11,8.838468352796117e-06,0,0,0
SITE0042,2026-05-12,8.655510707048687e-06,0,0,0
SITE0042,2026-05-13,1.0434587907929247e-05,0,0,0
SITE0042,2026-05-14,9.942914815700153e-06,0,0,0
SITE0042,2026-05-15,1.900465705808955e-05,0,0,0
SITE0042,2026-05-16,1.5738853820861615e-05,0,0,0
SITE0042,2026-05-17,1.6858403586988065e-05,0,0,0
SITE0042,2026-05-18,2.289361854369813e-05,0,0,0
SITE0042,2026-05-19,0.0012890668676900333,0,0,0
SITE0042,2026-05-20,0.8945419913816139,1,1,0
SITE0042,2026-05-21,0.9998697188622749,1,1,0
SITE0042,2026-05-22,0.9999620283299477,1,1,0
SITE0042,2026-05-23,0.999965391124265,1,1,0
SITE0042,2026-05-24,0.9999618521065476,1,1,0
SITE0042,2026-05-25,0.9999854422554506,1,1,0
SITE0042,2026-05-26,0.9999718276893506,1,1,0
SITE0042,2026-05-27,0.9999817438305068,1,1,0
SITE0042,2026-05-28,0.9999749070824613,1,1,0
SITE0042,2026-05-29,0.9999856261116405,1,1,0
SITE0042,2026-05-30,0.9999451969269313,1,1,0
SITE0042,2026-05-31,0.9998936938194494,1,1,0
SITE0042,2026-06-01,0.997980031375616,1,1,0
SITE0042,2026-06-02,0.9883515104760254,1,1,0
SITE0042,2026-06-03,0.9520195575060713,1,0,1
SITE0042,2026-06-04,0.00055375912419213,0,0,0
SITE0042,2026-06-05,0.0005910663103019812,0,0,0
SITE0042,2026-06-06,5.116208771348137e-05,0,0,0
SITE0042,2026-06-07,5.078013057126737e-05,0,0,0
SITE0042,2026-06-08,4.293874513661288e-05,0,0,0
SITE0042,2026-06-09,3.8045860951266055e-05,0,0,0
SITE0042,2026-06-10,2.1745475320259653e-05,0,0,0
SITE0042,2026-06-11,1.801181402626432e-05,0,0,0
SITE0042,2026-06-12,2.1987791577696787e-05,0,0,0
SITE0042,2026-06-13,1.392392174549178e-05,0,0,0
SITE0042,2026-06-14,1.4906308958081904e-05,0,0,0
SITE0042,2026-06-15,2.1472127373247953e-05,0,0,0
SITE0042,2026-06-16,1.5376392107764873e-05,0,0,0
SITE0042,2026-06-17,1.1942526480597984e-05,0,0,0
SITE0042,2026-06-18,8.432473164153429e-06,0,0,0
SITE0042,2026-06-19,1.0916420777818232e-05,0,0,0
SITE0042,2026-06-20,1.0346279480619608e-05,0,0,0
SITE0042,2026-06-21,1.709981516126828e-05,0,0,0
SITE0042,2026-06-22,1.1759848329699326e-05,0,0,0
SITE0042,2026-06-23,1.1777625523113788e-05,0,0,0
SITE0042,2026-06-24,1.1680551662383653e-05,0,0,0
SITE0042,2026-06-25,1.924258076410849e-05,0,0,0
SITE0042,2026-06-26,1.905127833957049e-05,0,0,0
SITE0042,2026-06-27,1.6539837353632425e-05,0,0,0
SITE0042,2026-06-28,3.6175008736360687e-05,0,0,0
SITE0042,2026-06-29,8.284258490811293e-06,0,0,0
SITE0043,2026-04-01,3.385996225570041e-05,0,0,0
SITE0043,2026-04-02,3.250404789992554e-05,0,0,0
SITE0043,2026-04-03,1.3328439298916339e-05,0,0,0
SITE0043,2026-04-04,1.4719864350035977e-05,0,0,0
SITE0043,2026-04-05,1.4835982676060022e-05,0,0,0
SITE0043,2026-04-06,4.4505870033742284e-05,0,0,0
SITE0043,2026-04-07,3.59225284406611e-05,0,0,0
SITE0043,2026-04-08,2.031652748657965e-05,0,0,0
SITE0043,2026-04-09,2.1539138268689726e-05,0,0,0
SITE0043,2026-04-10,2.2484649604021108e-05,0,0,0
SITE0043,2026-04-11,3.860607981251699e-05,0,0,0
SITE0043,2026-04-12,3.632435063394831e-05,0,0,0
SITE0043,2026-04-13,3.334510363390289e-05,0,0,0
SITE0043,2026-04-14,1.3466885355955896e-05,0,0,0
SITE0043,2026-04-15,1.5153838693318612e-05,0,0,0
SITE0043,2026-04-16,1.5680260743208084e-05,0,0,0
SITE0043,2026-04-17,3.590040477446821e-05,0,0,0
SITE0043,2026-04-18,1.3681212632827261e-05,0,0,0
SITE0043,2026-04-19,1.446193202799188e-05,0,0,0
SITE0043,2026-04-20,1.172900523755874e-05,0,0,0
SITE0043,2026-04-21,1.5261048032523466e-05,0,0,0
SITE0043,2026-04-22,1.5772403610112956e-05,0,0,0
SITE0043,2026-04-23,4.4643820777627775e-05,0,0,0
SITE0043,2026-04-24,1.343461869138484e-05,0,0,0
SITE0043,2026-04-25,1.5435976374263863e-05,0,0,0
SITE0043,2026-04-26,1.4491822491496462e-05,0,0,0
SITE0043,2026-04-27,1.3625849318509789e-05,0,0,0
SITE0043,2026-04-28,1.6255685635092703e-05,0,0,0
SITE0043,2026-04-29,1.6994089886053143e-05,0,0,0
SITE0043,2026-04-30,1.4755355165219536e-05,0,0,0
SITE0043,2026-05-01,8.81058783018522e-06,0,0,0
SITE0043,2026-05-02,1.0176170327689814e-05,0,0,0
SITE0043,2026-05-03,1.2353943884411398e-05,0,0,0
SITE0043,2026-05-04,1.9261912231754278e-05,0,0,0
SITE0043,2026-05-05,1.803337122050461e-05,0,0,0
SITE0043,2026-05-06,1.4954763078233183e-05,0,0,0
SITE0043,2026-05-07,2.0148096810078763e-05,0,0,0
SITE0043,2026-05-08,2.0299824856066368e-05,0,0,0
SITE0043,2026-05-09,1.3772098817178659e-05,0,0,0
SITE0043,2026-05-10,9.522146332802878e-06,0,0,0
SITE0043,2026-05-11,1.2187856338514664e-05,0,0,0
SITE0043,2026-05-12,1.7610623031717843e-05,0,0,0
SITE0043,2026-05-13,2.2364517567839604e-05,0,0,0
SITE0043,2026-05-14,3.116110448050332e-05,0,0,0
SITE0043,2026-05-15,1.8072026707270654e-05,0,0,0
SITE0043,2026-05-16,1.5307507667369254e-05,0,0,0
SITE0043,2026-05-17,1.8711103645339884e-05,0,0,0
SITE0043,2026-05-18,1.953159709874529e-05,0,0,0
SITE0043,2026-05-19,1.8646136857427186e-05,0,0,0
SITE0043,2026-05-20,1.5959781263668675e-05,0,0,0
SITE0043,2026-05-21,1.4786272066859398e-05,0,0,0
SITE0043,2026-05-22,2.8197120586850145e-05,0,0,0
SITE0043,2026-05-23,8.832913777116544e-06,0,0,0
SITE0043,2026-05-24,7.330713190849776e-06,0,0,0
SITE0043,2026-05-25,8.74832018522863e-06,0,0,0
SITE0043,2026-05-26,1.0289742919234246e-05,0,0,0
SITE0043,2026-05-27,7.1067776709822575e-06,0,0,0
SITE0043,2026-05-28,1.1789607568587045e-05,0,0,0
SITE0043,2026-05-29,1.1774402510356154e-05,0,0,0
SITE0043,2026-05-30,1.7154097173479416e-05,0,0,0
SITE0043,2026-05-31,1.3085353676124567e-05,0,0,0
SITE0043,2026-06-01,1.0764124165972782e-05,0,0,0
SITE0043,2026-06-02,2.5449428931381986e-05,0,0,0
SITE0043,2026-06-03,9.641577599656419e-06,0,0,0
SITE0043,2026-06-04,1.0258503547089387e-05,0,0,0
SITE0043,2026-06-05,1.4889114845272497e-05,0,0,0
SITE0043,2026-06-06,1.8043889716253576e-05,0,0,0
SITE0043,2026-06-07,2.1493573305605845e-05,0,0,0
SITE0043,2026-06-08,2.254463643339403e-05,0,0,0
SITE0043,2026-06-09,2.24812199206361e-05,0,0,0
SITE0043,2026-06-10,9.51745850403414e-06,0,0,0
SITE0043,2026-06-11,1.0641982588778112e-05,0,0,0
SITE0043,2026-06-12,1.3347898128587381e-05,0,0,0
SITE0043,2026-06-13,4.992834103783356e-05,0,0,0
SITE0043,2026-06-14,1.7044804156025082e-05,0,0,0
SITE0043,2026-06-15,1.330474830421874e-05,0,0,0
SITE0043,2026-06-16,1.1282020283770785e-05,0,0,0
SITE0043,2026-06-17,1.6182679523137854e-05,0,0,0
SITE0043,2026-06-18,1.319523895870931e-05,0,0,0
SITE0043,2026-06-19,9.425816007887702e-06,0,0,0
SITE0043,2026-06-20,1.1228431315839791e-05,0,0,0
SITE0043,2026-06-21,1.2638309683146843e-05,0,0,0
SITE0043,2026-06-22,9.909724290440498e-06,0,0,0
SITE0043,2026-06-23,1.2548510382966709e-05,0,0,0
SITE0043,2026-06-24,1.1797130496161456e-05,0,0,0
SITE0043,2026-06-25,1.8761153329050884e-05,0,0,0
SITE0043,2026-06-26,1.6161484661055477e-05,0,0,0
SITE0043,2026-06-27,1.9418554237120038e-05,0,0,0
SITE0043,2026-06-28,9.465899856402166e-06,0,0,0
SITE0043,2026-06-29,1.088162280297719e-05,0,0,0
SITE0044,2026-04-01,8.495645605606782e-05,0,0,0
SITE0044,2026-04-02,9.483531348384315e-05,0,0,0
SITE0044,2026-04-03,2.169796782202248e-05,0,0,0
SITE0044,2026-04-04,1.986357378776214e-05,0,0,0
SITE0044,2026-04-05,2.087097696383796e-05,0,0,0
SITE0044,2026-04-06,2.4636286129475805e-05,0,0,0
SITE0044,2026-04-07,3.3143604883550025e-05,0,0,0
SITE0044,2026-04-08,3.021321100409035e-05,0,0,0
SITE0044,2026-04-09,1.8123560703752965e-05,0,0,0
SITE0044,2026-04-10,1.5635006041471785e-05,0,0,0
SITE0044,2026-04-11,1.6670069073946966e-05,0,0,0
SITE0044,2026-04-12,2.772643261071339e-05,0,0,0
SITE0044,2026-04-13,3.819905672256292e-05,0,0,0
SITE0044,2026-04-14,2.5645655038847903e-05,0,0,0
SITE0044,2026-04-15,2.7034305113387493e-05,0,0,0
SITE0044,2026-04-16,2.590307916040769e-05,0,0,0
SITE0044,2026-04-17,2.8152208494885786e-05,0,0,0
SITE0044,2026-04-18,2.0707487390867913e-05,0,0,0
SITE0044,2026-04-19,3.4512909286502055e-05,0,0,0
SITE0044,2026-04-20,3.3903477712653076e-05,0,0,0
SITE0044,2026-04-21,0.0001295696913006493,0,0,0
SITE0044,2026-04-22,8.674174981548579e-05,0,0,0
SITE0044,2026-04-23,7.012940199064694e-05,0,0,0
SITE0044,2026-04-24,3.763059094830004e-05,0,0,0
SITE0044,2026-04-25,2.779908550366514e-05,0,0,0
SITE0044,2026-04-26,2.8532319074731013e-05,0,0,0
SITE0044,2026-04-27,2.2137680605356526e-05,0,0,0
SITE0044,2026-04-28,4.5445410786375716e-05,0,0,0
SITE0044,2026-04-29,3.115418617421648e-05,0,0,0
SITE0044,2026-04-30,2.7459665432297195e-05,0,0,0
SITE0044,2026-05-01,2.4155547402622398e-05,0,0,0
SITE0044,2026-05-02,2.9431999742763814e-05,0,0,0
SITE0044,2026-05-03,4.356417106412265e-05,0,0,0
SITE0044,2026-05-04,3.4355907787418985e-05,0,0,0
SITE0044,2026-05-05,2.5471616563865637e-05,0,0,0
SITE0044,2026-05-06,2.162661264808807e-05,0,0,0
SITE0044,2026-05-07,3.201786452733075e-05,0,0,0
SITE0044,2026-05-08,3.515824368412625e-05,0,0,0
SITE0044,2026-05-09,3.80982445725295e-05,0,0,0
SITE0044,2026-05-10,2.6497918619188374e-05,0,0,0
SITE0044,2026-05-11,2.4102340963313577e-05,0,0,0
SITE0044,2026-05-12,3.619620594633291e-05,0,0,0
SITE0044,2026-05-13,2.7929273544310944e-05,0,0,0
SITE0044,2026-05-14,2.3584335511269452e-05,0,0,0
SITE0044,2026-05-15,2.3446650163176127e-05,0,0,0
SITE0044,2026-05-16,4.027223744394076e-05,0,0,0
SITE0044,2026-05-17,8.205550667260493e-05,0,0,0
SITE0044,2026-05-18,4.959182980554276e-05,0,0,0
SITE0044,2026-05-19,5.185288854282681e-05,0,0,0
SITE0044,2026-05-20,3.274150546317987e-05,0,0,0
SITE0044,2026-05-21,3.5883592780848864e-05,0,0,0
SITE0044,2026-05-22,4.1579344874351376e-05,0,0,0
SITE0044,2026-05-23,3.340022515057425e-05,0,0,0
SITE0044,2026-05-24,4.406267046203399e-05,0,0,0
SITE0044,2026-05-25,2.1913940491241247e-05,0,0,0
SITE0044,2026-05-26,2.16925793200409e-05,0,0,0
SITE0044,2026-05-27,1.645939236661369e-05,0,0,0
SITE0044,2026-05-28,2.0523604655179414e-05,0,0,0
SITE0044,2026-05-29,3.691063730755059e-05,0,0,0
SITE0044,2026-05-30,4.303777752404798e-05,0,0,0
SITE0044,2026-05-31,2.5523674728014172e-05,0,0,0
SITE0044,2026-06-01,2.2176382085330947e-05,0,0,0
SITE0044,2026-06-02,1.8620247731865737e-05,0,0,0
SITE0044,2026-06-03,2.1078658645479974e-05,0,0,0
SITE0044,2026-06-04,2.932314481539021e-05,0,0,0
SITE0044,2026-06-05,2.4382732173673993e-05,0,0,0
SITE0044,2026-06-06,4.954426232495353e-05,0,0,0
SITE0044,2026-06-07,4.6507613330825825e-05,0,0,0
SITE0044,2026-06-08,8.113170212897369e-05,0,0,0
SITE0044,2026-06-09,3.216944470663895e-05,0,0,0
SITE0044,2026-06-10,3.231482355978194e-05,0,0,0
SITE0044,2026-06-11,2.8690722876590406e-05,0,0,0
SITE0044,2026-06-12,4.58276134279957e-05,0,0,0
SITE0044,2026-06-13,3.768000849304629e-05,0,0,0
SITE0044,2026-06-14,3.71877773482237e-05,0,0,0
SITE0044,2026-06-15,2.7411841293650154e-05,0,0,0
SITE0044,2026-06-16,3.369228327752179e-05,0,0,0
SITE0044,2026-06-17,3.1590871872409096e-05,0,0,0
SITE0044,2026-06-18,3.483736478138702e-05,0,0,0
SITE0044,2026-06-19,2.9687269229382083e-05,0,0,0
SITE0044,2026-06-20,2.9594899819271033e-05,0,0,0
SITE0044,2026-06-21,2.1994868109997065e-05,0,0,0
SITE0044,2026-06-22,2.581213978991293e-05,0,0,0
SITE0044,2026-06-23,4.857374676989068e-05,0,0,0
SITE0044,2026-06-24,5.446928619911471e-05,0,0,0
SITE0044,2026-06-25,8.580139735186341e-05,0,0,0
SITE0044,2026-06-26,2.8733325782126503e-05,0,0,0
SITE0044,2026-06-27,3.238084108885523e-05,0,0,0
SITE0044,2026-06-28,2.2822553015304502e-05,0,0,0
SITE0044,2026-06-29,2.340791392902e-05,0,0,0
SITE0045,2026-04-01,9.495277793956668e-06,0,0,0
SITE0045,2026-04-02,8.923965081310605e-06,0,0,0
SITE0045,2026-04-03,8.924577027393467e-06,0,0,0
SITE0045,2026-04-04,8.309672265873396e-06,0,0,0
SITE0045,2026-04-05,8.777368086380541e-06,0,0,0
SITE0045,2026-04-06,8.789834292195528e-06,0,0,0
SITE0045,2026-04-07,9.048162949473785e-06,0,0,0
SITE0045,2026-04-08,9.089692381540465e-06,0,0,0
SITE0045,2026-04-09,9.066680737283841e-06,0,0,0
SITE0045,2026-04-10,9.49307044388929e-06,0,0,0
SITE0045,2026-04-11,9.485555588287223e-06,0,0,0
SITE0045,2026-04-12,9.261127575669831e-06,0,0,0
SITE0045,2026-04-13,9.77173186429162e-06,0,0,0
SITE0045,2026-04-14,9.631063969659129e-06,0,0,0
SITE0045,2026-04-15,9.470137070822143e-06,0,0,0
SITE0045,2026-04-16,9.468873623886344e-06,0,0,0
SITE0045,2026-04-17,9.483204503019798e-06,0,0,0
SITE0045,2026-04-18,9.257988363308104e-06,0,0,0
SITE0045,2026-04-19,9.027012904387994e-06,0,0,0
SITE0045,2026-04-20,9.260815232285366e-06,0,0,0
SITE0045,2026-04-21,9.26017682048047e-06,0,0,0
SITE0045,2026-04-22,9.372251695110457e-06,0,0,0
SITE0045,2026-04-23,8.904770188883227e-06,0,0,0
SITE0045,2026-04-24,9.242158028642498e-06,0,0,0
SITE0045,2026-04-25,9.206416452883386e-06,0,0,0
SITE0045,2026-04-26,9.25879527009266e-06,0,0,0
SITE0045,2026-04-27,9.192854776655874e-06,0,0,0
SITE0045,2026-04-28,9.289201896196729e-06,0,0,0
SITE0045,2026-04-29,9.192906601912737e-06,0,0,0
SITE0045,2026-04-30,1.2298370085511764e-05,0,0,0
SITE0045,2026-05-01,9.21004278150973e-06,0,0,0
SITE0045,2026-05-02,9.139524482996725e-06,0,0,0
SITE0045,2026-05-03,9.20796137149767e-06,0,0,0
SITE0045,2026-05-04,8.975081959737889e-06,0,0,0
SITE0045,2026-05-05,8.975659080892569e-06,0,0,0
SITE0045,2026-05-06,9.02305370970421e-06,0,0,0
SITE0045,2026-05-07,9.525337410386546e-06,0,0,0
SITE0045,2026-05-08,9.438043210952893e-06,0,0,0
SITE0045,2026-05-09,9.258930489816882e-06,0,0,0
SITE0045,2026-05-10,8.97722833983359e-06,0,0,0
SITE0045,2026-05-11,1.1059271452532702e-05,0,0,0
SITE0045,2026-05-12,9.7589326785955e-06,0,0,0
SITE0045,2026-05-13,9.960236663593372e-06,0,0,0
SITE0045,2026-05-14,9.671772138858224e-06,0,0,0
SITE0045,2026-05-15,9.1244735611271e-06,0,0,0
SITE0045,2026-05-16,8.531210946769113e-06,0,0,0
SITE0045,2026-05-17,9.413584634188166e-06,0,0,0
SITE0045,2026-05-18,9.13300099601678e-06,0,0,0
SITE0045,2026-05-19,9.07103752777162e-06,0,0,0
SITE0045,2026-05-20,8.766926267217577e-06,0,0,0
SITE0045,2026-05-21,9.067123248034044e-06,0,0,0
SITE0045,2026-05-22,9.482052624760728e-06,0,0,0
SITE0045,2026-05-23,9.24133612492627e-06,0,0,0
SITE0045,2026-05-24,9.304280243654056e-06,0,0,0
SITE0045,2026-05-25,9.304413447778158e-06,0,0,0
SITE0045,2026-05-26,9.20702542112144e-06,0,0,0
SITE0045,2026-05-27,8.667659316820471e-06,0,0,0
SITE0045,2026-05-28,1.0797129346382733e-05,0,0,0
SITE0045,2026-05-29,9.257994866548536e-06,0,0,0
SITE0045,2026-05-30,8.992949947918467e-06,0,0,0
SITE0045,2026-05-31,9.731338331492485e-06,0,0,0
SITE0045,2026-06-01,9.003868468141525e-06,0,0,0
SITE0045,2026-06-02,9.044228658044478e-06,0,0,0
SITE0045,2026-06-03,8.977560591177398e-06,0,0,0
SITE0045,2026-06-04,9.481239788170034e-06,0,0,0
SITE0045,2026-06-05,9.258534030035484e-06,0,0,0
SITE0045,2026-06-06,9.442523333106687e-06,0,0,0
SITE0045,2026-06-07,8.522856437362212e-06,0,0,0
SITE0045,2026-06-08,9.077889143981415e-06,0,0,0
SITE0045,2026-06-09,9.023681050652182e-06,0,0,0
SITE0045,2026-06-10,8.812629081428064e-06,0,0,0
SITE0045,2026-06-11,9.023804346819057e-06,0,0,0
SITE0045,2026-06-12,8.812764062554396e-06,0,0,0
SITE0045,2026-06-13,9.317223880790648e-06,0,0,0
SITE0045,2026-06-14,9.205527932130013e-06,0,0,0
SITE0045,2026-06-15,8.971014429322914e-06,0,0,0
SITE0045,2026-06-16,8.433750233991133e-06,0,0,0
SITE0045,2026-06-17,9.25498345122213e-06,0,0,0
SITE0045,2026-06-18,8.73815657609222e-06,0,0,0
SITE0045,2026-06-19,8.929994675790324e-06,0,0,0
SITE0045,2026-06-20,8.438729175344052e-06,0,0,0
SITE0045,2026-06-21,8.794454315155485e-06,0,0,0
SITE0045,2026-06-22,8.201231672036826e-06,0,0,0
SITE0045,2026-06-23,9.028275101000217e-06,0,0,0
SITE0045,2026-06-24,8.765180052933665e-06,0,0,0
SITE0045,2026-06-25,9.308276500719268e-06,0,0,0
SITE0045,2026-06-26,9.302405616767096e-06,0,0,0
SITE0045,2026-06-27,9.3024061923957e-06,0,0,0
SITE0045,2026-06-28,9.480162232324804e-06,0,0,0
SITE0045,2026-06-29,9.275714724337795e-06,0,0,0
SITE0046,2026-04-01,1.926453372657823e-05,0,0,0
SITE0046,2026-04-02,1.4699202005514734e-05,0,0,0
SITE0046,2026-04-03,1.338754728213361e-05,0,0,0
SITE0046,2026-04-04,1.2938926354596296e-05,0,0,0
SITE0046,2026-04-05,2.7093737944192308e-05,0,0,0
SITE0046,2026-04-06,1.5563359203301062e-05,0,0,0
SITE0046,2026-04-07,1.497449127852389e-05,0,0,0
SITE0046,2026-04-08,1.5706312906952687e-05,0,0,0
SITE0046,2026-04-09,1.8784479391543086e-05,0,0,0
SITE0046,2026-04-10,2.3594022202485227e-05,0,0,0
SITE0046,2026-04-11,1.6352090390258628e-05,0,0,0
SITE0046,2026-04-12,1.587814898879151e-05,0,0,0
SITE0046,2026-04-13,1.6585771417760783e-05,0,0,0
SITE0046,2026-04-14,1.910711713146834e-05,0,0,0
SITE0046,2026-04-15,2.234166872756536e-05,0,0,0
SITE0046,2026-04-16,1.869582255346824e-05,0,0,0
SITE0046,2026-04-17,2.0057518560781813e-05,0,0,0
SITE0046,2026-04-18,1.607234308782004e-05,0,0,0
SITE0046,2026-04-19,1.4564304830410044e-05,0,0,0
SITE0046,2026-04-20,1.7276311277333484e-05,0,0,0
SITE0046,2026-04-21,2.1280170122319213e-05,0,0,0
SITE0046,2026-04-22,1.5313257821047467e-05,0,0,0
SITE0046,2026-04-23,1.8831832570410153e-05,0,0,0
SITE0046,2026-04-24,1.5495293396935534e-05,0,0,0
SITE0046,2026-04-25,2.4492844191598294e-05,0,0,0
SITE0046,2026-04-26,1.639383648006055e-05,0,0,0
SITE0046,2026-04-27,1.6941964566778496e-05,0,0,0
SITE0046,2026-04-28,1.2126827403514207e-05,0,0,0
SITE0046,2026-04-29,1.0931068025977171e-05,0,0,0
SITE0046,2026-04-30,1.2612093143165934e-05,0,0,0
SITE0046,2026-05-01,1.119827650457515e-05,0,0,0
SITE0046,2026-05-02,2.309106287051088e-05,0,0,0
SITE0046,2026-05-03,1.647586866028948e-05,0,0,0
SITE0046,2026-05-04,1.4432606718018795e-05,0,0,0
SITE0046,2026-05-05,1.5750856877052108e-05,0,0,0
SITE0046,2026-05-06,3.6543791590473e-05,0,0,0
SITE0046,2026-05-07,1.5308650419978896e-05,0,0,0
SITE0046,2026-05-08,2.1243397375161303e-05,0,0,0
SITE0046,2026-05-09,1.55250034320986e-05,0,0,0
SITE0046,2026-05-10,1.595834182396945e-05,0,0,0
SITE0046,2026-05-11,1.699358051210787e-05,0,0,0
SITE0046,2026-05-12,2.298603187908824e-05,0,0,0
SITE0046,2026-05-13,3.3778568389425174e-05,0,0,0
SITE0046,2026-05-14,2.8884403397488455e-05,0,0,0
SITE0046,2026-05-15,1.3930172750738653e-05,0,0,0
SITE0046,2026-05-16,2.3377984237868934e-05,0,0,0
SITE0046,2026-05-17,1.6754158385288516e-05,0,0,0
SITE0046,2026-05-18,2.2174456487524164e-05,0,0,0
SITE0046,2026-05-19,1.2899069703290253e-05,0,0,0
SITE0046,2026-05-20,1.4052045570027959e-05,0,0,0
SITE0046,2026-05-21,1.7121854358177535e-05,0,0,0
SITE0046,2026-05-22,2.460055245712154e-05,0,0,0
SITE0046,2026-05-23,2.7777572609377698e-05,0,0,0
SITE0046,2026-05-24,4.2003992959230394e-05,0,0,0
SITE0046,2026-05-25,3.3083206139068795e-05,0,0,0
SITE0046,2026-05-26,2.919608437584322e-05,0,0,0
SITE0046,2026-05-27,1.6641041201469264e-05,0,0,0
SITE0046,2026-05-28,1.9755419977779638e-05,0,0,0
SITE0046,2026-05-29,1.7226801857176724e-05,0,0,0
SITE0046,2026-05-30,2.057045562287006e-05,0,0,0
SITE0046,2026-05-31,1.1392356969345097e-05,0,0,0
SITE0046,2026-06-01,1.2466383251536325e-05,0,0,0
SITE0046,2026-06-02,1.1514946273921314e-05,0,0,0
SITE0046,2026-06-03,1.496071273036812e-05,0,0,0
SITE0046,2026-06-04,1.4564750676655942e-05,0,0,0
SITE0046,2026-06-05,1.3592248853136231e-05,0,0,0
SITE0046,2026-06-06,1.6254616052316677e-05,0,0,0
SITE0046,2026-06-07,1.6707912558674034e-05,0,0,0
SITE0046,2026-06-08,1.6675297769493753e-05,0,0,0
SITE0046,2026-06-09,1.627096982079911e-05,0,0,0
SITE0046,2026-06-10,1.9437949215742486e-05,0,0,0
SITE0046,2026-06-11,1.7447895800962004e-05,0,0,0
SITE0046,2026-06-12,1.5037275853306159e-05,0,0,0
SITE0046,2026-06-13,1.1746123817746028e-05,0,0,0
SITE0046,2026-06-14,1.3774806457743744e-05,0,0,0
SITE0046,2026-06-15,1.250919269188791e-05,0,0,0
SITE0046,2026-06-16,1.3064631630711051e-05,0,0,0
SITE0046,2026-06-17,1.6530622920402942e-05,0,0,0
SITE0046,2026-06-18,2.3685135594894065e-05,0,0,0
SITE0046,2026-06-19,2.1699113041060118e-05,0,0,0
SITE0046,2026-06-20,2.7607749329666853e-05,0,0,0
SITE0046,2026-06-21,2.1055287753433356e-05,0,0,0
SITE0046,2026-06-22,2.1389216285296687e-05,0,0,0
SITE0046,2026-06-23,1.556095989066561e-05,0,0,0
SITE0046,2026-06-24,2.7262940782757948e-05,0,0,0
SITE0046,2026-06-25,2.7691897359352623e-05,0,0,0
SITE0046,2026-06-26,2.717559838499507e-05,0,0,0
SITE0046,2026-06-27,2.536620657790095e-05,0,0,0
SITE0046,2026-06-28,2.9432239403529846e-05,0,0,0
SITE0046,2026-06-29,1.983207917855909e-05,0,0,0
SITE0047,2026-04-01,8.923897742015618e-05,0,0,0
SITE0047,2026-04-02,8.055435828042946e-05,0,0,0
SITE0047,2026-04-03,5.065060478247403e-05,0,0,0
SITE0047,2026-04-04,8.541040303752135e-06,0,0,0
SITE0047,2026-04-05,8.780550427214908e-06,0,0,0
SITE0047,2026-04-06,1.0522510453359994e-05,0,0,0
SITE0047,2026-04-07,1.0755393765556246e-05,0,0,0
SITE0047,2026-04-08,1.5584281112832047e-05,0,0,0
SITE0047,2026-04-09,1.0721379122662547e-05,0,0,0
SITE0047,2026-04-10,1.7428347249613714e-05,0,0,0
SITE0047,2026-04-11,1.3442508538150144e-05,0,0,0
SITE0047,2026-04-12,1.3735352220411462e-05,0,0,0
SITE0047,2026-04-13,1.3759108186858994e-05,0,0,0
SITE0047,2026-04-14,1.880387736622902e-05,0,0,0
SITE0047,2026-04-15,1.209945001713763e-05,0,0,0
SITE0047,2026-04-16,1.121693938278458e-05,0,0,0
SITE0047,2026-04-17,9.189437453789025e-06,0,0,0
SITE0047,2026-04-18,1.106225024553901e-05,0,0,0
SITE0047,2026-04-19,1.119157401605357e-05,0,0,0
SITE0047,2026-04-20,2.107730896971236e-05,0,0,0
SITE0047,2026-04-21,1.8968674231827086e-05,0,0,0
SITE0047,2026-04-22,1.610744806478882e-05,0,0,0
SITE0047,2026-04-23,1.285506605009659e-05,0,0,0
SITE0047,2026-04-24,1.1461991545591025e-05,0,0,0
SITE0047,2026-04-25,8.308439185670532e-06,0,0,0
SITE0047,2026-04-26,9.27056598662405e-06,0,0,0
SITE0047,2026-04-27,9.362761135980497e-06,0,0,0
SITE0047,2026-04-28,8.697884948232425e-06,0,0,0
SITE0047,2026-04-29,1.106462578970704e-05,0,0,0
SITE0047,2026-04-30,1.3500801379118695e-05,0,0,0
SITE0047,2026-05-01,9.532876030170984e-06,0,0,0
SITE0047,2026-05-02,1.036222968863847e-05,0,0,0
SITE0047,2026-05-03,1.0476963130139093e-05,0,0,0
SITE0047,2026-05-04,1.6169495764328604e-05,0,0,0
SITE0047,2026-05-05,1.183005428059936e-05,0,0,0
SITE0047,2026-05-06,9.692414084972245e-06,0,0,0
SITE0047,2026-05-07,7.278998308088736e-06,0,0,0
SITE0047,2026-05-08,1.0702197030438606e-05,0,0,0
SITE0047,2026-05-09,1.1459157603500439e-05,0,0,0
SITE0047,2026-05-10,1.3972690899634864e-05,0,0,0
SITE0047,2026-05-11,1.255966725825317e-05,0,0,0
SITE0047,2026-05-12,1.2434483206682617e-05,0,0,0
SITE0047,2026-05-13,1.2006101352872526e-05,0,0,0
SITE0047,2026-05-14,1.1971466859648203e-05,0,0,0
SITE0047,2026-05-15,1.7338037986335295e-05,0,0,0
SITE0047,2026-05-16,1.0608519552231096e-05,0,0,0
SITE0047,2026-05-17,2.0109002566149513e-05,0,0,0
SITE0047,2026-05-18,1.1251381262718927e-05,0,0,0
SITE0047,2026-05-19,1.5067133514769437e-05,0,0,0
SITE0047,2026-05-20,1.6206345369704065e-05,0,0,0
SITE0047,2026-05-21,1.8552722939549812e-05,0,0,0
SITE0047,2026-05-22,1.2764417597567517e-05,0,0,0
SITE0047,2026-05-23,1.1909092700463639e-05,0,0,0
SITE0047,2026-05-24,1.0875507295576545e-05,0,0,0
SITE0047,2026-05-25,9.088620709505223e-06,0,0,0
SITE0047,2026-05-26,1.2822856676250942e-05,0,0,0
SITE0047,2026-05-27,9.762864703712803e-06,0,0,0
SITE0047,2026-05-28,1.1233484318724401e-05,0,0,0
SITE0047,2026-05-29,9.815681785685652e-06,0,0,0
SITE0047,2026-05-30,1.4264717624032424e-05,0,0,0
SITE0047,2026-05-31,6.900974825023739e-06,0,0,0
SITE0047,2026-06-01,7.282262888152168e-06,0,0,0
SITE0047,2026-06-02,8.561043017152557e-06,0,0,0
SITE0047,2026-06-03,1.0144548366235812e-05,0,0,0
SITE0047,2026-06-04,1.1409057536278087e-05,0,0,0
SITE0047,2026-06-05,1.3215888957967969e-05,0,0,0
SITE0047,2026-06-06,1.603600191045316e-05,0,0,0
SITE0047,2026-06-07,1.705189486496571e-05,0,0,0
SITE0047,2026-06-08,1.4394325972876934e-05,0,0,0
SITE0047,2026-06-09,1.083461598195103e-05,0,0,0
SITE0047,2026-06-10,1.456734330327514e-05,0,0,0
SITE0047,2026-06-11,1.5375909519635964e-05,0,0,0
SITE0047,2026-06-12,1.2519119484261796e-05,0,0,0
SITE0047,2026-06-13,1.6158369627522166e-05,0,0,0
SITE0047,2026-06-14,1.5180746037884705e-05,0,0,0
SITE0047,2026-06-15,1.5166042744228508e-05,0,0,0
SITE0047,2026-06-16,1.1620382331673976e-05,0,0,0
SITE0047,2026-06-17,1.0503118880524764e-05,0,0,0
SITE0047,2026-06-18,1.2320596707515885e-05,0,0,0
SITE0047,2026-06-19,1.4122043872577022e-05,0,0,0
SITE0047,2026-06-20,1.0636195459299036e-05,0,0,0
SITE0047,2026-06-21,1.5805836307750653e-05,0,0,0
SITE0047,2026-06-22,1.0674252703774549e-05,0,0,0
SITE0047,2026-06-23,1.7668648291978854e-05,0,0,0
SITE0047,2026-06-24,1.4963489362870898e-05,0,0,0
SITE0047,2026-06-25,1.3449343281329392e-05,0,0,0
SITE0047,2026-06-26,1.1927205967389834e-05,0,0,0
SITE0047,2026-06-27,1.0158080046815405e-05,0,0,0
SITE0047,2026-06-28,1.0156783147662543e-05,0,0,0
SITE0047,2026-06-29,1.272330086060242e-05,0,0,0
SITE0048,2026-04-01,9.661524899459508e-05,0,0,0
SITE0048,2026-04-02,1.387496672739799e-05,0,0,0
SITE0048,2026-04-03,1.1559759028122109e-05,0,0,0
SITE0048,2026-04-04,6.664142578314947e-06,0,0,0
SITE0048,2026-04-05,7.82252188545377e-06,0,0,0
SITE0048,2026-04-06,7.436016454123779e-06,0,0,0
SITE0048,2026-04-07,6.453346842880029e-06,0,0,0
SITE0048,2026-04-08,1.3004233653594861e-05,0,0,0
SITE0048,2026-04-09,5.708074921703765e-06,0,0,0
SITE0048,2026-04-10,5.7349735079011896e-06,0,0,0
SITE0048,2026-04-11,5.66637613100081e-06,0,0,0
SITE0048,2026-04-12,5.908747522213517e-06,0,0,0
SITE0048,2026-04-13,6.203578511249883e-06,0,0,0
SITE0048,2026-04-14,6.018317568108807e-06,0,0,0
SITE0048,2026-04-15,6.111905866736216e-06,0,0,0
SITE0048,2026-04-16,6.668306294987766e-06,0,0,0
SITE0048,2026-04-17,1.5629803146611953e-05,0,0,0
SITE0048,2026-04-18,6.329407634370077e-06,0,0,0
SITE0048,2026-04-19,5.943455421694715e-06,0,0,0
SITE0048,2026-04-20,6.160554255764914e-06,0,0,0
SITE0048,2026-04-21,7.469895894650131e-06,0,0,0
SITE0048,2026-04-22,7.47074318702456e-06,0,0,0
SITE0048,2026-04-23,7.567994578222699e-06,0,0,0
SITE0048,2026-04-24,6.280398344975486e-06,0,0,0
SITE0048,2026-04-25,6.30418674389861e-06,0,0,0
SITE0048,2026-04-26,6.369639676821738e-06,0,0,0
SITE0048,2026-04-27,1.2617814060246827e-05,0,0,0
SITE0048,2026-04-28,7.341139360664183e-06,0,0,0
SITE0048,2026-04-29,7.184883078474774e-06,0,0,0
SITE0048,2026-04-30,8.106871608342767e-06,0,0,0
SITE0048,2026-05-01,7.696202991799226e-06,0,0,0
SITE0048,2026-05-02,2.0988810958805286e-05,0,0,0
SITE0048,2026-05-03,7.306824133791411e-06,0,0,0
SITE0048,2026-05-04,7.662165347717996e-06,0,0,0
SITE0048,2026-05-05,7.184819130558866e-06,0,0,0
SITE0048,2026-05-06,8.32489334226676e-06,0,0,0
SITE0048,2026-05-07,1.0258912778466735e-05,0,0,0
SITE0048,2026-05-08,6.876490495875832e-06,0,0,0
SITE0048,2026-05-09,5.555890434768988e-06,0,0,0
SITE0048,2026-05-10,6.322586123673059e-06,0,0,0
SITE0048,2026-05-11,5.206333509703065e-06,0,0,0
SITE0048,2026-05-12,5.356154624876555e-06,0,0,0
SITE0048,2026-05-13,5.3438363708256115e-06,0,0,0
SITE0048,2026-05-14,5.622714440332312e-06,0,0,0
SITE0048,2026-05-15,6.095485964391163e-06,0,0,0
SITE0048,2026-05-16,6.227702581690748e-06,0,0,0
SITE0048,2026-05-17,7.281739035283363e-06,0,0,0
SITE0048,2026-05-18,5.896841744368752e-06,0,0,0
SITE0048,2026-05-19,5.485621968699567e-06,0,0,0
SITE0048,2026-05-20,6.203366252499323e-06,0,0,0
SITE0048,2026-05-21,7.064189578634389e-06,0,0,0
SITE0048,2026-05-22,6.696265067191775e-06,0,0,0
SITE0048,2026-05-23,1.1601278751356102e-05,0,0,0
SITE0048,2026-05-24,6.394545544886008e-06,0,0,0
SITE0048,2026-05-25,6.243362457177027e-06,0,0,0
SITE0048,2026-05-26,6.111906060467629e-06,0,0,0
SITE0048,2026-05-27,7.164096917166249e-06,0,0,0
SITE0048,2026-05-28,5.987090180703558e-06,0,0,0
SITE0048,2026-05-29,5.363118808378679e-06,0,0,0
SITE0048,2026-05-30,5.7855619549061296e-06,0,0,0
SITE0048,2026-05-31,5.948779539673114e-06,0,0,0
SITE0048,2026-06-01,6.200148238364657e-06,0,0,0
SITE0048,2026-06-02,6.200141368590267e-06,0,0,0
SITE0048,2026-06-03,5.83063607025561e-06,0,0,0
SITE0048,2026-06-04,8.226710715319113e-06,0,0,0
SITE0048,2026-06-05,7.2734470346538966e-06,0,0,0
SITE0048,2026-06-06,7.162557259070536e-06,0,0,0
SITE0048,2026-06-07,6.328229874587588e-06,0,0,0
SITE0048,2026-06-08,5.987992123324295e-06,0,0,0
SITE0048,2026-06-09,5.808187420771043e-06,0,0,0
SITE0048,2026-06-10,6.3988652387677415e-06,0,0,0
SITE0048,2026-06-11,5.5575052899978274e-06,0,0,0
SITE0048,2026-06-12,5.942565772773973e-06,0,0,0
SITE0048,2026-06-13,5.783667873394545e-06,0,0,0
SITE0048,2026-06-14,7.5164389767165455e-06,0,0,0
SITE0048,2026-06-15,6.394792713782617e-06,0,0,0
SITE0048,2026-06-16,6.037979360940259e-06,0,0,0
SITE0048,2026-06-17,5.502769406336607e-06,0,0,0
SITE0048,2026-06-18,7.189955025657674e-06,0,0,0
SITE0048,2026-06-19,7.59834806297262e-06,0,0,0
SITE0048,2026-06-20,6.563601349213663e-06,0,0,0
SITE0048,2026-06-21,6.369646524064445e-06,0,0,0
SITE0048,2026-06-22,6.206567867927505e-06,0,0,0
SITE0048,2026-06-23,1.008936693312441e-05,0,0,0
SITE0048,2026-06-24,6.19625459601964e-06,0,0,0
SITE0048,2026-06-25,7.279174224077757e-06,0,0,0
SITE0048,2026-06-26,7.23917326932586e-06,0,0,0
SITE0048,2026-06-27,7.262812744192906e-06,0,0,0
SITE0048,2026-06-28,6.820883423051662e-06,0,0,0
SITE0048,2026-06-29,6.679098979483547e-06,0,0,0
SITE0049,2026-04-01,1.2046159280115667e-05,0,0,0
SITE0049,2026-04-02,8.48165502106512e-06,0,0,0
SITE0049,2026-04-03,8.51557713729275e-06,0,0,0
SITE0049,2026-04-04,1.1819324812504697e-05,0,0,0
SITE0049,2026-04-05,1.1373519620656195e-05,0,0,0
SITE0049,2026-04-06,6.364516119282159e-06,0,0,0
SITE0049,2026-04-07,6.708785450613196e-06,0,0,0
SITE0049,2026-04-08,6.571533000682729e-06,0,0,0
SITE0049,2026-04-09,8.333020625262259e-06,0,0,0
SITE0049,2026-04-10,1.0427812313369868e-05,0,0,0
SITE0049,2026-04-11,9.585014054981758e-06,0,0,0
SITE0049,2026-04-12,1.1791843803188037e-05,0,0,0
SITE0049,2026-04-13,9.292044936405966e-06,0,0,0
SITE0049,2026-04-14,1.4028033662703064e-05,0,0,0
SITE0049,2026-04-15,1.06680816273561e-05,0,0,0
SITE0049,2026-04-16,1.2165795519172868e-05,0,0,0
SITE0049,2026-04-17,1.1448583245442122e-05,0,0,0
SITE0049,2026-04-18,1.244844593382487e-05,0,0,0
SITE0049,2026-04-19,1.8023500952817907e-05,0,0,0
SITE0049,2026-04-20,9.582878406864816e-06,0,0,0
SITE0049,2026-04-21,8.071459794394039e-06,0,0,0
SITE0049,2026-04-22,9.074589933847478e-06,0,0,0
SITE0049,2026-04-23,7.920868508476123e-06,0,0,0
SITE0049,2026-04-24,7.308342797843323e-06,0,0,0
SITE0049,2026-04-25,9.474745120254058e-06,0,0,0
SITE0049,2026-04-26,8.903311230565587e-06,0,0,0
SITE0049,2026-04-27,1.2112351343448216e-05,0,0,0
SITE0049,2026-04-28,8.911881755221022e-06,0,0,0
SITE0049,2026-04-29,7.928702135750609e-06,0,0,0
SITE0049,2026-04-30,7.667067502021953e-06,0,0,0
SITE0049,2026-05-01,1.2792545010124286e-05,0,0,0
SITE0049,2026-05-02,8.117822311449706e-06,0,0,0
SITE0049,2026-05-03,7.997757575603806e-06,0,0,0
SITE0049,2026-05-04,8.699435249529824e-06,0,0,0
SITE0049,2026-05-05,1.0132227133104351e-05,0,0,0
SITE0049,2026-05-06,7.445943603126227e-06,0,0,0
SITE0049,2026-05-07,6.528643092154807e-06,0,0,0
SITE0049,2026-05-08,6.882593203873473e-06,0,0,0
SITE0049,2026-05-09,6.437204881696534e-06,0,0,0
SITE0049,2026-05-10,8.627682607749388e-06,0,0,0
SITE0049,2026-05-11,1.1375662000725e-05,0,0,0
SITE0049,2026-05-12,8.921924037971004e-06,0,0,0
SITE0049,2026-05-13,8.375083333422159e-06,0,0,0
SITE0049,2026-05-14,7.646839237141394e-06,0,0,0
SITE0049,2026-05-15,1.1652912754357667e-05,0,0,0
SITE0049,2026-05-16,7.531144134094877e-06,0,0,0
SITE0049,2026-05-17,7.230426430713045e-06,0,0,0
SITE0049,2026-05-18,8.014037850868596e-06,0,0,0
SITE0049,2026-05-19,1.0328571267664463e-05,0,0,0
SITE0049,2026-05-20,6.1786837360392465e-06,0,0,0
SITE0049,2026-05-21,6.339562616110079e-06,0,0,0
SITE0049,2026-05-22,6.933171007317445e-06,0,0,0
SITE0049,2026-05-23,1.089622245955992e-05,0,0,0
SITE0049,2026-05-24,9.264533209302542e-06,0,0,0
SITE0049,2026-05-25,8.714484071302487e-06,0,0,0
SITE0049,2026-05-26,7.575885035380237e-06,0,0,0
SITE0049,2026-05-27,1.0100758894954458e-05,0,0,0
SITE0049,2026-05-28,1.0446980488213615e-05,0,0,0
SITE0049,2026-05-29,1.007042414219873e-05,0,0,0
SITE0049,2026-05-30,8.758106655327719e-06,0,0,0
SITE0049,2026-05-31,1.12708799830551e-05,0,0,0
SITE0049,2026-06-01,1.1435837495168425e-05,0,0,0
SITE0049,2026-06-02,8.644411124257002e-06,0,0,0
SITE0049,2026-06-03,8.712525303810578e-06,0,0,0
SITE0049,2026-06-04,7.422561989053916e-06,0,0,0
SITE0049,2026-06-05,1.0695067642988202e-05,0,0,0
SITE0049,2026-06-06,8.846130880089603e-06,0,0,0
SITE0049,2026-06-07,9.60066405546139e-06,0,0,0
SITE0049,2026-06-08,8.124334563227027e-06,0,0,0
SITE0049,2026-06-09,1.041229980492015e-05,0,0,0
SITE0049,2026-06-10,9.470358784855428e-06,0,0,0
SITE0049,2026-06-11,7.986125997513366e-06,0,0,0
SITE0049,2026-06-12,6.93126530411374e-06,0,0,0
SITE0049,2026-06-13,8.60296272984686e-06,0,0,0
SITE0049,2026-06-14,9.98282886555107e-06,0,0,0
SITE0049,2026-06-15,1.3154510279621734e-05,0,0,0
SITE0049,2026-06-16,1.1048285014375953e-05,0,0,0
SITE0049,2026-06-17,8.194648121338006e-06,0,0,0
SITE0049,2026-06-18,9.262330010769377e-06,0,0,0
SITE0049,2026-06-19,1.0092393243585912e-05,0,0,0
SITE0049,2026-06-20,8.271303919972821e-06,0,0,0
SITE0049,2026-06-21,1.081897858056559e-05,0,0,0
SITE0049,2026-06-22,8.668127956266904e-06,0,0,0
SITE0049,2026-06-23,7.913274390800786e-06,0,0,0
SITE0049,2026-06-24,6.499046872431544e-06,0,0,0
SITE0049,2026-06-25,5.706786918532735e-06,0,0,0
SITE0049,2026-06-26,1.0408870011185852e-05,0,0,0
SITE0049,2026-06-27,9.411130563589413e-06,0,0,0
SITE0049,2026-06-28,1.0719349922130892e-05,0,0,0
SITE0049,2026-06-29,9.879570434302278e-06,0,0,0
SITE0050,2026-04-01,9.45162817828319e-06,0,0,0
SITE0050,2026-04-02,7.661040457629851e-06,0,0,0
SITE0050,2026-04-03,7.849990829936187e-06,0,0,0
SITE0050,2026-04-04,9.112892411989279e-06,0,0,0
SITE0050,2026-04-05,9.334446047189418e-06,0,0,0
SITE0050,2026-04-06,8.89164161031842e-06,0,0,0
SITE0050,2026-04-07,9.850411200827192e-06,0,0,0
SITE0050,2026-04-08,1.025823858119038e-05,0,0,0
SITE0050,2026-04-09,9.27872193402241e-06,0,0,0
SITE0050,2026-04-10,9.705575019218919e-06,0,0,0
SITE0050,2026-04-11,9.393579493394527e-06,0,0,0
SITE0050,2026-04-12,9.285367439109316e-06,0,0,0
SITE0050,2026-04-13,9.024673422543744e-06,0,0,0
SITE0050,2026-04-14,8.837961275360239e-06,0,0,0
SITE0050,2026-04-15,1.0313960057436891e-05,0,0,0
SITE0050,2026-04-16,9.0806009260026e-06,0,0,0
SITE0050,2026-04-17,8.894361993283729e-06,0,0,0
SITE0050,2026-04-18,9.164741421090645e-06,0,0,0
SITE0050,2026-04-19,8.848971758216383e-06,0,0,0
SITE0050,2026-04-20,9.189559037420276e-06,0,0,0
SITE0050,2026-04-21,9.340448808034713e-06,0,0,0
SITE0050,2026-04-22,9.55992563966387e-06,0,0,0
SITE0050,2026-04-23,1.0154445080744409e-05,0,0,0
SITE0050,2026-04-24,9.92065155385207e-06,0,0,0
SITE0050,2026-04-25,8.685659855293606e-06,0,0,0
SITE0050,2026-04-26,9.477512813502572e-06,0,0,0
SITE0050,2026-04-27,9.193613034029513e-06,0,0,0
SITE0050,2026-04-28,9.43183071437288e-06,0,0,0
SITE0050,2026-04-29,9.9050614688759e-06,0,0,0
SITE0050,2026-04-30,1.0003697499865976e-05,0,0,0
SITE0050,2026-05-01,8.66638413876672e-06,0,0,0
SITE0050,2026-05-02,9.068455509702721e-06,0,0,0
SITE0050,2026-05-03,7.786679925357151e-06,0,0,0
SITE0050,2026-05-04,7.588509965016201e-06,0,0,0
SITE0050,2026-05-05,7.84416256150178e-06,0,0,0
SITE0050,2026-05-06,7.657964429567437e-06,0,0,0
SITE0050,2026-05-07,8.367815158685059e-06,0,0,0
SITE0050,2026-05-08,9.386617758597314e-06,0,0,0
SITE0050,2026-05-09,8.923815176323381e-06,0,0,0
SITE0050,2026-05-10,8.710082606191355e-06,0,0,0
SITE0050,2026-05-11,8.91881843879892e-06,0,0,0
SITE0050,2026-05-12,7.605904763022065e-06,0,0,0
SITE0050,2026-05-13,7.5443027919760195e-06,0,0,0
SITE0050,2026-05-14,9.006615754439314e-06,0,0,0
SITE0050,2026-05-15,9.437786981174328e-06,0,0,0
SITE0050,2026-05-16,9.102693214461457e-06,0,0,0
SITE0050,2026-05-17,9.2996823420915e-06,0,0,0
SITE0050,2026-05-18,1.0458465831601487e-05,0,0,0
SITE0050,2026-05-19,1.0298043431135623e-05,0,0,0
SITE0050,2026-05-20,9.797585176882671e-06,0,0,0
SITE0050,2026-05-21,9.149075082655533e-06,0,0,0
SITE0050,2026-05-22,8.917646915882492e-06,0,0,0
SITE0050,2026-05-23,7.399229419932685e-06,0,0,0
SITE0050,2026-05-24,9.799007491769761e-06,0,0,0
SITE0050,2026-05-25,9.285899447805124e-06,0,0,0
SITE0050,2026-05-26,7.844318465939002e-06,0,0,0
SITE0050,2026-05-27,9.563105387354511e-06,0,0,0
SITE0050,2026-05-28,7.692464294437778e-06,0,0,0
SITE0050,2026-05-29,7.642155420201115e-06,0,0,0
SITE0050,2026-05-30,7.631069582223169e-06,0,0,0
SITE0050,2026-05-31,8.506287083619356e-06,0,0,0
SITE0050,2026-06-01,8.119017876549216e-06,0,0,0
SITE0050,2026-06-02,7.683321645082014e-06,0,0,0
SITE0050,2026-06-03,7.615511700819804e-06,0,0,0
SITE0050,2026-06-04,7.6087736407907095e-06,0,0,0
SITE0050,2026-06-05,8.752748856574538e-06,0,0,0
SITE0050,2026-06-06,1.0714829393600197e-05,0,0,0
SITE0050,2026-06-07,8.367384804660089e-06,0,0,0
SITE0050,2026-06-08,8.75560104092139e-06,0,0,0
SITE0050,2026-06-09,9.434449222869281e-06,0,0,0
SITE0050,2026-06-10,7.658146783470153e-06,0,0,0
SITE0050,2026-06-11,7.810197702441328e-06,0,0,0
SITE0050,2026-06-12,7.854450243688093e-06,0,0,0
SITE0050,2026-06-13,8.655450259131125e-06,0,0,0
SITE0050,2026-06-14,8.239415299727703e-06,0,0,0
SITE0050,2026-06-15,7.645415525630384e-06,0,0,0
SITE0050,2026-06-16,7.648141349815042e-06,0,0,0
SITE0050,2026-06-17,7.854290291641502e-06,0,0,0
SITE0050,2026-06-18,7.818030648003443e-06,0,0,0
SITE0050,2026-06-19,7.651262647185386e-06,0,0,0
SITE0050,2026-06-20,1.0589572272609998e-05,0,0,0
SITE0050,2026-06-21,1.0610160406269556e-05,0,0,0
SITE0050,2026-06-22,1.0507019892893002e-05,0,0,0
SITE0050,2026-06-23,9.398361313338632e-06,0,0,0
SITE0050,2026-06-24,9.155312703443005e-06,0,0,0
SITE0050,2026-06-25,9.227969690068063e-06,0,0,0
SITE0050,2026-06-26,8.33950125511057e-06,0,0,0
SITE0050,2026-06-27,9.569699135705706e-06,0,0,0
SITE0050,2026-06-28,9.101769788752534e-06,0,0,0
SITE0050,2026-06-29,8.552906925332345e-06,0,0,0
SITE0051,2026-04-01,1.602299901062063e-05,0,0,0
SITE0051,2026-04-02,8.876756589029386e-06,0,0,0
SITE0051,2026-04-03,9.038632069886243e-06,0,0,0
SITE0051,2026-04-04,9.867249258620961e-06,0,0,0
SITE0051,2026-04-05,8.527337157493688e-06,0,0,0
SITE0051,2026-04-06,8.748013040985458e-06,0,0,0
SITE0051,2026-04-07,8.42283793358732e-06,0,0,0
SITE0051,2026-04-08,1.3186595778822136e-05,0,0,0
SITE0051,2026-04-09,1.1018799920545321e-05,0,0,0
SITE0051,2026-04-10,9.920125728619144e-06,0,0,0
SITE0051,2026-04-11,9.973145088322132e-06,0,0,0
SITE0051,2026-04-12,9.887059085351666e-06,0,0,0
SITE0051,2026-04-13,9.498482953963994e-06,0,0,0
SITE0051,2026-04-14,1.3170515268371273e-05,0,0,0
SITE0051,2026-04-15,9.211887162980862e-06,0,0,0
SITE0051,2026-04-16,9.433524018485186e-06,0,0,0
SITE0051,2026-04-17,8.923222231319226e-06,0,0,0
SITE0051,2026-04-18,1.0233691199473562e-05,0,0,0
SITE0051,2026-04-19,1.1737670277026e-05,0,0,0
SITE0051,2026-04-20,1.0943478513405227e-05,0,0,0
SITE0051,2026-04-21,1.0586907128184304e-05,0,0,0
SITE0051,2026-04-22,8.557314897726794e-06,0,0,0
SITE0051,2026-04-23,9.10509103187144e-06,0,0,0
SITE0051,2026-04-24,9.144600648825907e-06,0,0,0
SITE0051,2026-04-25,1.1061058198948408e-05,0,0,0
SITE0051,2026-04-26,1.2228834475129984e-05,0,0,0
SITE0051,2026-04-27,8.706668686452692e-06,0,0,0
SITE0051,2026-04-28,8.045699356426491e-06,0,0,0
SITE0051,2026-04-29,9.348769639479426e-06,0,0,0
SITE0051,2026-04-30,1.1522500357351053e-05,0,0,0
SITE0051,2026-05-01,8.860105963027088e-06,0,0,0
SITE0051,2026-05-02,8.980107439969041e-06,0,0,0
SITE0051,2026-05-03,1.1997905249896117e-05,0,0,0
SITE0051,2026-05-04,1.0974500023475558e-05,0,0,0
SITE0051,2026-05-05,9.424972489760451e-06,0,0,0
SITE0051,2026-05-06,1.3096363482954782e-05,0,0,0
SITE0051,2026-05-07,1.2640363554000567e-05,0,0,0
SITE0051,2026-05-08,8.708180838286437e-06,0,0,0
SITE0051,2026-05-09,8.401091178722533e-06,0,0,0
SITE0051,2026-05-10,8.838096034961302e-06,0,0,0
SITE0051,2026-05-11,9.534851104139049e-06,0,0,0
SITE0051,2026-05-12,8.963516846663833e-06,0,0,0
SITE0051,2026-05-13,1.0597757839241953e-05,0,0,0
SITE0051,2026-05-14,1.2470762896705114e-05,0,0,0
SITE0051,2026-05-15,9.107143594026734e-06,0,0,0
SITE0051,2026-05-16,4.1209748222463226e-05,0,0,0
SITE0051,2026-05-17,8.630427479512653e-06,0,0,0
SITE0051,2026-05-18,1.1896709909539285e-05,0,0,0
SITE0051,2026-05-19,1.3755306326883115e-05,0,0,0
SITE0051,2026-05-20,1.3949861934382807e-05,0,0,0
SITE0051,2026-05-21,8.936248248777748e-06,0,0,0
SITE0051,2026-05-22,8.959470760115325e-06,0,0,0
SITE0051,2026-05-23,9.30917261184508e-06,0,0,0
SITE0051,2026-05-24,8.826955216800403e-06,0,0,0
SITE0051,2026-05-25,1.0804328660409899e-05,0,0,0
SITE0051,2026-05-26,9.215557871631324e-06,0,0,0
SITE0051,2026-05-27,9.107156868420671e-06,0,0,0
SITE0051,2026-05-28,9.047122326771086e-06,0,0,0
SITE0051,2026-05-29,8.831496167785235e-06,0,0,0
SITE0051,2026-05-30,9.708559675202453e-06,0,0,0
SITE0051,2026-05-31,9.099001863167915e-06,0,0,0
SITE0051,2026-06-01,1.1564983402410888e-05,0,0,0
SITE0051,2026-06-02,1.174980251174093e-05,0,0,0
SITE0051,2026-06-03,9.10661343443672e-06,0,0,0
SITE0051,2026-06-04,9.395946416590324e-06,0,0,0
SITE0051,2026-06-05,8.323775384279681e-06,0,0,0
SITE0051,2026-06-06,8.915465103185275e-06,0,0,0
SITE0051,2026-06-07,9.601611474031262e-06,0,0,0
SITE0051,2026-06-08,1.1262626725664636e-05,0,0,0
SITE0051,2026-06-09,9.810985245499271e-06,0,0,0
SITE0051,2026-06-10,1.1789668052506548e-05,0,0,0
SITE0051,2026-06-11,1.2490220029325008e-05,0,0,0
SITE0051,2026-06-12,9.16443146067639e-06,0,0,0
SITE0051,2026-06-13,9.095100444762363e-06,0,0,0
SITE0051,2026-06-14,9.383815824549848e-06,0,0,0
SITE0051,2026-06-15,1.0940034038164514e-05,0,0,0
SITE0051,2026-06-16,1.2370456723048092e-05,0,0,0
SITE0051,2026-06-17,8.754927678497203e-06,0,0,0
SITE0051,2026-06-18,9.571951640030972e-06,0,0,0
SITE0051,2026-06-19,9.331820180998944e-06,0,0,0
SITE0051,2026-06-20,8.53842112828276e-06,0,0,0
SITE0051,2026-06-21,1.2967847070544988e-05,0,0,0
SITE0051,2026-06-22,9.69856364105201e-06,0,0,0
SITE0051,2026-06-23,9.403956126723425e-06,0,0,0
SITE0051,2026-06-24,8.07925113073863e-06,0,0,0
SITE0051,2026-06-25,8.751280472041255e-06,0,0,0
SITE0051,2026-06-26,9.483761743075542e-06,0,0,0
SITE0051,2026-06-27,1.1533140950335897e-05,0,0,0
SITE0051,2026-06-28,9.2658359127127e-06,0,0,0
SITE0051,2026-06-29,9.456059862583771e-06,0,0,0
SITE0052,2026-04-01,7.7692253910577e-05,0,0,0
SITE0052,2026-04-02,4.553620247349625e-05,0,0,0
SITE0052,2026-04-03,4.620962658677093e-05,0,0,0
SITE0052,2026-04-04,4.5611282419548306e-05,0,0,0
SITE0052,2026-04-05,4.06197557134946e-05,0,0,0
SITE0052,2026-04-06,4.271932345695464e-05,0,0,0
SITE0052,2026-04-07,5.2546016819595604e-05,0,0,0
SITE0052,2026-04-08,4.602328857885861e-05,0,0,0
SITE0052,2026-04-09,4.12555198466395e-05,0,0,0
SITE0052,2026-04-10,4.1516709907419295e-05,0,0,0
SITE0052,2026-04-11,6.715845718329808e-05,0,0,0
SITE0052,2026-04-12,4.186869517923264e-05,0,0,0
SITE0052,2026-04-13,4.282754695225956e-05,0,0,0
SITE0052,2026-04-14,7.86738860844685e-06,0,0,0
SITE0052,2026-04-15,6.364727503683988e-06,0,0,0
SITE0052,2026-04-16,1.1328164390832251e-05,0,0,0
SITE0052,2026-04-17,6.129632119645077e-05,0,0,0
SITE0052,2026-04-18,5.371440941739359e-05,0,0,0
SITE0052,2026-04-19,4.3770282019747666e-05,0,0,0
SITE0052,2026-04-20,5.6028798330106645e-05,0,0,0
SITE0052,2026-04-21,2.8958581740731663e-05,0,0,0
SITE0052,2026-04-22,1.8795787930728112e-05,0,0,0
SITE0052,2026-04-23,1.645399417874591e-05,0,0,0
SITE0052,2026-04-24,4.688068511364066e-05,0,0,0
SITE0052,2026-04-25,4.6024473961792934e-05,0,0,0
SITE0052,2026-04-26,4.915959663831052e-05,0,0,0
SITE0052,2026-04-27,4.940160503923215e-05,0,0,0
SITE0052,2026-04-28,4.605318632115643e-05,0,0,0
SITE0052,2026-04-29,2.411555283174441e-05,0,0,0
SITE0052,2026-04-30,2.046227032655604e-05,0,0,0
SITE0052,2026-05-01,2.0609310224781606e-05,0,0,0
SITE0052,2026-05-02,6.0192523272399704e-05,0,0,0
SITE0052,2026-05-03,7.658918482050971e-05,0,0,0
SITE0052,2026-05-04,5.6201310025811283e-05,0,0,0
SITE0052,2026-05-05,6.17124529727308e-05,0,0,0
SITE0052,2026-05-06,2.5351389093173254e-05,0,0,0
SITE0052,2026-05-07,2.0700064509622055e-05,0,0,0
SITE0052,2026-05-08,1.9023747300160993e-05,0,0,0
SITE0052,2026-05-09,4.5918951702674414e-05,0,0,0
SITE0052,2026-05-10,4.4557895123992114e-05,0,0,0
SITE0052,2026-05-11,3.554159890853725e-05,0,0,0
SITE0052,2026-05-12,4.203566011295165e-05,0,0,0
SITE0052,2026-05-13,6.000865351907513e-05,0,0,0
SITE0052,2026-05-14,5.0595243064507153e-05,0,0,0
SITE0052,2026-05-15,1.8130582373065104e-05,0,0,0
SITE0052,2026-05-16,2.0492569584789944e-05,0,0,0
SITE0052,2026-05-17,1.9890229002875596e-05,0,0,0
SITE0052,2026-05-18,7.779474322178984e-05,0,0,0
SITE0052,2026-05-19,6.636720010540863e-05,0,0,0
SITE0052,2026-05-20,6.250354040952129e-05,0,0,0
SITE0052,2026-05-21,4.832447082996157e-05,0,0,0
SITE0052,2026-05-22,4.956134771572116e-05,0,0,0
SITE0052,2026-05-23,2.427550019416913e-05,0,0,0
SITE0052,2026-05-24,2.6812328735755174e-05,0,0,0
SITE0052,2026-05-25,2.7281528383255645e-05,0,0,0
SITE0052,2026-05-26,5.10177289813024e-05,0,0,0
SITE0052,2026-05-27,2.404960664395324e-05,0,0,0
SITE0052,2026-05-28,8.693638996402584e-05,0,0,0
SITE0052,2026-05-29,3.055978450896606e-05,0,0,0
SITE0052,2026-05-30,5.874138268481448e-05,0,0,0
SITE0052,2026-05-31,4.8994318871421664e-05,0,0,0
SITE0052,2026-06-01,4.3736444723363044e-05,0,0,0
SITE0052,2026-06-02,2.363915698606626e-05,0,0,0
SITE0052,2026-06-03,4.857141577082345e-05,0,0,0
SITE0052,2026-06-04,4.1130178623808725e-05,0,0,0
SITE0052,2026-06-05,7.599292858605828e-05,0,0,0
SITE0052,2026-06-06,7.691409641473861e-05,0,0,0
SITE0052,2026-06-07,4.951765275401613e-05,0,0,0
SITE0052,2026-06-08,4.518521825826627e-05,0,0,0
SITE0052,2026-06-09,5.8484064016396125e-05,0,0,0
SITE0052,2026-06-10,4.2297550515396004e-05,0,0,0
SITE0052,2026-06-11,7.670259876497403e-05,0,0,0
SITE0052,2026-06-12,4.7808430137135064e-05,0,0,0
SITE0052,2026-06-13,4.6382591130053995e-05,0,0,0
SITE0052,2026-06-14,5.913783073153116e-05,0,0,0
SITE0052,2026-06-15,6.273836901232182e-05,0,0,0
SITE0052,2026-06-16,5.680735275522409e-05,0,0,0
SITE0052,2026-06-17,5.122518087605079e-05,0,0,0
SITE0052,2026-06-18,4.4789834179339984e-05,0,0,0
SITE0052,2026-06-19,3.963958699276145e-05,0,0,0
SITE0052,2026-06-20,2.0041819534893216e-05,0,0,0
SITE0052,2026-06-21,6.757063997257357e-05,0,0,0
SITE0052,2026-06-22,7.54534511682077e-05,0,0,0
SITE0052,2026-06-23,7.114217129310296e-05,0,0,0
SITE0052,2026-06-24,7.055881581097563e-05,0,0,0
SITE0052,2026-06-25,5.786892729966433e-05,0,0,0
SITE0052,2026-06-26,8.770713763318772e-05,0,0,0
SITE0052,2026-06-27,4.498659525089058e-05,0,0,0
SITE0052,2026-06-28,5.212725343195628e-05,0,0,0
SITE0052,2026-06-29,6.004387040267784e-05,0,0,0
SITE0053,2026-04-01,3.5267183847485595e-05,0,0,0
SITE0053,2026-04-02,7.114278224568474e-05,0,0,0
SITE0053,2026-04-03,7.77230660598146e-06,0,0,0
SITE0053,2026-04-04,8.707520954905336e-06,0,0,0
SITE0053,2026-04-05,8.414770718067095e-06,0,0,0
SITE0053,2026-04-06,7.961126950695177e-06,0,0,0
SITE0053,2026-04-07,8.981967592085735e-06,0,0,0
SITE0053,2026-04-08,1.4243468344107959e-05,0,0,0
SITE0053,2026-04-09,7.582734639566949e-06,0,0,0
SITE0053,2026-04-10,7.327631406383684e-06,0,0,0
SITE0053,2026-04-11,7.031111294899162e-06,0,0,0
SITE0053,2026-04-12,8.426571553020226e-06,0,0,0
SITE0053,2026-04-13,1.0378318207290947e-05,0,0,0
SITE0053,2026-04-14,9.621143630225426e-06,0,0,0
SITE0053,2026-04-15,8.151049887709647e-06,0,0,0
SITE0053,2026-04-16,7.28476376402848e-06,0,0,0
SITE0053,2026-04-17,7.28394797096601e-06,0,0,0
SITE0053,2026-04-18,6.854422415665197e-06,0,0,0
SITE0053,2026-04-19,6.81966404306551e-06,0,0,0
SITE0053,2026-04-20,7.626093241024418e-06,0,0,0
SITE0053,2026-04-21,7.570812466269282e-06,0,0,0
SITE0053,2026-04-22,7.565324716698468e-06,0,0,0
SITE0053,2026-04-23,9.587687683013132e-06,0,0,0
SITE0053,2026-04-24,7.4809037919474e-06,0,0,0
SITE0053,2026-04-25,7.92509311518001e-06,0,0,0
SITE0053,2026-04-26,1.0421838416737196e-05,0,0,0
SITE0053,2026-04-27,1.0632720093121004e-05,0,0,0
SITE0053,2026-04-28,1.733807323045527e-05,0,0,0
SITE0053,2026-04-29,8.484138497480186e-06,0,0,0
SITE0053,2026-04-30,1.0614497033607914e-05,0,0,0
SITE0053,2026-05-01,8.731979275074888e-06,0,0,0
SITE0053,2026-05-02,5.844495140611698e-06,0,0,0
SITE0053,2026-05-03,6.980825131748135e-06,0,0,0
SITE0053,2026-05-04,6.80830804912141e-06,0,0,0
SITE0053,2026-05-05,1.6831124529594205e-05,0,0,0
SITE0053,2026-05-06,8.538102311211676e-06,0,0,0
SITE0053,2026-05-07,9.332999176836274e-06,0,0,0
SITE0053,2026-05-08,1.2723583252418908e-05,0,0,0
SITE0053,2026-05-09,1.0887401440551376e-05,0,0,0
SITE0053,2026-05-10,2.2561334851680437e-05,0,0,0
SITE0053,2026-05-11,1.0214466397813214e-05,0,0,0
SITE0053,2026-05-12,1.0680606489185507e-05,0,0,0
SITE0053,2026-05-13,1.0308789412784873e-05,0,0,0
SITE0053,2026-05-14,7.986627841839693e-06,0,0,0
SITE0053,2026-05-15,7.2552979201879565e-06,0,0,0
SITE0053,2026-05-16,7.25817203049777e-06,0,0,0
SITE0053,2026-05-17,7.826815386394926e-06,0,0,0
SITE0053,2026-05-18,7.626866268795182e-06,0,0,0
SITE0053,2026-05-19,7.206708124934119e-06,0,0,0
SITE0053,2026-05-20,9.098848071160329e-06,0,0,0
SITE0053,2026-05-21,7.548221118212829e-06,0,0,0
SITE0053,2026-05-22,7.976259827401883e-06,0,0,0
SITE0053,2026-05-23,6.8463849028784035e-06,0,0,0
SITE0053,2026-05-24,7.296433454984077e-06,0,0,0
SITE0053,2026-05-25,8.540178511845318e-06,0,0,0
SITE0053,2026-05-26,7.347623751063806e-06,0,0,0
SITE0053,2026-05-27,7.944976026299665e-06,0,0,0
SITE0053,2026-05-28,7.169001766598229e-06,0,0,0
SITE0053,2026-05-29,7.211662127342761e-06,0,0,0
SITE0053,2026-05-30,6.9204875051699495e-06,0,0,0
SITE0053,2026-05-31,6.897295401740513e-06,0,0,0
SITE0053,2026-06-01,7.4888677683325235e-06,0,0,0
SITE0053,2026-06-02,7.801034326272109e-06,0,0,0
SITE0053,2026-06-03,9.741907774345355e-06,0,0,0
SITE0053,2026-06-04,8.380656802777065e-06,0,0,0
SITE0053,2026-06-05,1.3029213967438409e-05,0,0,0
SITE0053,2026-06-06,1.5087187579094623e-05,0,0,0
SITE0053,2026-06-07,1.238212110190148e-05,0,0,0
SITE0053,2026-06-08,8.650066766974562e-06,0,0,0
SITE0053,2026-06-09,1.702555981754095e-05,0,0,0
SITE0053,2026-06-10,8.194660805584978e-06,0,0,0
SITE0053,2026-06-11,8.478817262028483e-06,0,0,0
SITE0053,2026-06-12,8.930021254009983e-06,0,0,0
SITE0053,2026-06-13,6.942815313093778e-06,0,0,0
SITE0053,2026-06-14,8.614796472445317e-06,0,0,0
SITE0053,2026-06-15,7.724596986412776e-06,0,0,0
SITE0053,2026-06-16,7.133073256633782e-06,0,0,0
SITE0053,2026-06-17,8.828971400230252e-06,0,0,0
SITE0053,2026-06-18,7.998075093179174e-06,0,0,0
SITE0053,2026-06-19,8.044194276792722e-06,0,0,0
SITE0053,2026-06-20,7.490343941589101e-06,0,0,0
SITE0053,2026-06-21,7.282238842290448e-06,0,0,0
SITE0053,2026-06-22,7.162026004392843e-06,0,0,0
SITE0053,2026-06-23,7.84980326947662e-06,0,0,0
SITE0053,2026-06-24,7.168931229991514e-06,0,0,0
SITE0053,2026-06-25,1.1999936152428199e-05,0,0,0
SITE0053,2026-06-26,7.314243151886303e-06,0,0,0
SITE0053,2026-06-27,8.663684451654482e-06,0,0,0
SITE0053,2026-06-28,7.92900764803374e-06,0,0,0
SITE0053,2026-06-29,9.282136820532755e-06,0,0,0
SITE0054,2026-04-01,1.0168160521325005e-05,0,0,0
SITE0054,2026-04-02,1.0646445792387987e-05,0,0,0
SITE0054,2026-04-03,1.0910172570290495e-05,0,0,0
SITE0054,2026-04-04,1.0611900245972285e-05,0,0,0
SITE0054,2026-04-05,9.863308314619117e-06,0,0,0
SITE0054,2026-04-06,6.923725477282248e-06,0,0,0
SITE0054,2026-04-07,7.4212946319637356e-06,0,0,0
SITE0054,2026-04-08,7.461207262033736e-06,0,0,0
SITE0054,2026-04-09,7.433494930863003e-06,0,0,0
SITE0054,2026-04-10,8.490693470104665e-06,0,0,0
SITE0054,2026-04-11,8.68016691279378e-06,0,0,0
SITE0054,2026-04-12,7.453596731260014e-06,0,0,0
SITE0054,2026-04-13,9.978845522458209e-06,0,0,0
SITE0054,2026-04-14,8.244873788349003e-06,0,0,0
SITE0054,2026-04-15,8.513843612875015e-06,0,0,0
SITE0054,2026-04-16,7.420943540571416e-06,0,0,0
SITE0054,2026-04-17,8.765189224301645e-06,0,0,0
SITE0054,2026-04-18,8.818372139249394e-06,0,0,0
SITE0054,2026-04-19,9.707507492599584e-06,0,0,0
SITE0054,2026-04-20,7.557273883842211e-06,0,0,0
SITE0054,2026-04-21,6.56661590269119e-06,0,0,0
SITE0054,2026-04-22,1.0192546236167299e-05,0,0,0
SITE0054,2026-04-23,1.239489652491989e-05,0,0,0
SITE0054,2026-04-24,9.340016551614018e-06,0,0,0
SITE0054,2026-04-25,7.80517276527333e-06,0,0,0
SITE0054,2026-04-26,7.704189748215386e-06,0,0,0
SITE0054,2026-04-27,8.507106648463008e-06,0,0,0
SITE0054,2026-04-28,8.084022976320064e-06,0,0,0
SITE0054,2026-04-29,7.433400124334872e-06,0,0,0
SITE0054,2026-04-30,6.442341631341494e-06,0,0,0
SITE0054,2026-05-01,6.385359347790099e-06,0,0,0
SITE0054,2026-05-02,8.024870784043994e-06,0,0,0
SITE0054,2026-05-03,8.356910032279536e-06,0,0,0
SITE0054,2026-05-04,1.006903443351813e-05,0,0,0
SITE0054,2026-05-05,8.678829407953866e-06,0,0,0
SITE0054,2026-05-06,7.808330071784892e-06,0,0,0
SITE0054,2026-05-07,7.616334914563845e-06,0,0,0
SITE0054,2026-05-08,8.376723361879784e-06,0,0,0
SITE0054,2026-05-09,1.1333481560472955e-05,0,0,0
SITE0054,2026-05-10,8.213531642162318e-06,0,0,0
SITE0054,2026-05-11,8.696520362702109e-06,0,0,0
SITE0054,2026-05-12,8.102106596357673e-06,0,0,0
SITE0054,2026-05-13,9.06731041548679e-06,0,0,0
SITE0054,2026-05-14,9.135452009708869e-06,0,0,0
SITE0054,2026-05-15,1.0512979741427205e-05,0,0,0
SITE0054,2026-05-16,8.796040576215343e-06,0,0,0
SITE0054,2026-05-17,9.204297788861455e-06,0,0,0
SITE0054,2026-05-18,8.097030930581691e-06,0,0,0
SITE0054,2026-05-19,9.170636226416847e-06,0,0,0
SITE0054,2026-05-20,8.743456822389467e-06,0,0,0
SITE0054,2026-05-21,1.2232963398401195e-05,0,0,0
SITE0054,2026-05-22,7.804247620733155e-06,0,0,0
SITE0054,2026-05-23,8.787714372482222e-06,0,0,0
SITE0054,2026-05-24,9.073389883544989e-06,0,0,0
SITE0054,2026-05-25,1.3776188085090337e-05,0,0,0
SITE0054,2026-05-26,6.070152287858492e-06,0,0,0
SITE0054,2026-05-27,7.136368621796155e-06,0,0,0
SITE0054,2026-05-28,7.276833242970006e-06,0,0,0
SITE0054,2026-05-29,8.543553330699192e-06,0,0,0
SITE0054,2026-05-30,9.853279312037919e-06,0,0,0
SITE0054,2026-05-31,9.982965931668e-06,0,0,0
SITE0054,2026-06-01,9.316399338875324e-06,0,0,0
SITE0054,2026-06-02,7.6998531259111e-06,0,0,0
SITE0054,2026-06-03,7.86370283020631e-06,0,0,0
SITE0054,2026-06-04,8.613838820276736e-06,0,0,0
SITE0054,2026-06-05,9.034839118841059e-06,0,0,0
SITE0054,2026-06-06,8.861921443092562e-06,0,0,0
SITE0054,2026-06-07,9.391924156550833e-06,0,0,0
SITE0054,2026-06-08,8.759449236735909e-06,0,0,0
SITE0054,2026-06-09,7.339717238092394e-06,0,0,0
SITE0054,2026-06-10,6.887399079905395e-06,0,0,0
SITE0054,2026-06-11,7.295428135474184e-06,0,0,0
SITE0054,2026-06-12,7.380609727934279e-06,0,0,0
SITE0054,2026-06-13,8.149239713520661e-06,0,0,0
SITE0054,2026-06-14,6.8148848464231015e-06,0,0,0
SITE0054,2026-06-15,7.530915366482398e-06,0,0,0
SITE0054,2026-06-16,6.878095866866979e-06,0,0,0
SITE0054,2026-06-17,8.866939753230267e-06,0,0,0
SITE0054,2026-06-18,7.628461334765094e-06,0,0,0
SITE0054,2026-06-19,7.661759256507968e-06,0,0,0
SITE0054,2026-06-20,7.358029609728957e-06,0,0,0
SITE0054,2026-06-21,8.584741907264792e-06,0,0,0
SITE0054,2026-06-22,9.232262022736584e-06,0,0,0
SITE0054,2026-06-23,8.72188791123826e-06,0,0,0
SITE0054,2026-06-24,7.766091064968214e-06,0,0,0
SITE0054,2026-06-25,8.1061244415276e-06,0,0,0
SITE0054,2026-06-26,7.85073108876132e-06,0,0,0
SITE0054,2026-06-27,9.500234538871066e-06,0,0,0
SITE0054,2026-06-28,8.28456544380593e-06,0,0,0
SITE0054,2026-06-29,7.874316999872322e-06,0,0,0
SITE0055,2026-04-01,1.0662117519513227e-05,0,0,0
SITE0055,2026-04-02,1.051811849525861e-05,0,0,0
SITE0055,2026-04-03,1.0491038195228013e-05,0,0,0
SITE0055,2026-04-04,9.08944863691084e-06,0,0,0
SITE0055,2026-04-05,9.601790081668678e-06,0,0,0
SITE0055,2026-04-06,9.876190882615207e-06,0,0,0
SITE0055,2026-04-07,1.0057442949264182e-05,0,0,0
SITE0055,2026-04-08,1.0439093931524232e-05,0,0,0
SITE0055,2026-04-09,9.608647202768686e-06,0,0,0
SITE0055,2026-04-10,1.0525909263020281e-05,0,0,0
SITE0055,2026-04-11,1.0463163105117853e-05,0,0,0
SITE0055,2026-04-12,1.0198212743318889e-05,0,0,0
SITE0055,2026-04-13,9.659801645517248e-06,0,0,0
SITE0055,2026-04-14,1.0078841437808626e-05,0,0,0
SITE0055,2026-04-15,1.0011392611433698e-05,0,0,0
SITE0055,2026-04-16,1.0010535276733618e-05,0,0,0
SITE0055,2026-04-17,9.727379283312521e-06,0,0,0
SITE0055,2026-04-18,9.706763212321426e-06,0,0,0
SITE0055,2026-04-19,9.634398928609315e-06,0,0,0
SITE0055,2026-04-20,1.0637458055841223e-05,0,0,0
SITE0055,2026-04-21,1.0948352243440104e-05,0,0,0
SITE0055,2026-04-22,1.0783296295754177e-05,0,0,0
SITE0055,2026-04-23,9.954053622782507e-06,0,0,0
SITE0055,2026-04-24,1.0677415697768354e-05,0,0,0
SITE0055,2026-04-25,1.001475959119861e-05,0,0,0
SITE0055,2026-04-26,1.0632357271595176e-05,0,0,0
SITE0055,2026-04-27,9.939932358416051e-06,0,0,0
SITE0055,2026-04-28,9.752908064271996e-06,0,0,0
SITE0055,2026-04-29,1.0541544001285302e-05,0,0,0
SITE0055,2026-04-30,9.867591033617595e-06,0,0,0
SITE0055,2026-05-01,1.0118317685397954e-05,0,0,0
SITE0055,2026-05-02,1.0123639074328673e-05,0,0,0
SITE0055,2026-05-03,1.0850832209272306e-05,0,0,0
SITE0055,2026-05-04,1.0525125019609665e-05,0,0,0
SITE0055,2026-05-05,1.2000164151139208e-05,0,0,0
SITE0055,2026-05-06,1.1996166258342468e-05,0,0,0
SITE0055,2026-05-07,1.022439306578532e-05,0,0,0
SITE0055,2026-05-08,1.04457105526562e-05,0,0,0
SITE0055,2026-05-09,9.93623106095262e-06,0,0,0
SITE0055,2026-05-10,1.0068510983854736e-05,0,0,0
SITE0055,2026-05-11,9.972759851569978e-06,0,0,0
SITE0055,2026-05-12,1.0283050523512496e-05,0,0,0
SITE0055,2026-05-13,9.781964625248116e-06,0,0,0
SITE0055,2026-05-14,1.0954944309983211e-05,0,0,0
SITE0055,2026-05-15,1.0700860254913757e-05,0,0,0
SITE0055,2026-05-16,9.86881270609385e-06,0,0,0
SITE0055,2026-05-17,1.0019430105563768e-05,0,0,0
SITE0055,2026-05-18,1.0476437822659145e-05,0,0,0
SITE0055,2026-05-19,1.0061120364994688e-05,0,0,0
SITE0055,2026-05-20,9.704372881805859e-06,0,0,0
SITE0055,2026-05-21,1.0368461124255372e-05,0,0,0
SITE0055,2026-05-22,9.759405819491817e-06,0,0,0
SITE0055,2026-05-23,1.0012823651532144e-05,0,0,0
SITE0055,2026-05-24,1.062918377440128e-05,0,0,0
SITE0055,2026-05-25,1.05185178805151e-05,0,0,0
SITE0055,2026-05-26,1.051851788032368e-05,0,0,0
SITE0055,2026-05-27,1.0020304288882923e-05,0,0,0
SITE0055,2026-05-28,1.068376851416577e-05,0,0,0
SITE0055,2026-05-29,1.3436457486546045e-05,0,0,0
SITE0055,2026-05-30,1.3402495308509895e-05,0,0,0
SITE0055,2026-05-31,1.3093084735674435e-05,0,0,0
SITE0055,2026-06-01,1.1015468028448693e-05,0,0,0
SITE0055,2026-06-02,1.0902447907154087e-05,0,0,0
SITE0055,2026-06-03,1.1102359680031417e-05,0,0,0
SITE0055,2026-06-04,1.1846861733349198e-05,0,0,0
SITE0055,2026-06-05,3.475935973466785e-05,0,0,0
SITE0055,2026-06-06,1.3511073433020117e-05,0,0,0
SITE0055,2026-06-07,1.1108851756714665e-05,0,0,0
SITE0055,2026-06-08,3.932805550521333e-05,0,0,0
SITE0055,2026-06-09,1.089378746935469e-05,0,0,0
SITE0055,2026-06-10,1.1314370092586645e-05,0,0,0
SITE0055,2026-06-11,1.0650083728097865e-05,0,0,0
SITE0055,2026-06-12,1.1011313283555419e-05,0,0,0
SITE0055,2026-06-13,1.1010773860231854e-05,0,0,0
SITE0055,2026-06-14,1.1580097275821574e-05,0,0,0
SITE0055,2026-06-15,9.70416883477087e-06,0,0,0
SITE0055,2026-06-16,1.0468495299070496e-05,0,0,0
SITE0055,2026-06-17,1.0061120679972657e-05,0,0,0
SITE0055,2026-06-18,1.0532318215147471e-05,0,0,0
SITE0055,2026-06-19,1.0562579878125623e-05,0,0,0
SITE0055,2026-06-20,1.0061367152841959e-05,0,0,0
SITE0055,2026-06-21,9.942459991301098e-06,0,0,0
SITE0055,2026-06-22,9.956276865934297e-06,0,0,0
SITE0055,2026-06-23,1.0669206487615798e-05,0,0,0
SITE0055,2026-06-24,1.0736542590749734e-05,0,0,0
SITE0055,2026-06-25,1.2171201794682073e-05,0,0,0
SITE0055,2026-06-26,1.0023383877890135e-05,0,0,0
SITE0055,2026-06-27,1.2163025709839963e-05,0,0,0
SITE0055,2026-06-28,9.5725562625096e-06,0,0,0
SITE0055,2026-06-29,9.589725876699454e-06,0,0,0
SITE0056,2026-04-01,1.1211978232590557e-05,0,0,0
SITE0056,2026-04-02,1.0540740038836996e-05,0,0,0
SITE0056,2026-04-03,9.994467256244987e-06,0,0,0
SITE0056,2026-04-04,1.0005788332943167e-05,0,0,0
SITE0056,2026-04-05,9.744763475817406e-06,0,0,0
SITE0056,2026-04-06,1.0930864290901669e-05,0,0,0
SITE0056,2026-04-07,1.5424485474364902e-05,0,0,0
SITE0056,2026-04-08,1.0194694971032414e-05,0,0,0
SITE0056,2026-04-09,1.1538102666139105e-05,0,0,0
SITE0056,2026-04-10,1.744340785104496e-05,0,0,0
SITE0056,2026-04-11,1.3002634895676153e-05,0,0,0
SITE0056,2026-04-12,1.635301444499889e-05,0,0,0
SITE0056,2026-04-13,1.1163504569078223e-05,0,0,0
SITE0056,2026-04-14,1.0314725688950424e-05,0,0,0
SITE0056,2026-04-15,1.1252889741910609e-05,0,0,0
SITE0056,2026-04-16,1.0514933214161652e-05,0,0,0
SITE0056,2026-04-17,1.2756370263566946e-05,0,0,0
SITE0056,2026-04-18,1.3367513916599402e-05,0,0,0
SITE0056,2026-04-19,9.356697235328843e-06,0,0,0
SITE0056,2026-04-20,1.0084063808228151e-05,0,0,0
SITE0056,2026-04-21,1.013861887292778e-05,0,0,0
SITE0056,2026-04-22,1.3321886919384196e-05,0,0,0
SITE0056,2026-04-23,1.213230068293612e-05,0,0,0
SITE0056,2026-04-24,1.274282463289995e-05,0,0,0
SITE0056,2026-04-25,1.4111034130985848e-05,0,0,0
SITE0056,2026-04-26,1.32014915188299e-05,0,0,0
SITE0056,2026-04-27,1.2007902742192702e-05,0,0,0
SITE0056,2026-04-28,9.977065917945462e-06,0,0,0
SITE0056,2026-04-29,1.0733612771036915e-05,0,0,0
SITE0056,2026-04-30,1.0217213928943371e-05,0,0,0
SITE0056,2026-05-01,1.023820240109217e-05,0,0,0
SITE0056,2026-05-02,1.2285744239247433e-05,0,0,0
SITE0056,2026-05-03,1.1979924638273316e-05,0,0,0
SITE0056,2026-05-04,1.172913221583257e-05,0,0,0
SITE0056,2026-05-05,1.0208467233876378e-05,0,0,0
SITE0056,2026-05-06,1.0679773663858444e-05,0,0,0
SITE0056,2026-05-07,1.0353972986260511e-05,0,0,0
SITE0056,2026-05-08,1.0879124566698426e-05,0,0,0
SITE0056,2026-05-09,1.0773523169710794e-05,0,0,0
SITE0056,2026-05-10,1.3665491002901073e-05,0,0,0
SITE0056,2026-05-11,1.0412838142527285e-05,0,0,0
SITE0056,2026-05-12,1.3436917840079427e-05,0,0,0
SITE0056,2026-05-13,1.5957422818917014e-05,0,0,0
SITE0056,2026-05-14,1.0805227822941135e-05,0,0,0
SITE0056,2026-05-15,1.0559827636270776e-05,0,0,0
SITE0056,2026-05-16,1.0581924072800546e-05,0,0,0
SITE0056,2026-05-17,1.0116774359445866e-05,0,0,0
SITE0056,2026-05-18,1.6975696484095667e-05,0,0,0
SITE0056,2026-05-19,1.3492672460358259e-05,0,0,0
SITE0056,2026-05-20,9.757612316893415e-06,0,0,0
SITE0056,2026-05-21,1.0576356095234818e-05,0,0,0
SITE0056,2026-05-22,1.056333840699557e-05,0,0,0
SITE0056,2026-05-23,1.031961645445773e-05,0,0,0
SITE0056,2026-05-24,1.0702909967351506e-05,0,0,0
SITE0056,2026-05-25,1.1795649062744948e-05,0,0,0
SITE0056,2026-05-26,1.5951927372324295e-05,0,0,0
SITE0056,2026-05-27,9.45809904073414e-06,0,0,0
SITE0056,2026-05-28,1.3578098923275222e-05,0,0,0
SITE0056,2026-05-29,1.1119361138444456e-05,0,0,0
SITE0056,2026-05-30,1.5483243017282175e-05,0,0,0
SITE0056,2026-05-31,1.0894193755204556e-05,0,0,0
SITE0056,2026-06-01,1.0499702544458104e-05,0,0,0
SITE0056,2026-06-02,1.0448866973228647e-05,0,0,0
SITE0056,2026-06-03,1.0778369174480639e-05,0,0,0
SITE0056,2026-06-04,9.82498264282236e-06,0,0,0
SITE0056,2026-06-05,1.005797957549239e-05,0,0,0
SITE0056,2026-06-06,1.6372058707995888e-05,0,0,0
SITE0056,2026-06-07,9.601506398238087e-06,0,0,0
SITE0056,2026-06-08,1.4201502637986144e-05,0,0,0
SITE0056,2026-06-09,1.0557197690072151e-05,0,0,0
SITE0056,2026-06-10,1.3353640136999514e-05,0,0,0
SITE0056,2026-06-11,1.5527432014969485e-05,0,0,0
SITE0056,2026-06-12,1.577375374483971e-05,0,0,0
SITE0056,2026-06-13,1.038244714953873e-05,0,0,0
SITE0056,2026-06-14,1.0371179158739776e-05,0,0,0
SITE0056,2026-06-15,1.0855092135916874e-05,0,0,0
SITE0056,2026-06-16,1.0426804086261912e-05,0,0,0
SITE0056,2026-06-17,9.342159839070825e-06,0,0,0
SITE0056,2026-06-18,9.700755125125105e-06,0,0,0
SITE0056,2026-06-19,1.2476712340031603e-05,0,0,0
SITE0056,2026-06-20,9.423757468192283e-06,0,0,0
SITE0056,2026-06-21,1.548560263135406e-05,0,0,0
SITE0056,2026-06-22,9.591291981816965e-06,0,0,0
SITE0056,2026-06-23,1.1572066710331056e-05,0,0,0
SITE0056,2026-06-24,1.0177362204539296e-05,0,0,0
SITE0056,2026-06-25,1.027055329626448e-05,0,0,0
SITE0056,2026-06-26,1.0915436805010165e-05,0,0,0
SITE0056,2026-06-27,1.2943931345442572e-05,0,0,0
SITE0056,2026-06-28,1.0319017407658867e-05,0,0,0
SITE0056,2026-06-29,1.1397421005740508e-05,0,0,0
SITE0057,2026-04-01,8.236493991255532e-06,0,0,0
SITE0057,2026-04-02,7.038688674933669e-06,0,0,0
SITE0057,2026-04-03,7.1072556357768756e-06,0,0,0
SITE0057,2026-04-04,7.953029267235459e-06,0,0,0
SITE0057,2026-04-05,7.774091832873364e-06,0,0,0
SITE0057,2026-04-06,6.711867259123049e-06,0,0,0
SITE0057,2026-04-07,8.587088389093055e-06,0,0,0
SITE0057,2026-04-08,9.435699419663786e-06,0,0,0
SITE0057,2026-04-09,8.652189432697021e-06,0,0,0
SITE0057,2026-04-10,1.1970116665023054e-05,0,0,0
SITE0057,2026-04-11,9.159345682396971e-06,0,0,0
SITE0057,2026-04-12,8.984076775456024e-06,0,0,0
SITE0057,2026-04-13,9.084712939264944e-06,0,0,0
SITE0057,2026-04-14,7.440543978249937e-06,0,0,0
SITE0057,2026-04-15,9.329305591438957e-06,0,0,0
SITE0057,2026-04-16,7.412957331629623e-06,0,0,0
SITE0057,2026-04-17,6.835946126664696e-06,0,0,0
SITE0057,2026-04-18,1.4779486797679197e-05,0,0,0
SITE0057,2026-04-19,1.1581933001247871e-05,0,0,0
SITE0057,2026-04-20,9.587442152457274e-06,0,0,0
SITE0057,2026-04-21,1.3010262328649288e-05,0,0,0
SITE0057,2026-04-22,7.885307805178316e-06,0,0,0
SITE0057,2026-04-23,7.02283956144814e-06,0,0,0
SITE0057,2026-04-24,8.236570852945088e-06,0,0,0
SITE0057,2026-04-25,1.1195947451335876e-05,0,0,0
SITE0057,2026-04-26,7.284471403064586e-06,0,0,0
SITE0057,2026-04-27,1.0651581184355441e-05,0,0,0
SITE0057,2026-04-28,9.097507098084535e-06,0,0,0
SITE0057,2026-04-29,7.220943625144626e-06,0,0,0
SITE0057,2026-04-30,1.3427536273760681e-05,0,0,0
SITE0057,2026-05-01,1.0388815885466488e-05,0,0,0
SITE0057,2026-05-02,7.83514258820834e-06,0,0,0
SITE0057,2026-05-03,8.599081519465965e-06,0,0,0
SITE0057,2026-05-04,7.4042694883166335e-06,0,0,0
SITE0057,2026-05-05,1.3345407203909584e-05,0,0,0
SITE0057,2026-05-06,7.988090336770574e-06,0,0,0
SITE0057,2026-05-07,8.453544879442474e-06,0,0,0
SITE0057,2026-05-08,9.444576317753723e-06,0,0,0
SITE0057,2026-05-09,1.2316861835577684e-05,0,0,0
SITE0057,2026-05-10,1.8682428681783686e-05,0,0,0
SITE0057,2026-05-11,8.18972177752787e-06,0,0,0
SITE0057,2026-05-12,8.359372637732167e-06,0,0,0
SITE0057,2026-05-13,7.954985531965492e-06,0,0,0
SITE0057,2026-05-14,1.0478556069329748e-05,0,0,0
SITE0057,2026-05-15,3.33750081589744e-05,0,0,0
SITE0057,2026-05-16,0.0003605958822174992,0,0,0
SITE0057,2026-05-17,0.000689682089323496,0,0,0
SITE0057,2026-05-18,0.9762800091573283,1,0,0
SITE0057,2026-05-19,0.9732237861949907,1,1,0
SITE0057,2026-05-20,0.9998111088842554,1,1,0
SITE0057,2026-05-21,0.9999673585637493,1,1,0
SITE0057,2026-05-22,0.9999534244666957,1,1,0
SITE0057,2026-05-23,0.9999574723451354,1,1,0
SITE0057,2026-05-24,0.9998512337051254,1,1,0
SITE0057,2026-05-25,0.9996131106667066,1,1,0
SITE0057,2026-05-26,0.9985101583110004,1,1,0
SITE0057,2026-05-27,0.9794412841571107,1,1,0
SITE0057,2026-05-28,0.9923744994625251,1,1,0
SITE0057,2026-05-29,0.9855789498849283,1,1,0
SITE0057,2026-05-30,0.9150447043478142,1,1,0
SITE0057,2026-05-31,0.9564265724876565,1,1,0
SITE0057,2026-06-01,0.4922216857221625,1,1,0
SITE0057,2026-06-02,0.7174681595146539,1,0,1
SITE0057,2026-06-03,0.00026167511292901657,0,0,0
SITE0057,2026-06-04,0.0003096996629959828,0,0,0
SITE0057,2026-06-05,5.025458244649991e-05,0,0,0
SITE0057,2026-06-06,6.0789563922287424e-05,0,0,0
SITE0057,2026-06-07,0.0001216009972016653,0,0,0
SITE0057,2026-06-08,2.0544951217053385e-05,0,0,0
SITE0057,2026-06-09,1.2954542177797741e-05,0,0,0
SITE0057,2026-06-10,1.0915369833502242e-05,0,0,0
SITE0057,2026-06-11,1.3126795919604373e-05,0,0,0
SITE0057,2026-06-12,1.395662033167671e-05,0,0,0
SITE0057,2026-06-13,1.336037157778356e-05,0,0,0
SITE0057,2026-06-14,1.3173912299898707e-05,0,0,0
SITE0057,2026-06-15,1.284010520259722e-05,0,0,0
SITE0057,2026-06-16,9.449111363308764e-06,0,0,0
SITE0057,2026-06-17,7.20993327018252e-06,0,0,0
SITE0057,2026-06-18,1.0214849664970654e-05,0,0,0
SITE0057,2026-06-19,7.888576284907194e-06,0,0,0
SITE0057,2026-06-20,1.551134375511875e-05,0,0,0
SITE0057,2026-06-21,5.2830586718531e-06,0,0,0
SITE0057,2026-06-22,6.329724777632983e-06,0,0,0
SITE0057,2026-06-23,9.603406772736052e-06,0,0,0
SITE0057,2026-06-24,9.589271446788125e-06,0,0,0
SITE0057,2026-06-25,8.70561587722814e-06,0,0,0
SITE0057,2026-06-26,9.189019175883583e-06,0,0,0
SITE0057,2026-06-27,7.451361673702341e-06,0,0,0
SITE0057,2026-06-28,9.956140189247563e-06,0,0,0
SITE0057,2026-06-29,1.3457850169222558e-05,0,0,0
SITE0058,2026-04-01,8.797155528382024e-06,0,0,0
SITE0058,2026-04-02,6.199238223090379e-06,0,0,0
SITE0058,2026-04-03,7.467521127093019e-06,0,0,0
SITE0058,2026-04-04,5.303277800482555e-06,0,0,0
SITE0058,2026-04-05,7.110943725674112e-06,0,0,0
SITE0058,2026-04-06,6.452677314643375e-06,0,0,0
SITE0058,2026-04-07,6.002006792207301e-06,0,0,0
SITE0058,2026-04-08,6.149255481993604e-06,0,0,0
SITE0058,2026-04-09,6.132170115643229e-06,0,0,0
SITE0058,2026-04-10,5.715967669263544e-06,0,0,0
SITE0058,2026-04-11,6.326577393354963e-06,0,0,0
SITE0058,2026-04-12,7.259071846439158e-06,0,0,0
SITE0058,2026-04-13,5.987992330076566e-06,0,0,0
SITE0058,2026-04-14,7.120082983806038e-06,0,0,0
SITE0058,2026-04-15,5.818260840833312e-06,0,0,0
SITE0058,2026-04-16,5.421771560165153e-06,0,0,0
SITE0058,2026-04-17,7.347834829014191e-06,0,0,0
SITE0058,2026-04-18,7.579490750181416e-06,0,0,0
SITE0058,2026-04-19,8.48596598007812e-06,0,0,0
SITE0058,2026-04-20,6.211059852976792e-06,0,0,0
SITE0058,2026-04-21,7.332644167087383e-06,0,0,0
SITE0058,2026-04-22,5.787446270289628e-06,0,0,0
SITE0058,2026-04-23,6.341420549942547e-06,0,0,0
SITE0058,2026-04-24,1.4511024168594847e-05,0,0,0
SITE0058,2026-04-25,7.26225491316144e-06,0,0,0
SITE0058,2026-04-26,5.753806134325737e-06,0,0,0
SITE0058,2026-04-27,7.342938676334815e-06,0,0,0
SITE0058,2026-04-28,7.043566665382599e-06,0,0,0
SITE0058,2026-04-29,5.389270684230292e-06,0,0,0
SITE0058,2026-04-30,6.754763373954148e-06,0,0,0
SITE0058,2026-05-01,6.199300474163458e-06,0,0,0
SITE0058,2026-05-02,5.722908962925346e-06,0,0,0
SITE0058,2026-05-03,6.153282049408097e-06,0,0,0
SITE0058,2026-05-04,5.987991462850992e-06,0,0,0
SITE0058,2026-05-05,7.823421815666973e-06,0,0,0
SITE0058,2026-05-06,6.89306657108146e-06,0,0,0
SITE0058,2026-05-07,5.498192558933996e-06,0,0,0
SITE0058,2026-05-08,6.8889416961855145e-06,0,0,0
SITE0058,2026-05-09,7.1265942026277594e-06,0,0,0
SITE0058,2026-05-10,7.233760034883724e-06,0,0,0
SITE0058,2026-05-11,7.987625349005284e-06,0,0,0
SITE0058,2026-05-12,1.9112191101750983e-05,0,0,0
SITE0058,2026-05-13,7.145158705221427e-06,0,0,0
SITE0058,2026-05-14,8.40912610497261e-06,0,0,0
SITE0058,2026-05-15,9.576420046754863e-06,0,0,0
SITE0058,2026-05-16,8.684909965888414e-06,0,0,0
SITE0058,2026-05-17,6.652127637114932e-06,0,0,0
SITE0058,2026-05-18,8.024985045062438e-06,0,0,0
SITE0058,2026-05-19,6.189586580884958e-06,0,0,0
SITE0058,2026-05-20,7.114998636126873e-06,0,0,0
SITE0058,2026-05-21,6.94185447151067e-06,0,0,0
SITE0058,2026-05-22,6.199643188016025e-06,0,0,0
SITE0058,2026-05-23,6.2215193995566245e-06,0,0,0
SITE0058,2026-05-24,8.555610612106571e-06,0,0,0
SITE0058,2026-05-25,6.79917730262805e-06,0,0,0
SITE0058,2026-05-26,6.102761218922265e-06,0,0,0
SITE0058,2026-05-27,7.814868291909281e-06,0,0,0
SITE0058,2026-05-28,6.198524070934915e-06,0,0,0
SITE0058,2026-05-29,6.151564720725215e-06,0,0,0
SITE0058,2026-05-30,6.602490083482202e-06,0,0,0
SITE0058,2026-05-31,6.559675320848149e-06,0,0,0
SITE0058,2026-06-01,5.82979196953057e-06,0,0,0
SITE0058,2026-06-02,7.1667657206026935e-06,0,0,0
SITE0058,2026-06-03,5.8638753217617855e-06,0,0,0
SITE0058,2026-06-04,6.307887078555771e-06,0,0,0
SITE0058,2026-06-05,5.810031614026649e-06,0,0,0
SITE0058,2026-06-06,5.971827000915872e-06,0,0,0
SITE0058,2026-06-07,6.740304813137971e-06,0,0,0
SITE0058,2026-06-08,7.819300150760092e-06,0,0,0
SITE0058,2026-06-09,6.8772726685413275e-06,0,0,0
SITE0058,2026-06-10,8.230070172504059e-06,0,0,0
SITE0058,2026-06-11,1.4654173652219105e-05,0,0,0
SITE0058,2026-06-12,7.0504954389070065e-06,0,0,0
SITE0058,2026-06-13,7.280644954481153e-06,0,0,0
SITE0058,2026-06-14,8.2497846621506e-06,0,0,0
SITE0058,2026-06-15,7.843739250616069e-06,0,0,0
SITE0058,2026-06-16,7.343397341554219e-06,0,0,0
SITE0058,2026-06-17,8.186823590544327e-06,0,0,0
SITE0058,2026-06-18,7.605771137547272e-06,0,0,0
SITE0058,2026-06-19,8.124034589995936e-06,0,0,0
SITE0058,2026-06-20,6.887938132052511e-06,0,0,0
SITE0058,2026-06-21,8.671562827205024e-06,0,0,0
SITE0058,2026-06-22,7.381368539172418e-06,0,0,0
SITE0058,2026-06-23,1.1077525460376586e-05,0,0,0
SITE0058,2026-06-24,8.564362676240298e-06,0,0,0
SITE0058,2026-06-25,6.183714594771929e-06,0,0,0
SITE0058,2026-06-26,8.608398937592353e-06,0,0,0
SITE0058,2026-06-27,6.602106546517746e-06,0,0,0
SITE0058,2026-06-28,6.512575271161438e-06,0,0,0
SITE0058,2026-06-29,7.254580519078699e-06,0,0,0
SITE0059,2026-04-01,3.8451495043117984e-05,0,0,0
SITE0059,2026-04-02,1.1475686099238325e-05,0,0,0
SITE0059,2026-04-03,8.53631825681811e-06,0,0,0
SITE0059,2026-04-04,8.854480279466198e-06,0,0,0
SITE0059,2026-04-05,1.1237646047934607e-05,0,0,0
SITE0059,2026-04-06,8.64769103211321e-06,0,0,0
SITE0059,2026-04-07,1.1763557800915665e-05,0,0,0
SITE0059,2026-04-08,1.0512893065886156e-05,0,0,0
SITE0059,2026-04-09,1.0802029715960425e-05,0,0,0
SITE0059,2026-04-10,1.141594792023538e-05,0,0,0
SITE0059,2026-04-11,1.0555722956582124e-05,0,0,0
SITE0059,2026-04-12,1.0761944518256822e-05,0,0,0
SITE0059,2026-04-13,1.0581960470326782e-05,0,0,0
SITE0059,2026-04-14,9.821726217139206e-06,0,0,0
SITE0059,2026-04-15,1.1170251524946451e-05,0,0,0
SITE0059,2026-04-16,1.093743547482445e-05,0,0,0
SITE0059,2026-04-17,8.42594080513963e-06,0,0,0
SITE0059,2026-04-18,7.96408985657776e-06,0,0,0
SITE0059,2026-04-19,8.088276561559332e-06,0,0,0
SITE0059,2026-04-20,1.1251024789520034e-05,0,0,0
SITE0059,2026-04-21,1.0012263704918828e-05,0,0,0
SITE0059,2026-04-22,1.0219867525138176e-05,0,0,0
SITE0059,2026-04-23,1.2651274228981562e-05,0,0,0
SITE0059,2026-04-24,1.0911391074041282e-05,0,0,0
SITE0059,2026-04-25,1.1519040963117041e-05,0,0,0
SITE0059,2026-04-26,9.545561922737263e-06,0,0,0
SITE0059,2026-04-27,9.907815835163203e-06,0,0,0
SITE0059,2026-04-28,9.225247578257983e-06,0,0,0
SITE0059,2026-04-29,1.110965025021197e-05,0,0,0
SITE0059,2026-04-30,1.028482183350477e-05,0,0,0
SITE0059,2026-05-01,1.14766249436171e-05,0,0,0
SITE0059,2026-05-02,8.673928736838938e-06,0,0,0
SITE0059,2026-05-03,1.1839898946267098e-05,0,0,0
SITE0059,2026-05-04,1.0122742609373699e-05,0,0,0
SITE0059,2026-05-05,1.0778351945857253e-05,0,0,0
SITE0059,2026-05-06,1.2006680005789104e-05,0,0,0
SITE0059,2026-05-07,1.070885471730026e-05,0,0,0
SITE0059,2026-05-08,1.0880338602540254e-05,0,0,0
SITE0059,2026-05-09,9.389834406477123e-06,0,0,0
SITE0059,2026-05-10,8.991877443256856e-06,0,0,0
SITE0059,2026-05-11,9.591948103850219e-06,0,0,0
SITE0059,2026-05-12,1.080797539575876e-05,0,0,0
SITE0059,2026-05-13,8.919435212601413e-06,0,0,0
SITE0059,2026-05-14,8.600092615194758e-06,0,0,0
SITE0059,2026-05-15,9.830301826577077e-06,0,0,0
SITE0059,2026-05-16,1.081209035715375e-05,0,0,0
SITE0059,2026-05-17,1.2791553517215681e-05,0,0,0
SITE0059,2026-05-18,9.315327387961806e-06,0,0,0
SITE0059,2026-05-19,1.093291926204981e-05,0,0,0
SITE0059,2026-05-20,9.342939885396021e-06,0,0,0
SITE0059,2026-05-21,9.132603446163666e-06,0,0,0
SITE0059,2026-05-22,1.1165938509761444e-05,0,0,0
SITE0059,2026-05-23,1.075183245694892e-05,0,0,0
SITE0059,2026-05-24,7.934172893978106e-06,0,0,0
SITE0059,2026-05-25,7.735319513094931e-06,0,0,0
SITE0059,2026-05-26,9.179364709201942e-06,0,0,0
SITE0059,2026-05-27,1.2346074795787365e-05,0,0,0
SITE0059,2026-05-28,1.1304138445861699e-05,0,0,0
SITE0059,2026-05-29,1.4624790678342252e-05,0,0,0
SITE0059,2026-05-30,9.875979772346455e-06,0,0,0
SITE0059,2026-05-31,9.853865165604424e-06,0,0,0
SITE0059,2026-06-01,8.605212953992158e-06,0,0,0
SITE0059,2026-06-02,1.0010628707028517e-05,0,0,0
SITE0059,2026-06-03,1.0412710374815344e-05,0,0,0
SITE0059,2026-06-04,1.0064787042793814e-05,0,0,0
SITE0059,2026-06-05,9.910878610585694e-06,0,0,0
SITE0059,2026-06-06,6.8183094951294654e-06,0,0,0
SITE0059,2026-06-07,6.788333995935437e-06,0,0,0
SITE0059,2026-06-08,9.891571971910812e-06,0,0,0
SITE0059,2026-06-09,9.826585036969421e-06,0,0,0
SITE0059,2026-06-10,1.352854355128789e-05,0,0,0
SITE0059,2026-06-11,1.2640143372393618e-05,0,0,0
SITE0059,2026-06-12,1.0453001714052048e-05,0,0,0
SITE0059,2026-06-13,8.236734926031809e-06,0,0,0
SITE0059,2026-06-14,1.1739633295405502e-05,0,0,0
SITE0059,2026-06-15,1.1788846320725531e-05,0,0,0
SITE0059,2026-06-16,1.156495330652333e-05,0,0,0
SITE0059,2026-06-17,1.0884955830023255e-05,0,0,0
SITE0059,2026-06-18,1.2928100945609175e-05,0,0,0
SITE0059,2026-06-19,1.5694316542325252e-05,0,0,0
SITE0059,2026-06-20,1.3793210951649698e-05,0,0,0
SITE0059,2026-06-21,1.3158856382566213e-05,0,0,0
SITE0059,2026-06-22,1.445361663759126e-05,0,0,0
SITE0059,2026-06-23,1.4365821512883498e-05,0,0,0
SITE0059,2026-06-24,1.1468066441723464e-05,0,0,0
SITE0059,2026-06-25,8.630371974950884e-06,0,0,0
SITE0059,2026-06-26,8.132123649999364e-06,0,0,0
SITE0059,2026-06-27,7.2890436946107475e-06,0,0,0
SITE0059,2026-06-28,1.1467130381752577e-05,0,0,0
SITE0059,2026-06-29,1.4872829990466774e-05,0,0,0
SITE0060,2026-04-01,9.739672821695638e-06,0,0,0
SITE0060,2026-04-02,9.713805950867215e-06,0,0,0
SITE0060,2026-04-03,9.939770102527205e-06,0,0,0
SITE0060,2026-04-04,8.04640576327139e-06,0,0,0
SITE0060,2026-04-05,8.044914617856782e-06,0,0,0
SITE0060,2026-04-06,8.014095852489215e-06,0,0,0
SITE0060,2026-04-07,9.063097085315045e-06,0,0,0
SITE0060,2026-04-08,9.043570431018264e-06,0,0,0
SITE0060,2026-04-09,8.249773111682224e-06,0,0,0
SITE0060,2026-04-10,8.632590104571527e-06,0,0,0
SITE0060,2026-04-11,9.239232380015083e-06,0,0,0
SITE0060,2026-04-12,8.808435202382959e-06,0,0,0
SITE0060,2026-04-13,8.808435212481479e-06,0,0,0
SITE0060,2026-04-14,8.792631742170769e-06,0,0,0
SITE0060,2026-04-15,9.321842992083104e-06,0,0,0
SITE0060,2026-04-16,8.808013036677509e-06,0,0,0
SITE0060,2026-04-17,8.809863874037685e-06,0,0,0
SITE0060,2026-04-18,8.811758309284471e-06,0,0,0
SITE0060,2026-04-19,1.7370227135619915e-05,0,0,0
SITE0060,2026-04-20,8.74776554644256e-06,0,0,0
SITE0060,2026-04-21,8.814878169720573e-06,0,0,0
SITE0060,2026-04-22,9.252260867341204e-06,0,0,0
SITE0060,2026-04-23,9.446418814806822e-06,0,0,0
SITE0060,2026-04-24,9.364037083863158e-06,0,0,0
SITE0060,2026-04-25,8.824310503411818e-06,0,0,0
SITE0060,2026-04-26,8.954159822599195e-06,0,0,0
SITE0060,2026-04-27,8.952012044842938e-06,0,0,0
SITE0060,2026-04-28,9.208942240255938e-06,0,0,0
SITE0060,2026-04-29,9.487007419096998e-06,0,0,0
SITE0060,2026-04-30,1.826511501353696e-05,0,0,0
SITE0060,2026-05-01,9.031345538198696e-06,0,0,0
SITE0060,2026-05-02,8.995005560147984e-06,0,0,0
SITE0060,2026-05-03,9.267955541248973e-06,0,0,0
SITE0060,2026-05-04,9.812320105220487e-06,0,0,0
SITE0060,2026-05-05,2.1702853541472225e-05,0,0,0
SITE0060,2026-05-06,2.108994118508368e-05,0,0,0
SITE0060,2026-05-07,2.124143907208098e-05,0,0,0
SITE0060,2026-05-08,2.3015105773423443e-05,0,0,0
SITE0060,2026-05-09,2.345963308355022e-05,0,0,0
SITE0060,2026-05-10,2.3173299241321236e-05,0,0,0
SITE0060,2026-05-11,1.1335004326293043e-05,0,0,0
SITE0060,2026-05-12,1.0527762712332436e-05,0,0,0
SITE0060,2026-05-13,1.029323512452416e-05,0,0,0
SITE0060,2026-05-14,1.1185985118537484e-05,0,0,0
SITE0060,2026-05-15,1.1179056844152489e-05,0,0,0
SITE0060,2026-05-16,2.537200546119551e-05,0,0,0
SITE0060,2026-05-17,1.2389153904703031e-05,0,0,0
SITE0060,2026-05-18,8.70301429779501e-06,0,0,0
SITE0060,2026-05-19,9.101158325545662e-06,0,0,0
SITE0060,2026-05-20,8.819086946673814e-06,0,0,0
SITE0060,2026-05-21,9.268919148124677e-06,0,0,0
SITE0060,2026-05-22,8.99463178817288e-06,0,0,0
SITE0060,2026-05-23,9.262022618395687e-06,0,0,0
SITE0060,2026-05-24,9.217155341203063e-06,0,0,0
SITE0060,2026-05-25,9.790406397010714e-06,0,0,0
SITE0060,2026-05-26,8.987148147090919e-06,0,0,0
SITE0060,2026-05-27,9.21415812547526e-06,0,0,0
SITE0060,2026-05-28,9.207499790975021e-06,0,0,0
SITE0060,2026-05-29,9.2613210312104e-06,0,0,0
SITE0060,2026-05-30,9.245412625992426e-06,0,0,0
SITE0060,2026-05-31,9.248248411102473e-06,0,0,0
SITE0060,2026-06-01,9.312980849281827e-06,0,0,0
SITE0060,2026-06-02,9.140852113600526e-06,0,0,0
SITE0060,2026-06-03,9.150105291292331e-06,0,0,0
SITE0060,2026-06-04,9.033600195295256e-06,0,0,0
SITE0060,2026-06-05,9.033321705077907e-06,0,0,0
SITE0060,2026-06-06,9.263889827288448e-06,0,0,0
SITE0060,2026-06-07,9.261320016792442e-06,0,0,0
SITE0060,2026-06-08,9.330000291190255e-06,0,0,0
SITE0060,2026-06-09,9.481849776011054e-06,0,0,0
SITE0060,2026-06-10,9.263889777846667e-06,0,0,0
SITE0060,2026-06-11,9.276474327772044e-06,0,0,0
SITE0060,2026-06-12,9.274076749182587e-06,0,0,0
SITE0060,2026-06-13,9.258355804536602e-06,0,0,0
SITE0060,2026-06-14,9.026947560807699e-06,0,0,0
SITE0060,2026-06-15,8.455909286146374e-06,0,0,0
SITE0060,2026-06-16,8.661120420682102e-06,0,0,0
SITE0060,2026-06-17,8.444434257428942e-06,0,0,0
SITE0060,2026-06-18,8.894060918254482e-06,0,0,0
SITE0060,2026-06-19,8.884097013172401e-06,0,0,0
SITE0060,2026-06-20,8.884097256377898e-06,0,0,0
SITE0060,2026-06-21,1.002705511307572e-05,0,0,0
SITE0060,2026-06-22,9.259798549533511e-06,0,0,0
SITE0060,2026-06-23,9.21165655987926e-06,0,0,0
SITE0060,2026-06-24,9.096527744603847e-06,0,0,0
SITE0060,2026-06-25,9.213026542835273e-06,0,0,0
SITE0060,2026-06-26,9.482774284079303e-06,0,0,0
SITE0060,2026-06-27,9.245861494990551e-06,0,0,0
SITE0060,2026-06-28,9.208423551222626e-06,0,0,0
SITE0060,2026-06-29,9.20988371932996e-06,0,0,0
SITE0061,2026-04-01,1.8924576299290658e-05,0,0,0
SITE0061,2026-04-02,1.8352666228776702e-05,0,0,0
SITE0061,2026-04-03,1.0974414910588819e-05,0,0,0
SITE0061,2026-04-04,1.0513159849060992e-05,0,0,0
SITE0061,2026-04-05,1.2574975764546118e-05,0,0,0
SITE0061,2026-04-06,1.3005390687965454e-05,0,0,0
SITE0061,2026-04-07,1.170758784094395e-05,0,0,0
SITE0061,2026-04-08,1.2039455625111627e-05,0,0,0
SITE0061,2026-04-09,9.75231857548318e-06,0,0,0
SITE0061,2026-04-10,1.1701013421840588e-05,0,0,0
SITE0061,2026-04-11,1.2301729673558549e-05,0,0,0
SITE0061,2026-04-12,1.2542805520541043e-05,0,0,0
SITE0061,2026-04-13,1.3157349579350998e-05,0,0,0
SITE0061,2026-04-14,9.383640238438494e-06,0,0,0
SITE0061,2026-04-15,9.467337193472137e-06,0,0,0
SITE0061,2026-04-16,1.06964677643641e-05,0,0,0
SITE0061,2026-04-17,1.0738500885400144e-05,0,0,0
SITE0061,2026-04-18,9.770894469638485e-06,0,0,0
SITE0061,2026-04-19,9.768322164119848e-06,0,0,0
SITE0061,2026-04-20,1.4881872348982556e-05,0,0,0
SITE0061,2026-04-21,1.5361150754348567e-05,0,0,0
SITE0061,2026-04-22,1.0374228629007291e-05,0,0,0
SITE0061,2026-04-23,1.134427215361816e-05,0,0,0
SITE0061,2026-04-24,9.8560885116591e-06,0,0,0
SITE0061,2026-04-25,1.550042215080402e-05,0,0,0
SITE0061,2026-04-26,2.0048622619215606e-05,0,0,0
SITE0061,2026-04-27,1.3249245184813241e-05,0,0,0
SITE0061,2026-04-28,1.2548745536377561e-05,0,0,0
SITE0061,2026-04-29,1.8093428412922973e-05,0,0,0
SITE0061,2026-04-30,1.1737904380957758e-05,0,0,0
SITE0061,2026-05-01,9.63996990376049e-06,0,0,0
SITE0061,2026-05-02,8.557311202933938e-06,0,0,0
SITE0061,2026-05-03,1.1251008938586609e-05,0,0,0
SITE0061,2026-05-04,1.4312453289839901e-05,0,0,0
SITE0061,2026-05-05,1.0867435019737175e-05,0,0,0
SITE0061,2026-05-06,1.3542017212691923e-05,0,0,0
SITE0061,2026-05-07,9.941940921755077e-06,0,0,0
SITE0061,2026-05-08,1.3241610301154099e-05,0,0,0
SITE0061,2026-05-09,1.1341348029514327e-05,0,0,0
SITE0061,2026-05-10,1.0358406874867706e-05,0,0,0
SITE0061,2026-05-11,1.2187855837916871e-05,0,0,0
SITE0061,2026-05-12,1.6180434741758903e-05,0,0,0
SITE0061,2026-05-13,1.7282088261430037e-05,0,0,0
SITE0061,2026-05-14,1.0279915766790132e-05,0,0,0
SITE0061,2026-05-15,1.0281480495630272e-05,0,0,0
SITE0061,2026-05-16,1.0045617322132443e-05,0,0,0
SITE0061,2026-05-17,1.0067532215218503e-05,0,0,0
SITE0061,2026-05-18,1.3473436864043789e-05,0,0,0
SITE0061,2026-05-19,9.530626533700274e-06,0,0,0
SITE0061,2026-05-20,1.2758280035772786e-05,0,0,0
SITE0061,2026-05-21,1.0356206968913034e-05,0,0,0
SITE0061,2026-05-22,1.6764048737133958e-05,0,0,0
SITE0061,2026-05-23,1.3126112026637056e-05,0,0,0
SITE0061,2026-05-24,1.3966651300119581e-05,0,0,0
SITE0061,2026-05-25,1.0656732851747158e-05,0,0,0
SITE0061,2026-05-26,1.0987213648548861e-05,0,0,0
SITE0061,2026-05-27,1.4309922510365601e-05,0,0,0
SITE0061,2026-05-28,1.793875648452922e-05,0,0,0
SITE0061,2026-05-29,1.1027520871244573e-05,0,0,0
SITE0061,2026-05-30,1.2365530476326873e-05,0,0,0
SITE0061,2026-05-31,1.013496980170143e-05,0,0,0
SITE0061,2026-06-01,1.1061351339776909e-05,0,0,0
SITE0061,2026-06-02,1.2044659438898188e-05,0,0,0
SITE0061,2026-06-03,1.407716873811666e-05,0,0,0
SITE0061,2026-06-04,1.341235013349253e-05,0,0,0
SITE0061,2026-06-05,1.5906882003156247e-05,0,0,0
SITE0061,2026-06-06,1.1250955910787467e-05,0,0,0
SITE0061,2026-06-07,1.2164117612304897e-05,0,0,0
SITE0061,2026-06-08,1.1843101350618729e-05,0,0,0
SITE0061,2026-06-09,1.4790256250381427e-05,0,0,0
SITE0061,2026-06-10,1.2266446006276388e-05,0,0,0
SITE0061,2026-06-11,1.5349807195162123e-05,0,0,0
SITE0061,2026-06-12,1.0391440224892682e-05,0,0,0
SITE0061,2026-06-13,9.793165381428383e-06,0,0,0
SITE0061,2026-06-14,1.125723977056553e-05,0,0,0
SITE0061,2026-06-15,1.0132921077969288e-05,0,0,0
SITE0061,2026-06-16,9.716915641458205e-06,0,0,0
SITE0061,2026-06-17,1.4024600935164165e-05,0,0,0
SITE0061,2026-06-18,1.1556801774369996e-05,0,0,0
SITE0061,2026-06-19,1.424654985820609e-05,0,0,0
SITE0061,2026-06-20,1.117143929192626e-05,0,0,0
SITE0061,2026-06-21,1.2117176939442078e-05,0,0,0
SITE0061,2026-06-22,1.0666307311661483e-05,0,0,0
SITE0061,2026-06-23,1.0622564290828412e-05,0,0,0
SITE0061,2026-06-24,1.1557372536270952e-05,0,0,0
SITE0061,2026-06-25,1.8173245676096386e-05,0,0,0
SITE0061,2026-06-26,1.3756033272441729e-05,0,0,0
SITE0061,2026-06-27,1.483082723897175e-05,0,0,0
SITE0061,2026-06-28,1.4408962272139263e-05,0,0,0
SITE0061,2026-06-29,1.521586863828341e-05,0,0,0
SITE0062,2026-04-01,8.66163183352901e-05,0,0,0
SITE0062,2026-04-02,8.72214580286287e-05,0,0,0
SITE0062,2026-04-03,9.444055058879671e-06,0,0,0
SITE0062,2026-04-04,1.0334675048237955e-05,0,0,0
SITE0062,2026-04-05,8.16315435532729e-06,0,0,0
SITE0062,2026-04-06,8.873295253347089e-06,0,0,0
SITE0062,2026-04-07,9.413778934440413e-06,0,0,0
SITE0062,2026-04-08,7.662865747240482e-06,0,0,0
SITE0062,2026-04-09,6.4105756323098385e-06,0,0,0
SITE0062,2026-04-10,8.225927813209183e-06,0,0,0
SITE0062,2026-04-11,9.644267044501693e-06,0,0,0
SITE0062,2026-04-12,6.806951823843981e-06,0,0,0
SITE0062,2026-04-13,8.64603645636136e-06,0,0,0
SITE0062,2026-04-14,7.758800189949321e-06,0,0,0
SITE0062,2026-04-15,1.088323558141676e-05,0,0,0
SITE0062,2026-04-16,6.722358992943683e-06,0,0,0
SITE0062,2026-04-17,8.829734808712117e-06,0,0,0
SITE0062,2026-04-18,7.013647328442053e-06,0,0,0
SITE0062,2026-04-19,7.423992424929169e-06,0,0,0
SITE0062,2026-04-20,8.239488573139979e-06,0,0,0
SITE0062,2026-04-21,5.914876360683435e-06,0,0,0
SITE0062,2026-04-22,1.0367468121923306e-05,0,0,0
SITE0062,2026-04-23,8.352274183316688e-06,0,0,0
SITE0062,2026-04-24,1.1297227006049416e-05,0,0,0
SITE0062,2026-04-25,9.324525470007385e-06,0,0,0
SITE0062,2026-04-26,9.257197639860444e-06,0,0,0
SITE0062,2026-04-27,7.642609645121118e-06,0,0,0
SITE0062,2026-04-28,7.485358646665802e-06,0,0,0
SITE0062,2026-04-29,1.1858105442202628e-05,0,0,0
SITE0062,2026-04-30,7.74559111655102e-06,0,0,0
SITE0062,2026-05-01,7.016167275079528e-06,0,0,0
SITE0062,2026-05-02,7.021326918741686e-06,0,0,0
SITE0062,2026-05-03,9.153270584594275e-06,0,0,0
SITE0062,2026-05-04,1.0307492702782835e-05,0,0,0
SITE0062,2026-05-05,8.09843120788542e-06,0,0,0
SITE0062,2026-05-06,9.404067993500807e-06,0,0,0
SITE0062,2026-05-07,9.27009209296018e-06,0,0,0
SITE0062,2026-05-08,1.1799900694231792e-05,0,0,0
SITE0062,2026-05-09,7.648359698858583e-06,0,0,0
SITE0062,2026-05-10,8.233597117721942e-06,0,0,0
SITE0062,2026-05-11,5.9801781826281645e-06,0,0,0
SITE0062,2026-05-12,5.9166420508538415e-06,0,0,0
SITE0062,2026-05-13,6.214082641736685e-06,0,0,0
SITE0062,2026-05-14,1.3752074062635124e-05,0,0,0
SITE0062,2026-05-15,1.2160298388845378e-05,0,0,0
SITE0062,2026-05-16,9.521492968280748e-06,0,0,0
SITE0062,2026-05-17,1.075272413028504e-05,0,0,0
SITE0062,2026-05-18,1.1362223011488693e-05,0,0,0
SITE0062,2026-05-19,8.36551657394052e-06,0,0,0
SITE0062,2026-05-20,8.134351757492065e-06,0,0,0
SITE0062,2026-05-21,9.018304225880847e-06,0,0,0
SITE0062,2026-05-22,1.0934631764607536e-05,0,0,0
SITE0062,2026-05-23,1.2952161684349356e-05,0,0,0
SITE0062,2026-05-24,8.016853586599575e-06,0,0,0
SITE0062,2026-05-25,8.282612195506658e-06,0,0,0
SITE0062,2026-05-26,7.094097448353299e-06,0,0,0
SITE0062,2026-05-27,7.408302652039754e-06,0,0,0
SITE0062,2026-05-28,7.688245810028905e-06,0,0,0
SITE0062,2026-05-29,7.508785577854577e-06,0,0,0
SITE0062,2026-05-30,8.428751769103457e-06,0,0,0
SITE0062,2026-05-31,1.0615738677163767e-05,0,0,0
SITE0062,2026-06-01,8.761525556523481e-06,0,0,0
SITE0062,2026-06-02,8.506678288591436e-06,0,0,0
SITE0062,2026-06-03,8.732086178462707e-06,0,0,0
SITE0062,2026-06-04,8.190955700891145e-06,0,0,0
SITE0062,2026-06-05,7.010104949449799e-06,0,0,0
SITE0062,2026-06-06,7.355994040900105e-06,0,0,0
SITE0062,2026-06-07,9.924948570097897e-06,0,0,0
SITE0062,2026-06-08,1.0019092209390175e-05,0,0,0
SITE0062,2026-06-09,1.1457955343439562e-05,0,0,0
SITE0062,2026-06-10,1.488482677235642e-05,0,0,0
SITE0062,2026-06-11,1.8008789632020192e-05,0,0,0
SITE0062,2026-06-12,8.889023578022062e-06,0,0,0
SITE0062,2026-06-13,8.30690261989784e-06,0,0,0
SITE0062,2026-06-14,7.0293827460933226e-06,0,0,0
SITE0062,2026-06-15,7.051429656647106e-06,0,0,0
SITE0062,2026-06-16,7.950697581427418e-06,0,0,0
SITE0062,2026-06-17,7.523823137276614e-06,0,0,0
SITE0062,2026-06-18,8.560910791089925e-06,0,0,0
SITE0062,2026-06-19,7.616946631722762e-06,0,0,0
SITE0062,2026-06-20,7.738758100134029e-06,0,0,0
SITE0062,2026-06-21,7.522068809642533e-06,0,0,0
SITE0062,2026-06-22,5.817399918607051e-06,0,0,0
SITE0062,2026-06-23,6.446938835303178e-06,0,0,0
SITE0062,2026-06-24,7.953917414437083e-06,0,0,0
SITE0062,2026-06-25,7.134984261339061e-06,0,0,0
SITE0062,2026-06-26,9.93589252173352e-06,0,0,0
SITE0062,2026-06-27,9.054225387507626e-06,0,0,0
SITE0062,2026-06-28,9.959233673710802e-06,0,0,0
SITE0062,2026-06-29,1.0220789753521759e-05,0,0,0
SITE0063,2026-04-01,5.169604208773396e-05,0,0,0
SITE0063,2026-04-02,5.445236145784208e-05,0,0,0
SITE0063,2026-04-03,1.0517450188171683e-05,0,0,0
SITE0063,2026-04-04,8.771064209192018e-06,0,0,0
SITE0063,2026-04-05,7.755955087963235e-06,0,0,0
SITE0063,2026-04-06,6.872934503534648e-06,0,0,0
SITE0063,2026-04-07,8.841043498649295e-06,0,0,0
SITE0063,2026-04-08,1.6206807894923578e-05,0,0,0
SITE0063,2026-04-09,6.699269082097417e-06,0,0,0
SITE0063,2026-04-10,6.414817099691933e-06,0,0,0
SITE0063,2026-04-11,8.79685424661286e-06,0,0,0
SITE0063,2026-04-12,6.4920077010131e-06,0,0,0
SITE0063,2026-04-13,6.89644528463771e-06,0,0,0
SITE0063,2026-04-14,1.312512034307342e-05,0,0,0
SITE0063,2026-04-15,6.652151297528158e-06,0,0,0
SITE0063,2026-04-16,8.118393407169664e-06,0,0,0
SITE0063,2026-04-17,7.720357628662928e-06,0,0,0
SITE0063,2026-04-18,7.717418805274227e-06,0,0,0
SITE0063,2026-04-19,7.601041200947752e-06,0,0,0
SITE0063,2026-04-20,8.033183990285744e-06,0,0,0
SITE0063,2026-04-21,6.690997937324247e-06,0,0,0
SITE0063,2026-04-22,7.89419112698115e-06,0,0,0
SITE0063,2026-04-23,6.460276367839384e-06,0,0,0
SITE0063,2026-04-24,1.0949219240541769e-05,0,0,0
SITE0063,2026-04-25,1.2297049714487055e-05,0,0,0
SITE0063,2026-04-26,5.792266560070402e-06,0,0,0
SITE0063,2026-04-27,8.026884070910458e-06,0,0,0
SITE0063,2026-04-28,6.512313690792061e-06,0,0,0
SITE0063,2026-04-29,7.760983111569975e-06,0,0,0
SITE0063,2026-04-30,7.117913126786341e-06,0,0,0
SITE0063,2026-05-01,7.480572819599935e-06,0,0,0
SITE0063,2026-05-02,6.3536235311971464e-06,0,0,0
SITE0063,2026-05-03,7.760368897803974e-06,0,0,0
SITE0063,2026-05-04,6.2027512375641665e-06,0,0,0
SITE0063,2026-05-05,5.728461144466877e-06,0,0,0
SITE0063,2026-05-06,7.223812600368801e-06,0,0,0
SITE0063,2026-05-07,7.41918212063884e-06,0,0,0
SITE0063,2026-05-08,8.31846995241147e-06,0,0,0
SITE0063,2026-05-09,7.699251958407385e-06,0,0,0
SITE0063,2026-05-10,5.9857101335633035e-06,0,0,0
SITE0063,2026-05-11,5.161261950263094e-06,0,0,0
SITE0063,2026-05-12,5.661083791158319e-06,0,0,0
SITE0063,2026-05-13,6.197522673556337e-06,0,0,0
SITE0063,2026-05-14,7.47992806121645e-06,0,0,0
SITE0063,2026-05-15,5.9162888876543935e-06,0,0,0
SITE0063,2026-05-16,7.388190394439275e-06,0,0,0
SITE0063,2026-05-17,6.917496077780456e-06,0,0,0
SITE0063,2026-05-18,7.777503483712311e-06,0,0,0
SITE0063,2026-05-19,7.263734004296742e-06,0,0,0
SITE0063,2026-05-20,7.832632483847843e-06,0,0,0
SITE0063,2026-05-21,7.949308328436785e-06,0,0,0
SITE0063,2026-05-22,6.73474823582391e-06,0,0,0
SITE0063,2026-05-23,1.3910533245752046e-05,0,0,0
SITE0063,2026-05-24,6.409566605693158e-06,0,0,0
SITE0063,2026-05-25,7.357857418146726e-06,0,0,0
SITE0063,2026-05-26,7.622854434027892e-06,0,0,0
SITE0063,2026-05-27,6.267230231206607e-06,0,0,0
SITE0063,2026-05-28,7.96550686632501e-06,0,0,0
SITE0063,2026-05-29,6.4601142409622804e-06,0,0,0
SITE0063,2026-05-30,7.88634137539762e-06,0,0,0
SITE0063,2026-05-31,6.5189548576890755e-06,0,0,0
SITE0063,2026-06-01,6.292713569196537e-06,0,0,0
SITE0063,2026-06-02,9.02479590379544e-06,0,0,0
SITE0063,2026-06-03,1.9735350916136176e-05,0,0,0
SITE0063,2026-06-04,6.330915218423905e-05,0,0,0
SITE0063,2026-06-05,0.00017616551633857893,0,0,0
SITE0063,2026-06-06,0.8747339120289495,1,0,0
SITE0063,2026-06-07,0.9998789038460735,1,1,0
SITE0063,2026-06-08,0.9999738742060369,1,1,0
SITE0063,2026-06-09,0.9999748093010312,1,1,0
SITE0063,2026-06-10,0.9999793946654333,1,1,0
SITE0063,2026-06-11,0.999989366678232,1,1,0
SITE0063,2026-06-12,0.9999884108172954,1,1,0
SITE0063,2026-06-13,0.999988674398721,1,1,0
SITE0063,2026-06-14,0.9999925844314457,1,1,0
SITE0063,2026-06-15,0.999991533904909,1,1,0
SITE0063,2026-06-16,0.999982427296928,1,0,0
SITE0063,2026-06-17,0.9999839655201314,1,0,0
SITE0063,2026-06-18,0.9999481942161537,1,0,0
SITE0063,2026-06-19,0.9970565300625185,1,0,0
SITE0063,2026-06-20,0.9939096840889567,1,0,0
SITE0063,2026-06-21,0.888210017929332,1,0,1
SITE0063,2026-06-22,0.0001629245401420412,0,0,0
SITE0063,2026-06-23,0.00012535181848750252,0,0,0
SITE0063,2026-06-24,6.306930594913446e-05,0,0,0
SITE0063,2026-06-25,7.866176139229523e-05,0,0,0
SITE0063,2026-06-26,4.393836047017849e-05,0,0,0
SITE0063,2026-06-27,4.0305642443868274e-05,0,0,0
SITE0063,2026-06-28,1.856487067124844e-05,0,0,0
SITE0063,2026-06-29,1.570237843916035e-05,0,0,0
SITE0064,2026-04-01,9.146857671377138e-06,0,0,0
SITE0064,2026-04-02,8.736630212143724e-06,0,0,0
SITE0064,2026-04-03,7.76778490190345e-06,0,0,0
SITE0064,2026-04-04,8.155900474749064e-06,0,0,0
SITE0064,2026-04-05,8.941415201421494e-06,0,0,0
SITE0064,2026-04-06,1.1266557248911601e-05,0,0,0
SITE0064,2026-04-07,9.511155956465731e-06,0,0,0
SITE0064,2026-04-08,8.332953831003482e-06,0,0,0
SITE0064,2026-04-09,9.292558407586818e-06,0,0,0
SITE0064,2026-04-10,1.0131575267130352e-05,0,0,0
SITE0064,2026-04-11,8.77736291211741e-06,0,0,0
SITE0064,2026-04-12,8.415605135569886e-06,0,0,0
SITE0064,2026-04-13,8.822890936815901e-06,0,0,0
SITE0064,2026-04-14,9.5148357348955e-06,0,0,0
SITE0064,2026-04-15,8.684718313388187e-06,0,0,0
SITE0064,2026-04-16,7.438317945358534e-06,0,0,0
SITE0064,2026-04-17,1.0661246957329474e-05,0,0,0
SITE0064,2026-04-18,1.282890933666449e-05,0,0,0
SITE0064,2026-04-19,8.681112109090656e-06,0,0,0
SITE0064,2026-04-20,8.946894057854262e-06,0,0,0
SITE0064,2026-04-21,7.423850198807135e-06,0,0,0
SITE0064,2026-04-22,7.580084770688772e-06,0,0,0
SITE0064,2026-04-23,8.180420756529984e-06,0,0,0
SITE0064,2026-04-24,8.381270243899676e-06,0,0,0
SITE0064,2026-04-25,8.761193182806054e-06,0,0,0
SITE0064,2026-04-26,8.484827601689064e-06,0,0,0
SITE0064,2026-04-27,7.755742822176927e-06,0,0,0
SITE0064,2026-04-28,7.4308560607740625e-06,0,0,0
SITE0064,2026-04-29,6.244218414755227e-06,0,0,0
SITE0064,2026-04-30,9.056051758162856e-06,0,0,0
SITE0064,2026-05-01,1.1131843159334646e-05,0,0,0
SITE0064,2026-05-02,8.443667680170958e-06,0,0,0
SITE0064,2026-05-03,7.523210574045162e-06,0,0,0
SITE0064,2026-05-04,6.819446728281466e-06,0,0,0
SITE0064,2026-05-05,6.709434508849601e-06,0,0,0
SITE0064,2026-05-06,7.0246432354725985e-06,0,0,0
SITE0064,2026-05-07,7.092342614671254e-06,0,0,0
SITE0064,2026-05-08,9.986231074173927e-06,0,0,0
SITE0064,2026-05-09,7.117312837117539e-06,0,0,0
SITE0064,2026-05-10,7.3095529511582575e-06,0,0,0
SITE0064,2026-05-11,8.266850994898652e-06,0,0,0
SITE0064,2026-05-12,7.955996663856423e-06,0,0,0
SITE0064,2026-05-13,7.816995290012917e-06,0,0,0
SITE0064,2026-05-14,1.5915633567638622e-05,0,0,0
SITE0064,2026-05-15,1.532334090521779e-05,0,0,0
SITE0064,2026-05-16,7.981376528593945e-05,0,0,0
SITE0064,2026-05-17,0.00039654913608215016,0,0,0
SITE0064,2026-05-18,0.005455935339834419,0,0,0
SITE0064,2026-05-19,0.9967267276390608,1,1,0
SITE0064,2026-05-20,0.9998524544516874,1,1,0
SITE0064,2026-05-21,0.9999845759991286,1,1,0
SITE0064,2026-05-22,0.9999843315061778,1,1,0
SITE0064,2026-05-23,0.9999879623784007,1,1,0
SITE0064,2026-05-24,0.9999831189902703,1,1,0
SITE0064,2026-05-25,0.9999896645481217,1,1,0
SITE0064,2026-05-26,0.9999335999874293,1,1,0
SITE0064,2026-05-27,0.9999922180079145,1,1,0
SITE0064,2026-05-28,0.9999924525646783,1,1,0
SITE0064,2026-05-29,0.9999838549626239,1,1,0
SITE0064,2026-05-30,0.9996499596364858,1,1,0
SITE0064,2026-05-31,0.9072579263102445,1,1,0
SITE0064,2026-06-01,0.9401123676194278,1,1,0
SITE0064,2026-06-02,0.15418325800944066,1,0,1
SITE0064,2026-06-03,0.00045633899057164623,0,0,0
SITE0064,2026-06-04,0.0001627477807926817,0,0,0
SITE0064,2026-06-05,5.671454972636325e-05,0,0,0
SITE0064,2026-06-06,6.487998789683113e-05,0,0,0
SITE0064,2026-06-07,7.786391378669778e-05,0,0,0
SITE0064,2026-06-08,7.211322754863872e-05,0,0,0
SITE0064,2026-06-09,2.7508091646336355e-05,0,0,0
SITE0064,2026-06-10,2.4556491915744192e-05,0,0,0
SITE0064,2026-06-11,2.7620266652992597e-05,0,0,0
SITE0064,2026-06-12,3.96514443583962e-05,0,0,0
SITE0064,2026-06-13,3.402926927117323e-05,0,0,0
SITE0064,2026-06-14,3.6462306515344726e-05,0,0,0
SITE0064,2026-06-15,2.0256044739505693e-05,0,0,0
SITE0064,2026-06-16,6.262710460248701e-06,0,0,0
SITE0064,2026-06-17,7.805271413381355e-06,0,0,0
SITE0064,2026-06-18,8.260163154092164e-06,0,0,0
SITE0064,2026-06-19,1.19611825128574e-05,0,0,0
SITE0064,2026-06-20,9.154221888279525e-06,0,0,0
SITE0064,2026-06-21,9.282620439213783e-06,0,0,0
SITE0064,2026-06-22,8.059901199834193e-06,0,0,0
SITE0064,2026-06-23,8.163101676337869e-06,0,0,0
SITE0064,2026-06-24,8.784455919217807e-06,0,0,0
SITE0064,2026-06-25,8.54314278563218e-06,0,0,0
SITE0064,2026-06-26,8.690322378459727e-06,0,0,0
SITE0064,2026-06-27,8.180831226409809e-06,0,0,0
SITE0064,2026-06-28,8.663201378578458e-06,0,0,0
SITE0064,2026-06-29,9.367836927341886e-06,0,0,0
SITE0065,2026-04-01,1.3284540939068377e-05,0,0,0
SITE0065,2026-04-02,1.251202631622571e-05,0,0,0
SITE0065,2026-04-03,1.2646520853598221e-05,0,0,0
SITE0065,2026-04-04,1.284102451405331e-05,0,0,0
SITE0065,2026-04-05,1.2219043421019133e-05,0,0,0
SITE0065,2026-04-06,1.332235750639822e-05,0,0,0
SITE0065,2026-04-07,1.2348070873650994e-05,0,0,0
SITE0065,2026-04-08,1.1817204739596176e-05,0,0,0
SITE0065,2026-04-09,1.3572561370448524e-05,0,0,0
SITE0065,2026-04-10,1.1756593769793156e-05,0,0,0
SITE0065,2026-04-11,1.2644858992432429e-05,0,0,0
SITE0065,2026-04-12,1.2579032460422496e-05,0,0,0
SITE0065,2026-04-13,1.2576550081282217e-05,0,0,0
SITE0065,2026-04-14,1.2648521274808354e-05,0,0,0
SITE0065,2026-04-15,1.2510414183096373e-05,0,0,0
SITE0065,2026-04-16,1.2872817782591844e-05,0,0,0
SITE0065,2026-04-17,1.2512027750250761e-05,0,0,0
SITE0065,2026-04-18,1.2878867086877836e-05,0,0,0
SITE0065,2026-04-19,1.222607977163598e-05,0,0,0
SITE0065,2026-04-20,1.2152403128152725e-05,0,0,0
SITE0065,2026-04-21,1.264807628646182e-05,0,0,0
SITE0065,2026-04-22,1.2123575261891691e-05,0,0,0
SITE0065,2026-04-23,1.473354978542533e-05,0,0,0
SITE0065,2026-04-24,1.2323057787914989e-05,0,0,0
SITE0065,2026-04-25,1.3362761741213565e-05,0,0,0
SITE0065,2026-04-26,1.2882132007727543e-05,0,0,0
SITE0065,2026-04-27,1.316891768478233e-05,0,0,0
SITE0065,2026-04-28,1.2516093420450376e-05,0,0,0
SITE0065,2026-04-29,1.2192680196092687e-05,0,0,0
SITE0065,2026-04-30,1.3282926440129828e-05,0,0,0
SITE0065,2026-05-01,1.3282647605338092e-05,0,0,0
SITE0065,2026-05-02,1.3282927162255183e-05,0,0,0
SITE0065,2026-05-03,1.2572483714854591e-05,0,0,0
SITE0065,2026-05-04,1.5240082033698976e-05,0,0,0
SITE0065,2026-05-05,1.251231315294189e-05,0,0,0
SITE0065,2026-05-06,1.2580838681413932e-05,0,0,0
SITE0065,2026-05-07,1.2576550925971247e-05,0,0,0
SITE0065,2026-05-08,1.2579032644544477e-05,0,0,0
SITE0065,2026-05-09,1.2509994914145594e-05,0,0,0
SITE0065,2026-05-10,1.2192943384104728e-05,0,0,0
SITE0065,2026-05-11,1.5392497021053594e-05,0,0,0
SITE0065,2026-05-12,1.2036960653909829e-05,0,0,0
SITE0065,2026-05-13,1.2512733390698904e-05,0,0,0
SITE0065,2026-05-14,1.401325793573498e-05,0,0,0
SITE0065,2026-05-15,1.321358412799813e-05,0,0,0
SITE0065,2026-05-16,1.2512312403741976e-05,0,0,0
SITE0065,2026-05-17,1.2573188316799979e-05,0,0,0
SITE0065,2026-05-18,1.3043010251110748e-05,0,0,0
SITE0065,2026-05-19,1.2123839251882876e-05,0,0,0
SITE0065,2026-05-20,1.4934255680594836e-05,0,0,0
SITE0065,2026-05-21,1.4303461427786695e-05,0,0,0
SITE0065,2026-05-22,1.4311755510462365e-05,0,0,0
SITE0065,2026-05-23,1.3378306162807778e-05,0,0,0
SITE0065,2026-05-24,1.2945723309184054e-05,0,0,0
SITE0065,2026-05-25,1.3282647284973804e-05,0,0,0
SITE0065,2026-05-26,1.3201356218150784e-05,0,0,0
SITE0065,2026-05-27,1.3804572317772315e-05,0,0,0
SITE0065,2026-05-28,1.3148338203191393e-05,0,0,0
SITE0065,2026-05-29,1.2510134812758722e-05,0,0,0
SITE0065,2026-05-30,1.2642540181170116e-05,0,0,0
SITE0065,2026-05-31,1.2644860607574946e-05,0,0,0
SITE0065,2026-06-01,1.2510413803209812e-05,0,0,0
SITE0065,2026-06-02,1.2518885046953371e-05,0,0,0
SITE0065,2026-06-03,1.2671019984455139e-05,0,0,0
SITE0065,2026-06-04,1.1886791381869715e-05,0,0,0
SITE0065,2026-06-05,1.234794582636106e-05,0,0,0
SITE0065,2026-06-06,1.2349840918590212e-05,0,0,0
SITE0065,2026-06-07,1.2512446446284492e-05,0,0,0
SITE0065,2026-06-08,1.3149746487664535e-05,0,0,0
SITE0065,2026-06-09,1.3145537704096536e-05,0,0,0
SITE0065,2026-06-10,1.3282927248669185e-05,0,0,0
SITE0065,2026-06-11,1.601290476974523e-05,0,0,0
SITE0065,2026-06-12,1.2874663118234386e-05,0,0,0
SITE0065,2026-06-13,1.378529209870392e-05,0,0,0
SITE0065,2026-06-14,1.3207603385635141e-05,0,0,0
SITE0065,2026-06-15,1.3215767122913813e-05,0,0,0
SITE0065,2026-06-16,1.3073513090991976e-05,0,0,0
SITE0065,2026-06-17,1.314554195861983e-05,0,0,0
SITE0065,2026-06-18,1.3071566531062003e-05,0,0,0
SITE0065,2026-06-19,1.297663001990409e-05,0,0,0
SITE0065,2026-06-20,1.2648738599609797e-05,0,0,0
SITE0065,2026-06-21,1.3284959458974235e-05,0,0,0
SITE0065,2026-06-22,1.320963601027598e-05,0,0,0
SITE0065,2026-06-23,1.3209636017202378e-05,0,0,0
SITE0065,2026-06-24,1.3146097800961703e-05,0,0,0
SITE0065,2026-06-25,1.3284959458041686e-05,0,0,0
SITE0065,2026-06-26,1.222593341185815e-05,0,0,0
SITE0065,2026-06-27,1.4352501512745745e-05,0,0,0
SITE0065,2026-06-28,1.5414958311438804e-05,0,0,0
SITE0065,2026-06-29,1.4669318171329965e-05,0,0,0
SITE0066,2026-04-01,3.187893242957541e-05,0,0,0
SITE0066,2026-04-02,1.5450163437569715e-05,0,0,0
SITE0066,2026-04-03,1.064049265389687e-05,0,0,0
SITE0066,2026-04-04,1.3741098222302082e-05,0,0,0
SITE0066,2026-04-05,1.297931164191185e-05,0,0,0
SITE0066,2026-04-06,1.811024580952271e-05,0,0,0
SITE0066,2026-04-07,1.0558751441753763e-05,0,0,0
SITE0066,2026-04-08,1.115536540260984e-05,0,0,0
SITE0066,2026-04-09,1.1481697511608917e-05,0,0,0
SITE0066,2026-04-10,1.0299327644039879e-05,0,0,0
SITE0066,2026-04-11,9.420667308385322e-06,0,0,0
SITE0066,2026-04-12,1.1782100174499846e-05,0,0,0
SITE0066,2026-04-13,1.4771274559219269e-05,0,0,0
SITE0066,2026-04-14,9.502330144840194e-06,0,0,0
SITE0066,2026-04-15,9.56506817438698e-06,0,0,0
SITE0066,2026-04-16,9.13930317225845e-06,0,0,0
SITE0066,2026-04-17,1.2207905227472388e-05,0,0,0
SITE0066,2026-04-18,9.235793503790238e-06,0,0,0
SITE0066,2026-04-19,9.578002070094766e-06,0,0,0
SITE0066,2026-04-20,9.142369361590646e-06,0,0,0
SITE0066,2026-04-21,9.804955445067713e-06,0,0,0
SITE0066,2026-04-22,1.1287190402131896e-05,0,0,0
SITE0066,2026-04-23,1.1924434909690748e-05,0,0,0
SITE0066,2026-04-24,1.2772357293156452e-05,0,0,0
SITE0066,2026-04-25,9.4765910743915e-06,0,0,0
SITE0066,2026-04-26,1.2348668554159701e-05,0,0,0
SITE0066,2026-04-27,1.0094372198376368e-05,0,0,0
SITE0066,2026-04-28,9.14900118469003e-06,0,0,0
SITE0066,2026-04-29,9.052485796557833e-06,0,0,0
SITE0066,2026-04-30,9.71461066777573e-06,0,0,0
SITE0066,2026-05-01,1.2867236398805132e-05,0,0,0
SITE0066,2026-05-02,1.1792606309454642e-05,0,0,0
SITE0066,2026-05-03,1.2117274532706588e-05,0,0,0
SITE0066,2026-05-04,1.0417839263878192e-05,0,0,0
SITE0066,2026-05-05,9.881933102302945e-06,0,0,0
SITE0066,2026-05-06,1.5671926403272558e-05,0,0,0
SITE0066,2026-05-07,1.0161835802737731e-05,0,0,0
SITE0066,2026-05-08,1.164252615046837e-05,0,0,0
SITE0066,2026-05-09,9.041796068017899e-06,0,0,0
SITE0066,2026-05-10,1.751456457983765e-05,0,0,0
SITE0066,2026-05-11,9.349047390316492e-06,0,0,0
SITE0066,2026-05-12,8.26564287676812e-06,0,0,0
SITE0066,2026-05-13,8.583846251634632e-06,0,0,0
SITE0066,2026-05-14,9.896841932090629e-06,0,0,0
SITE0066,2026-05-15,9.389464439326896e-06,0,0,0
SITE0066,2026-05-16,9.117660339127734e-06,0,0,0
SITE0066,2026-05-17,1.6952622364911776e-05,0,0,0
SITE0066,2026-05-18,1.3223187148613344e-05,0,0,0
SITE0066,2026-05-19,9.907760059624298e-06,0,0,0
SITE0066,2026-05-20,1.0750917240933117e-05,0,0,0
SITE0066,2026-05-21,2.0843970393016596e-05,0,0,0
SITE0066,2026-05-22,0.00022018284618674204,0,0,0
SITE0066,2026-05-23,0.19841253257457503,1,0,0
SITE0066,2026-05-24,0.011001390521417494,0,0,0
SITE0066,2026-05-25,0.9996821171583619,1,1,0
SITE0066,2026-05-26,0.9999839082288179,1,1,0
SITE0066,2026-05-27,0.9999906319499824,1,1,0
SITE0066,2026-05-28,0.9999218565534445,1,1,0
SITE0066,2026-05-29,0.9999449609410247,1,1,0
SITE0066,2026-05-30,0.9999508448757332,1,1,0
SITE0066,2026-05-31,0.9999874020984472,1,1,0
SITE0066,2026-06-01,0.9999623886846623,1,1,0
SITE0066,2026-06-02,0.999963941916429,1,1,0
SITE0066,2026-06-03,0.9999296522653884,1,1,0
SITE0066,2026-06-04,0.9999009869089243,1,1,0
SITE0066,2026-06-05,0.9992659364593421,1,1,0
SITE0066,2026-06-06,0.9988116919769869,1,1,0
SITE0066,2026-06-07,0.9931569979616222,1,1,0
SITE0066,2026-06-08,0.21941377133298218,1,0,1
SITE0066,2026-06-09,0.00013982112635647228,0,0,0
SITE0066,2026-06-10,0.00012575266836496813,0,0,0
SITE0066,2026-06-11,3.416369018563625e-05,0,0,0
SITE0066,2026-06-12,0.00010570611956320094,0,0,0
SITE0066,2026-06-13,0.0001021907217482765,0,0,0
SITE0066,2026-06-14,9.29936602302164e-05,0,0,0
SITE0066,2026-06-15,4.347489819443257e-05,0,0,0
SITE0066,2026-06-16,2.100961483016504e-05,0,0,0
SITE0066,2026-06-17,2.2902096260068732e-05,0,0,0
SITE0066,2026-06-18,2.4072046020110817e-05,0,0,0
SITE0066,2026-06-19,4.934671555908696e-05,0,0,0
SITE0066,2026-06-20,4.7236006154999226e-05,0,0,0
SITE0066,2026-06-21,3.5240354441340916e-05,0,0,0
SITE0066,2026-06-22,9.582966046391564e-06,0,0,0
SITE0066,2026-06-23,9.584996027343992e-06,0,0,0
SITE0066,2026-06-24,9.681533296398423e-06,0,0,0
SITE0066,2026-06-25,8.67885407289396e-06,0,0,0
SITE0066,2026-06-26,1.0156146845763524e-05,0,0,0
SITE0066,2026-06-27,1.0082160980102196e-05,0,0,0
SITE0066,2026-06-28,1.0544120057680846e-05,0,0,0
SITE0066,2026-06-29,1.2717320012332404e-05,0,0,0
SITE0067,2026-04-01,6.705100678535562e-05,0,0,0
SITE0067,2026-04-02,6.789948624452295e-06,0,0,0
SITE0067,2026-04-03,6.252509315969158e-06,0,0,0
SITE0067,2026-04-04,6.998181957613347e-06,0,0,0
SITE0067,2026-04-05,1.2327218408544376e-05,0,0,0
SITE0067,2026-04-06,1.4401461661091178e-05,0,0,0
SITE0067,2026-04-07,8.136361501978556e-06,0,0,0
SITE0067,2026-04-08,6.5643309264724315e-06,0,0,0
SITE0067,2026-04-09,8.134721262285991e-06,0,0,0
SITE0067,2026-04-10,1.4661646384289974e-05,0,0,0
SITE0067,2026-04-11,9.926538629397838e-06,0,0,0
SITE0067,2026-04-12,7.300960586135255e-06,0,0,0
SITE0067,2026-04-13,6.922503208440677e-06,0,0,0
SITE0067,2026-04-14,1.0018231344262894e-05,0,0,0
SITE0067,2026-04-15,1.3082807102916751e-05,0,0,0
SITE0067,2026-04-16,9.906290592279026e-06,0,0,0
SITE0067,2026-04-17,1.2300005860480306e-05,0,0,0
SITE0067,2026-04-18,8.212178377416753e-06,0,0,0
SITE0067,2026-04-19,1.7503680817805745e-05,0,0,0
SITE0067,2026-04-20,8.534280120984468e-06,0,0,0
SITE0067,2026-04-21,8.219441183984967e-06,0,0,0
SITE0067,2026-04-22,9.037319893948145e-06,0,0,0
SITE0067,2026-04-23,9.810126368062975e-06,0,0,0
SITE0067,2026-04-24,1.0794917886463499e-05,0,0,0
SITE0067,2026-04-25,9.807120423218285e-06,0,0,0
SITE0067,2026-04-26,7.638621999081244e-06,0,0,0
SITE0067,2026-04-27,7.738564364150271e-06,0,0,0
SITE0067,2026-04-28,9.692089135056347e-06,0,0,0
SITE0067,2026-04-29,8.50096916142785e-06,0,0,0
SITE0067,2026-04-30,9.924079028859757e-06,0,0,0
SITE0067,2026-05-01,1.1269360945774022e-05,0,0,0
SITE0067,2026-05-02,8.85938159511566e-06,0,0,0
SITE0067,2026-05-03,8.692333831573232e-06,0,0,0
SITE0067,2026-05-04,8.669372533515734e-06,0,0,0
SITE0067,2026-05-05,1.0024913286687656e-05,0,0,0
SITE0067,2026-05-06,7.648455174004098e-06,0,0,0
SITE0067,2026-05-07,1.04116455882075e-05,0,0,0
SITE0067,2026-05-08,7.45919843833042e-06,0,0,0
SITE0067,2026-05-09,7.760592165449188e-06,0,0,0
SITE0067,2026-05-10,8.305624342664815e-06,0,0,0
SITE0067,2026-05-11,8.426634786566932e-06,0,0,0
SITE0067,2026-05-12,1.1150543746647207e-05,0,0,0
SITE0067,2026-05-13,1.4592055544347013e-05,0,0,0
SITE0067,2026-05-14,1.6917189812825526e-05,0,0,0
SITE0067,2026-05-15,2.1194414125808967e-05,0,0,0
SITE0067,2026-05-16,0.00016007885133872358,0,0,0
SITE0067,2026-05-17,0.4994321949767127,1,0,0
SITE0067,2026-05-18,0.9972852100293947,1,1,0
SITE0067,2026-05-19,0.9997365605199351,1,1,0
SITE0067,2026-05-20,0.9998214709769144,1,1,0
SITE0067,2026-05-21,0.9999789041096326,1,1,0
SITE0067,2026-05-22,0.999914055858903,1,1,0
SITE0067,2026-05-23,0.9999470526317042,1,1,0
SITE0067,2026-05-24,0.9999898945339214,1,1,0
SITE0067,2026-05-25,0.9999519293865162,1,1,0
SITE0067,2026-05-26,0.9999223263664754,1,1,0
SITE0067,2026-05-27,0.9999265662306035,1,1,0
SITE0067,2026-05-28,0.999458928742394,1,1,0
SITE0067,2026-05-29,0.9988127482267967,1,1,0
SITE0067,2026-05-30,0.9966631105755104,1,1,0
SITE0067,2026-05-31,0.7627025853507086,1,1,0
SITE0067,2026-06-01,0.9781274782173947,1,0,1
SITE0067,2026-06-02,0.000783933028020561,0,0,0
SITE0067,2026-06-03,0.0003713250742570891,0,0,0
SITE0067,2026-06-04,6.542837555934332e-05,0,0,0
SITE0067,2026-06-05,7.370364601981654e-05,0,0,0
SITE0067,2026-06-06,0.00011359538954791755,0,0,0
SITE0067,2026-06-07,4.037188043897054e-05,0,0,0
SITE0067,2026-06-08,2.0374520742123666e-05,0,0,0
SITE0067,2026-06-09,1.5180113489216609e-05,0,0,0
SITE0067,2026-06-10,1.5671287428106624e-05,0,0,0
SITE0067,2026-06-11,2.1088073907310012e-05,0,0,0
SITE0067,2026-06-12,1.3226939354730395e-05,0,0,0
SITE0067,2026-06-13,3.073038854338185e-05,0,0,0
SITE0067,2026-06-14,1.3437830295383678e-05,0,0,0
SITE0067,2026-06-15,9.792442312399193e-06,0,0,0
SITE0067,2026-06-16,1.0098171953000752e-05,0,0,0
SITE0067,2026-06-17,9.888290382431899e-06,0,0,0
SITE0067,2026-06-18,9.596004818602295e-06,0,0,0
SITE0067,2026-06-19,1.1114733756101115e-05,0,0,0
SITE0067,2026-06-20,1.183403995519711e-05,0,0,0
SITE0067,2026-06-21,9.621625402538428e-06,0,0,0
SITE0067,2026-06-22,1.830963816160812e-05,0,0,0
SITE0067,2026-06-23,1.0413715432636126e-05,0,0,0
SITE0067,2026-06-24,2.1773326721331633e-05,0,0,0
SITE0067,2026-06-25,9.813288492127081e-06,0,0,0
SITE0067,2026-06-26,7.213793867960726e-06,0,0,0
SITE0067,2026-06-27,9.232859960939198e-06,0,0,0
SITE0067,2026-06-28,8.853871843210199e-06,0,0,0
SITE0067,2026-06-29,1.2980100326369267e-05,0,0,0
SITE0068,2026-04-01,9.822832149154788e-06,0,0,0
SITE0068,2026-04-02,9.186418782750502e-06,0,0,0
SITE0068,2026-04-03,8.063473815151892e-06,0,0,0
SITE0068,2026-04-04,1.4115968928204327e-05,0,0,0
SITE0068,2026-04-05,8.089375005578053e-06,0,0,0
SITE0068,2026-04-06,7.86566665684801e-06,0,0,0
SITE0068,2026-04-07,7.643506921106856e-06,0,0,0
SITE0068,2026-04-08,7.927691167556777e-06,0,0,0
SITE0068,2026-04-09,8.556722600229822e-06,0,0,0
SITE0068,2026-04-10,8.550500435202637e-06,0,0,0
SITE0068,2026-04-11,8.18577324245407e-06,0,0,0
SITE0068,2026-04-12,8.236098877724182e-06,0,0,0
SITE0068,2026-04-13,7.741022445884858e-06,0,0,0
SITE0068,2026-04-14,1.0118954944960322e-05,0,0,0
SITE0068,2026-04-15,7.704740396865148e-06,0,0,0
SITE0068,2026-04-16,1.672597665321612e-05,0,0,0
SITE0068,2026-04-17,8.190759975772544e-06,0,0,0
SITE0068,2026-04-18,9.45222610532849e-06,0,0,0
SITE0068,2026-04-19,7.970012564042529e-06,0,0,0
SITE0068,2026-04-20,8.337559149602797e-06,0,0,0
SITE0068,2026-04-21,7.705701852913732e-06,0,0,0
SITE0068,2026-04-22,7.440939885578724e-06,0,0,0
SITE0068,2026-04-23,7.7482139321689e-06,0,0,0
SITE0068,2026-04-24,7.485456050112936e-06,0,0,0
SITE0068,2026-04-25,1.4820152107900767e-05,0,0,0
SITE0068,2026-04-26,1.566759321282527e-05,0,0,0
SITE0068,2026-04-27,1.5511291021892705e-05,0,0,0
SITE0068,2026-04-28,8.6038077484607e-06,0,0,0
SITE0068,2026-04-29,8.24810239939192e-06,0,0,0
SITE0068,2026-04-30,7.761242366951775e-06,0,0,0
SITE0068,2026-05-01,8.061367163863769e-06,0,0,0
SITE0068,2026-05-02,8.4037253632237e-06,0,0,0
SITE0068,2026-05-03,8.670695709833193e-06,0,0,0
SITE0068,2026-05-04,1.7018456382030795e-05,0,0,0
SITE0068,2026-05-05,8.521177990988581e-06,0,0,0
SITE0068,2026-05-06,8.355038442954036e-06,0,0,0
SITE0068,2026-05-07,8.308505497124693e-06,0,0,0
SITE0068,2026-05-08,7.772692589891745e-06,0,0,0
SITE0068,2026-05-09,7.734187016728258e-06,0,0,0
SITE0068,2026-05-10,7.9691798262339e-06,0,0,0
SITE0068,2026-05-11,7.676554371863945e-06,0,0,0
SITE0068,2026-05-12,8.393743326683425e-06,0,0,0
SITE0068,2026-05-13,8.172431754439376e-06,0,0,0
SITE0068,2026-05-14,8.39192181040746e-06,0,0,0
SITE0068,2026-05-15,8.623454740437268e-06,0,0,0
SITE0068,2026-05-16,8.001159278603824e-06,0,0,0
SITE0068,2026-05-17,7.198090966998332e-06,0,0,0
SITE0068,2026-05-18,7.0681904250494725e-06,0,0,0
SITE0068,2026-05-19,7.728208026822432e-06,0,0,0
SITE0068,2026-05-20,7.545180291157745e-06,0,0,0
SITE0068,2026-05-21,7.243417323071279e-06,0,0,0
SITE0068,2026-05-22,7.131206912685808e-06,0,0,0
SITE0068,2026-05-23,6.91539207302702e-06,0,0,0
SITE0068,2026-05-24,7.945021652765084e-06,0,0,0
SITE0068,2026-05-25,7.892720494652723e-06,0,0,0
SITE0068,2026-05-26,7.76487930195219e-06,0,0,0
SITE0068,2026-05-27,7.196706110791219e-06,0,0,0
SITE0068,2026-05-28,7.152962358950574e-06,0,0,0
SITE0068,2026-05-29,8.09199190873241e-06,0,0,0
SITE0068,2026-05-30,7.94594608748874e-06,0,0,0
SITE0068,2026-05-31,7.5030641900690706e-06,0,0,0
SITE0068,2026-06-01,7.510613243111982e-06,0,0,0
SITE0068,2026-06-02,8.10808273163274e-06,0,0,0
SITE0068,2026-06-03,1.1083060562678315e-05,0,0,0
SITE0068,2026-06-04,7.76124220269172e-06,0,0,0
SITE0068,2026-06-05,7.806081402313187e-06,0,0,0
SITE0068,2026-06-06,7.704235730680696e-06,0,0,0
SITE0068,2026-06-07,7.704278105062807e-06,0,0,0
SITE0068,2026-06-08,1.0709177086337751e-05,0,0,0
SITE0068,2026-06-09,7.822905799592354e-06,0,0,0
SITE0068,2026-06-10,7.669093053598427e-06,0,0,0
SITE0068,2026-06-11,7.27610592026674e-06,0,0,0
SITE0068,2026-06-12,7.253238248244193e-06,0,0,0
SITE0068,2026-06-13,7.951439169547766e-06,0,0,0
SITE0068,2026-06-14,7.922388055316475e-06,0,0,0
SITE0068,2026-06-15,8.153412633265833e-06,0,0,0
SITE0068,2026-06-16,8.151484934919068e-06,0,0,0
SITE0068,2026-06-17,8.144424773864319e-06,0,0,0
SITE0068,2026-06-18,7.71289631145543e-06,0,0,0
SITE0068,2026-06-19,7.822394956207408e-06,0,0,0
SITE0068,2026-06-20,8.222365043486796e-06,0,0,0
SITE0068,2026-06-21,9.722786536410995e-06,0,0,0
SITE0068,2026-06-22,8.13318133038047e-06,0,0,0
SITE0068,2026-06-23,7.291336875233268e-06,0,0,0
SITE0068,2026-06-24,8.468078667442299e-06,0,0,0
SITE0068,2026-06-25,8.473389512717255e-06,0,0,0
SITE0068,2026-06-26,8.52204202089468e-06,0,0,0
SITE0068,2026-06-27,2.16659107480714e-05,0,0,0
SITE0068,2026-06-28,8.552240679571156e-06,0,0,0
SITE0068,2026-06-29,1.602990162742953e-05,0,0,0
SITE0069,2026-04-01,5.258654540751929e-05,0,0,0
SITE0069,2026-04-02,9.069192215549246e-06,0,0,0
SITE0069,2026-04-03,9.637925924737795e-06,0,0,0
SITE0069,2026-04-04,1.1984578529807147e-05,0,0,0
SITE0069,2026-04-05,1.2581610023668674e-05,0,0,0
SITE0069,2026-04-06,1.4604550568671504e-05,0,0,0
SITE0069,2026-04-07,1.6940625808191845e-05,0,0,0
SITE0069,2026-04-08,1.2226107854067363e-05,0,0,0
SITE0069,2026-04-09,1.4356023522276479e-05,0,0,0
SITE0069,2026-04-10,1.3253082000326195e-05,0,0,0
SITE0069,2026-04-11,1.635183429883782e-05,0,0,0
SITE0069,2026-04-12,1.6320171646458118e-05,0,0,0
SITE0069,2026-04-13,1.551878196649658e-05,0,0,0
SITE0069,2026-04-14,1.4631254839844364e-05,0,0,0
SITE0069,2026-04-15,1.6749077033527237e-05,0,0,0
SITE0069,2026-04-16,1.1760902916701753e-05,0,0,0
SITE0069,2026-04-17,1.0875985582171785e-05,0,0,0
SITE0069,2026-04-18,1.033057714819404e-05,0,0,0
SITE0069,2026-04-19,1.0976597112992397e-05,0,0,0
SITE0069,2026-04-20,1.3977889128980523e-05,0,0,0
SITE0069,2026-04-21,1.4563362796739883e-05,0,0,0
SITE0069,2026-04-22,1.4619144516277324e-05,0,0,0
SITE0069,2026-04-23,1.4589260355630681e-05,0,0,0
SITE0069,2026-04-24,1.1394323798933182e-05,0,0,0
SITE0069,2026-04-25,1.2959437483108151e-05,0,0,0
SITE0069,2026-04-26,1.0520930099349814e-05,0,0,0
SITE0069,2026-04-27,1.3489497694276153e-05,0,0,0
SITE0069,2026-04-28,1.0364663292801522e-05,0,0,0
SITE0069,2026-04-29,1.0881995223511036e-05,0,0,0
SITE0069,2026-04-30,1.1950959185190746e-05,0,0,0
SITE0069,2026-05-01,1.2978863280689477e-05,0,0,0
SITE0069,2026-05-02,1.2161962635912409e-05,0,0,0
SITE0069,2026-05-03,1.5664750487225334e-05,0,0,0
SITE0069,2026-05-04,1.5482866447059498e-05,0,0,0
SITE0069,2026-05-05,1.9902847079645285e-05,0,0,0
SITE0069,2026-05-06,1.2690437638535576e-05,0,0,0
SITE0069,2026-05-07,1.0698119191748642e-05,0,0,0
SITE0069,2026-05-08,1.0482106245090166e-05,0,0,0
SITE0069,2026-05-09,1.4175302825180482e-05,0,0,0
SITE0069,2026-05-10,1.324236828796612e-05,0,0,0
SITE0069,2026-05-11,1.3085805961497296e-05,0,0,0
SITE0069,2026-05-12,9.351605102368063e-06,0,0,0
SITE0069,2026-05-13,9.985260754838125e-06,0,0,0
SITE0069,2026-05-14,1.2266187579585434e-05,0,0,0
SITE0069,2026-05-15,1.250809031188521e-05,0,0,0
SITE0069,2026-05-16,1.1096789089478841e-05,0,0,0
SITE0069,2026-05-17,1.1190715314372935e-05,0,0,0
SITE0069,2026-05-18,1.032461099529894e-05,0,0,0
SITE0069,2026-05-19,1.0883333664571003e-05,0,0,0
SITE0069,2026-05-20,1.2490306611570444e-05,0,0,0
SITE0069,2026-05-21,1.2653593840161084e-05,0,0,0
SITE0069,2026-05-22,1.8567378032034065e-05,0,0,0
SITE0069,2026-05-23,1.460048070555324e-05,0,0,0
SITE0069,2026-05-24,1.7841779540413375e-05,0,0,0
SITE0069,2026-05-25,9.461516819736724e-06,0,0,0
SITE0069,2026-05-26,9.110865667935198e-06,0,0,0
SITE0069,2026-05-27,9.072704690847534e-06,0,0,0
SITE0069,2026-05-28,1.1937656631943019e-05,0,0,0
SITE0069,2026-05-29,1.4098446594419152e-05,0,0,0
SITE0069,2026-05-30,1.154451087165126e-05,0,0,0
SITE0069,2026-05-31,9.646877686801117e-06,0,0,0
SITE0069,2026-06-01,1.1310439213476138e-05,0,0,0
SITE0069,2026-06-02,1.1196879616165793e-05,0,0,0
SITE0069,2026-06-03,1.9466468545402468e-05,0,0,0
SITE0069,2026-06-04,1.2946835148329559e-05,0,0,0
SITE0069,2026-06-05,1.563482311699468e-05,0,0,0
SITE0069,2026-06-06,1.1872547657608796e-05,0,0,0
SITE0069,2026-06-07,1.2709974736395487e-05,0,0,0
SITE0069,2026-06-08,1.1569926816499658e-05,0,0,0
SITE0069,2026-06-09,1.139728538440912e-05,0,0,0
SITE0069,2026-06-10,1.4040922338916793e-05,0,0,0
SITE0069,2026-06-11,1.0832650845798809e-05,0,0,0
SITE0069,2026-06-12,1.384565187461057e-05,0,0,0
SITE0069,2026-06-13,1.672830845022223e-05,0,0,0
SITE0069,2026-06-14,1.6692018992471928e-05,0,0,0
SITE0069,2026-06-15,1.482739670610846e-05,0,0,0
SITE0069,2026-06-16,1.397081440599139e-05,0,0,0
SITE0069,2026-06-17,1.5821958781983406e-05,0,0,0
SITE0069,2026-06-18,1.2982030310252835e-05,0,0,0
SITE0069,2026-06-19,1.4918721982274794e-05,0,0,0
SITE0069,2026-06-20,1.1684905010158958e-05,0,0,0
SITE0069,2026-06-21,1.14325647302555e-05,0,0,0
SITE0069,2026-06-22,1.0892939531049202e-05,0,0,0
SITE0069,2026-06-23,1.1981690477565483e-05,0,0,0
SITE0069,2026-06-24,1.6686863654971252e-05,0,0,0
SITE0069,2026-06-25,1.6626442116864155e-05,0,0,0
SITE0069,2026-06-26,1.3341190684485916e-05,0,0,0
SITE0069,2026-06-27,1.71946233392576e-05,0,0,0
SITE0069,2026-06-28,1.1780994083306493e-05,0,0,0
SITE0069,2026-06-29,9.895668953247352e-06,0,0,0
SITE0070,2026-04-01,7.755675272898307e-06,0,0,0
SITE0070,2026-04-02,7.757742506591724e-06,0,0,0
SITE0070,2026-04-03,7.75774234482015e-06,0,0,0
SITE0070,2026-04-04,7.561936151449484e-06,0,0,0
SITE0070,2026-04-05,7.478429262544669e-06,0,0,0
SITE0070,2026-04-06,7.857753005307476e-06,0,0,0
SITE0070,2026-04-07,7.646873320559999e-06,0,0,0
SITE0070,2026-04-08,7.932424117927741e-06,0,0,0
SITE0070,2026-04-09,8.057564484595015e-06,0,0,0
SITE0070,2026-04-10,7.829501226380803e-06,0,0,0
SITE0070,2026-04-11,7.763980434735233e-06,0,0,0
SITE0070,2026-04-12,8.045297611235679e-06,0,0,0
SITE0070,2026-04-13,8.286414890507461e-06,0,0,0
SITE0070,2026-04-14,7.844074951465724e-06,0,0,0
SITE0070,2026-04-15,8.092776613838308e-06,0,0,0
SITE0070,2026-04-16,8.283260948444388e-06,0,0,0
SITE0070,2026-04-17,8.285834098597534e-06,0,0,0
SITE0070,2026-04-18,8.487946673151897e-06,0,0,0
SITE0070,2026-04-19,8.500045509102742e-06,0,0,0
SITE0070,2026-04-20,8.471420763549668e-06,0,0,0
SITE0070,2026-04-21,8.083913274745043e-06,0,0,0
SITE0070,2026-04-22,8.550526389072433e-06,0,0,0
SITE0070,2026-04-23,7.600505583121206e-06,0,0,0
SITE0070,2026-04-24,7.402544794237105e-06,0,0,0
SITE0070,2026-04-25,7.845275361259267e-06,0,0,0
SITE0070,2026-04-26,8.282950472795246e-06,0,0,0
SITE0070,2026-04-27,8.254483429312475e-06,0,0,0
SITE0070,2026-04-28,8.043618913375281e-06,0,0,0
SITE0070,2026-04-29,7.808614509643565e-06,0,0,0
SITE0070,2026-04-30,8.112428856933965e-06,0,0,0
SITE0070,2026-05-01,8.32708230293605e-06,0,0,0
SITE0070,2026-05-02,8.207873795466086e-06,0,0,0
SITE0070,2026-05-03,8.225672957664405e-06,0,0,0
SITE0070,2026-05-04,8.17434119039497e-06,0,0,0
SITE0070,2026-05-05,7.14808396469567e-06,0,0,0
SITE0070,2026-05-06,8.282466741769535e-06,0,0,0
SITE0070,2026-05-07,8.287206818859356e-06,0,0,0
SITE0070,2026-05-08,7.859896428057783e-06,0,0,0
SITE0070,2026-05-09,7.656697823745698e-06,0,0,0
SITE0070,2026-05-10,7.933706707572498e-06,0,0,0
SITE0070,2026-05-11,7.921051614069524e-06,0,0,0
SITE0070,2026-05-12,8.127231092997655e-06,0,0,0
SITE0070,2026-05-13,7.568044315805069e-06,0,0,0
SITE0070,2026-05-14,8.043929188743513e-06,0,0,0
SITE0070,2026-05-15,8.719091491742443e-06,0,0,0
SITE0070,2026-05-16,8.052920883754446e-06,0,0,0
SITE0070,2026-05-17,8.290049781546227e-06,0,0,0
SITE0070,2026-05-18,8.095858135314597e-06,0,0,0
SITE0070,2026-05-19,7.90803685309168e-06,0,0,0
SITE0070,2026-05-20,7.84258997671104e-06,0,0,0
SITE0070,2026-05-21,8.098886555919814e-06,0,0,0
SITE0070,2026-05-22,8.329032668012e-06,0,0,0
SITE0070,2026-05-23,8.755083764466902e-06,0,0,0
SITE0070,2026-05-24,6.9324551934639755e-06,0,0,0
SITE0070,2026-05-25,8.02685524426907e-06,0,0,0
SITE0070,2026-05-26,8.130402866123501e-06,0,0,0
SITE0070,2026-05-27,7.863558199299685e-06,0,0,0
SITE0070,2026-05-28,7.862100030145361e-06,0,0,0
SITE0070,2026-05-29,7.892364741580102e-06,0,0,0
SITE0070,2026-05-30,8.180447789319057e-06,0,0,0
SITE0070,2026-05-31,7.997821918556295e-06,0,0,0
SITE0070,2026-06-01,7.130736138001208e-06,0,0,0
SITE0070,2026-06-02,7.870713905515407e-06,0,0,0
SITE0070,2026-06-03,8.326891778962552e-06,0,0,0
SITE0070,2026-06-04,8.619451530535787e-06,0,0,0
SITE0070,2026-06-05,8.110617220668623e-06,0,0,0
SITE0070,2026-06-06,7.904373191233525e-06,0,0,0
SITE0070,2026-06-07,7.787777407846697e-06,0,0,0
SITE0070,2026-06-08,8.206384325474856e-06,0,0,0
SITE0070,2026-06-09,8.238282731913817e-06,0,0,0
SITE0070,2026-06-10,7.70857831819207e-06,0,0,0
SITE0070,2026-06-11,8.043272165806269e-06,0,0,0
SITE0070,2026-06-12,1.824738669418781e-05,0,0,0
SITE0070,2026-06-13,8.22388837770339e-06,0,0,0
SITE0070,2026-06-14,8.58811775268353e-06,0,0,0
SITE0070,2026-06-15,8.052069112303598e-06,0,0,0
SITE0070,2026-06-16,8.325486718838983e-06,0,0,0
SITE0070,2026-06-17,7.885583045800721e-06,0,0,0
SITE0070,2026-06-18,7.795365171242446e-06,0,0,0
SITE0070,2026-06-19,8.604934721256175e-06,0,0,0
SITE0070,2026-06-20,8.85577472932467e-06,0,0,0
SITE0070,2026-06-21,9.227046997984026e-06,0,0,0
SITE0070,2026-06-22,8.452434137812925e-06,0,0,0
SITE0070,2026-06-23,8.69895059935041e-06,0,0,0
SITE0070,2026-06-24,8.590011763101907e-06,0,0,0
SITE0070,2026-06-25,3.1370864745304835e-05,0,0,0
SITE0070,2026-06-26,9.170315565610105e-06,0,0,0
SITE0070,2026-06-27,8.8081616039807e-06,0,0,0
SITE0070,2026-06-28,8.752169030292845e-06,0,0,0
SITE0070,2026-06-29,8.573314991876301e-06,0,0,0
SITE0071,2026-04-01,1.042730623624176e-05,0,0,0
SITE0071,2026-04-02,1.2252261437168984e-05,0,0,0
SITE0071,2026-04-03,1.1930634490290402e-05,0,0,0
SITE0071,2026-04-04,1.2498837975360383e-05,0,0,0
SITE0071,2026-04-05,1.1004316419969872e-05,0,0,0
SITE0071,2026-04-06,1.540295088901867e-05,0,0,0
SITE0071,2026-04-07,1.0159586454258803e-05,0,0,0
SITE0071,2026-04-08,1.2093332156823707e-05,0,0,0
SITE0071,2026-04-09,9.08805211436537e-06,0,0,0
SITE0071,2026-04-10,9.53248598493687e-06,0,0,0
SITE0071,2026-04-11,1.0005530133727622e-05,0,0,0
SITE0071,2026-04-12,1.2495090112130409e-05,0,0,0
SITE0071,2026-04-13,1.1171839008763037e-05,0,0,0
SITE0071,2026-04-14,1.353985138153194e-05,0,0,0
SITE0071,2026-04-15,9.867461444397335e-06,0,0,0
SITE0071,2026-04-16,9.319685910869418e-06,0,0,0
SITE0071,2026-04-17,1.04147972819785e-05,0,0,0
SITE0071,2026-04-18,9.680209674377282e-06,0,0,0
SITE0071,2026-04-19,1.4074055948735275e-05,0,0,0
SITE0071,2026-04-20,1.23239092781036e-05,0,0,0
SITE0071,2026-04-21,9.762561013825775e-06,0,0,0
SITE0071,2026-04-22,1.0920443578520952e-05,0,0,0
SITE0071,2026-04-23,1.0128800441025917e-05,0,0,0
SITE0071,2026-04-24,1.2235776464161497e-05,0,0,0
SITE0071,2026-04-25,9.798792043815246e-06,0,0,0
SITE0071,2026-04-26,8.752265032908208e-06,0,0,0
SITE0071,2026-04-27,1.1934890611729743e-05,0,0,0
SITE0071,2026-04-28,1.2455089785453109e-05,0,0,0
SITE0071,2026-04-29,1.1528884109532936e-05,0,0,0
SITE0071,2026-04-30,9.302629160559587e-06,0,0,0
SITE0071,2026-05-01,9.000736926135689e-06,0,0,0
SITE0071,2026-05-02,1.063563171421868e-05,0,0,0
SITE0071,2026-05-03,1.112063123582946e-05,0,0,0
SITE0071,2026-05-04,1.417842105209275e-05,0,0,0
SITE0071,2026-05-05,1.3424257174581014e-05,0,0,0
SITE0071,2026-05-06,1.3256788683399227e-05,0,0,0
SITE0071,2026-05-07,1.0148113995682075e-05,0,0,0
SITE0071,2026-05-08,9.390607002345345e-06,0,0,0
SITE0071,2026-05-09,9.935363455946862e-06,0,0,0
SITE0071,2026-05-10,1.2323811312017645e-05,0,0,0
SITE0071,2026-05-11,1.296232217054587e-05,0,0,0
SITE0071,2026-05-12,8.93744853129529e-06,0,0,0
SITE0071,2026-05-13,1.370595849211945e-05,0,0,0
SITE0071,2026-05-14,1.0111094333155096e-05,0,0,0
SITE0071,2026-05-15,1.609675640058103e-05,0,0,0
SITE0071,2026-05-16,9.603383680846213e-06,0,0,0
SITE0071,2026-05-17,9.53310366413657e-06,0,0,0
SITE0071,2026-05-18,1.0129471201325851e-05,0,0,0
SITE0071,2026-05-19,1.2338987315326783e-05,0,0,0
SITE0071,2026-05-20,1.0106954370349272e-05,0,0,0
SITE0071,2026-05-21,9.200120767333556e-06,0,0,0
SITE0071,2026-05-22,8.831148912367276e-06,0,0,0
SITE0071,2026-05-23,1.025872068285333e-05,0,0,0
SITE0071,2026-05-24,9.859175969054739e-06,0,0,0
SITE0071,2026-05-25,1.0875922082099875e-05,0,0,0
SITE0071,2026-05-26,9.987992869990569e-06,0,0,0
SITE0071,2026-05-27,9.489181479584654e-06,0,0,0
SITE0071,2026-05-28,1.1113044188755172e-05,0,0,0
SITE0071,2026-05-29,8.501158172721025e-06,0,0,0
SITE0071,2026-05-30,1.3958518214042948e-05,0,0,0
SITE0071,2026-05-31,1.2194376371137109e-05,0,0,0
SITE0071,2026-06-01,1.2935168753843646e-05,0,0,0
SITE0071,2026-06-02,1.0937606652509557e-05,0,0,0
SITE0071,2026-06-03,1.0004326137557193e-05,0,0,0
SITE0071,2026-06-04,9.643566465555634e-06,0,0,0
SITE0071,2026-06-05,9.98061705361054e-06,0,0,0
SITE0071,2026-06-06,1.2786861926290267e-05,0,0,0
SITE0071,2026-06-07,9.786090941310484e-06,0,0,0
SITE0071,2026-06-08,1.04870409780916e-05,0,0,0
SITE0071,2026-06-09,9.941894640180321e-06,0,0,0
SITE0071,2026-06-10,1.0670773279681523e-05,0,0,0
SITE0071,2026-06-11,1.2401093470867463e-05,0,0,0
SITE0071,2026-06-12,1.1508804807687816e-05,0,0,0
SITE0071,2026-06-13,1.2719274025991556e-05,0,0,0
SITE0071,2026-06-14,9.52638998931307e-06,0,0,0
SITE0071,2026-06-15,1.2116556657125731e-05,0,0,0
SITE0071,2026-06-16,1.0000688159304359e-05,0,0,0
SITE0071,2026-06-17,1.2007116917779488e-05,0,0,0
SITE0071,2026-06-18,9.437333634211285e-06,0,0,0
SITE0071,2026-06-19,1.2509450219338334e-05,0,0,0
SITE0071,2026-06-20,9.216683686848327e-06,0,0,0
SITE0071,2026-06-21,9.213163694783256e-06,0,0,0
SITE0071,2026-06-22,1.210966280365922e-05,0,0,0
SITE0071,2026-06-23,1.0857038733770417e-05,0,0,0
SITE0071,2026-06-24,1.015374678142289e-05,0,0,0
SITE0071,2026-06-25,9.927101767345434e-06,0,0,0
SITE0071,2026-06-26,9.53084091396732e-06,0,0,0
SITE0071,2026-06-27,9.530016347707832e-06,0,0,0
SITE0071,2026-06-28,9.668577912443847e-06,0,0,0
SITE0071,2026-06-29,1.0650363111985504e-05,0,0,0
SITE0072,2026-04-01,1.2915594843560741e-05,0,0,0
SITE0072,2026-04-02,1.9157351730332027e-05,0,0,0
SITE0072,2026-04-03,1.2097228850160125e-05,0,0,0
SITE0072,2026-04-04,8.344820737453853e-06,0,0,0
SITE0072,2026-04-05,8.47301011046237e-06,0,0,0
SITE0072,2026-04-06,5.514306189288282e-06,0,0,0
SITE0072,2026-04-07,6.707496648604092e-06,0,0,0
SITE0072,2026-04-08,4.691063842977492e-06,0,0,0
SITE0072,2026-04-09,1.0139101073204863e-05,0,0,0
SITE0072,2026-04-10,6.177930207836816e-06,0,0,0
SITE0072,2026-04-11,1.0800925918191562e-05,0,0,0
SITE0072,2026-04-12,7.325448317660254e-06,0,0,0
SITE0072,2026-04-13,6.570886548825451e-06,0,0,0
SITE0072,2026-04-14,7.117810306583993e-06,0,0,0
SITE0072,2026-04-15,9.652707427829509e-06,0,0,0
SITE0072,2026-04-16,7.789343223734787e-06,0,0,0
SITE0072,2026-04-17,1.1113314694001942e-05,0,0,0
SITE0072,2026-04-18,8.868834582118653e-06,0,0,0
SITE0072,2026-04-19,1.256562228180428e-05,0,0,0
SITE0072,2026-04-20,8.939171877955711e-06,0,0,0
SITE0072,2026-04-21,6.061254237818437e-06,0,0,0
SITE0072,2026-04-22,6.858720769107968e-06,0,0,0
SITE0072,2026-04-23,6.1547093458807085e-06,0,0,0
SITE0072,2026-04-24,6.689822816804708e-06,0,0,0
SITE0072,2026-04-25,5.9665533291462125e-06,0,0,0
SITE0072,2026-04-26,9.625214534131682e-06,0,0,0
SITE0072,2026-04-27,9.861801047498472e-06,0,0,0
SITE0072,2026-04-28,8.442943574116136e-06,0,0,0
SITE0072,2026-04-29,5.669104646747335e-06,0,0,0
SITE0072,2026-04-30,5.869170626701308e-06,0,0,0
SITE0072,2026-05-01,7.699839152979887e-06,0,0,0
SITE0072,2026-05-02,7.071552998400721e-06,0,0,0
SITE0072,2026-05-03,5.331136813777334e-06,0,0,0
SITE0072,2026-05-04,5.337628226709003e-06,0,0,0
SITE0072,2026-05-05,6.897023193495634e-06,0,0,0
SITE0072,2026-05-06,1.3557404566358554e-05,0,0,0
SITE0072,2026-05-07,4.927893155284167e-06,0,0,0
SITE0072,2026-05-08,5.82467208021992e-06,0,0,0
SITE0072,2026-05-09,5.830436329205823e-06,0,0,0
SITE0072,2026-05-10,6.810718781899146e-06,0,0,0
SITE0072,2026-05-11,8.60075283742409e-06,0,0,0
SITE0072,2026-05-12,1.2513670752032068e-05,0,0,0
SITE0072,2026-05-13,9.23783184046895e-06,0,0,0
SITE0072,2026-05-14,8.398753604026721e-06,0,0,0
SITE0072,2026-05-15,1.8977240314443836e-05,0,0,0
SITE0072,2026-05-16,1.050736155902065e-05,0,0,0
SITE0072,2026-05-17,7.65496427143809e-06,0,0,0
SITE0072,2026-05-18,6.91878570609738e-06,0,0,0
SITE0072,2026-05-19,5.898402106475454e-06,0,0,0
SITE0072,2026-05-20,5.278213535981992e-06,0,0,0
SITE0072,2026-05-21,4.849448169519856e-06,0,0,0
SITE0072,2026-05-22,7.145690586987816e-06,0,0,0
SITE0072,2026-05-23,7.779963928916927e-06,0,0,0
SITE0072,2026-05-24,5.398140147043111e-06,0,0,0
SITE0072,2026-05-25,1.1919082621576785e-05,0,0,0
SITE0072,2026-05-26,4.898074851709421e-06,0,0,0
SITE0072,2026-05-27,5.049772019956421e-06,0,0,0
SITE0072,2026-05-28,5.044419368138295e-06,0,0,0
SITE0072,2026-05-29,5.081383118351067e-06,0,0,0
SITE0072,2026-05-30,6.284764144948688e-06,0,0,0
SITE0072,2026-05-31,4.929482898506752e-06,0,0,0
SITE0072,2026-06-01,6.4078667644571075e-06,0,0,0
SITE0072,2026-06-02,7.2800427523342644e-06,0,0,0
SITE0072,2026-06-03,4.341777607734705e-06,0,0,0
SITE0072,2026-06-04,5.193511986192588e-06,0,0,0
SITE0072,2026-06-05,5.447142963853066e-06,0,0,0
SITE0072,2026-06-06,6.035458579449408e-06,0,0,0
SITE0072,2026-06-07,5.368925433006032e-06,0,0,0
SITE0072,2026-06-08,7.1650882490876275e-06,0,0,0
SITE0072,2026-06-09,1.1440206751257787e-05,0,0,0
SITE0072,2026-06-10,7.441948300212482e-06,0,0,0
SITE0072,2026-06-11,6.653130419997248e-06,0,0,0
SITE0072,2026-06-12,1.0177473639492494e-05,0,0,0
SITE0072,2026-06-13,1.0599684632550187e-05,0,0,0
SITE0072,2026-06-14,6.671598092439483e-06,0,0,0
SITE0072,2026-06-15,6.150832004028246e-06,0,0,0
SITE0072,2026-06-16,7.168925233402331e-06,0,0,0
SITE0072,2026-06-17,4.6089260027845e-06,0,0,0
SITE0072,2026-06-18,5.327935477020836e-06,0,0,0
SITE0072,2026-06-19,9.930746634925618e-06,0,0,0
SITE0072,2026-06-20,5.838917020288764e-06,0,0,0
SITE0072,2026-06-21,5.3520470435103656e-06,0,0,0
SITE0072,2026-06-22,5.937156975034149e-06,0,0,0
SITE0072,2026-06-23,6.187148559154045e-06,0,0,0
SITE0072,2026-06-24,1.0003340256314715e-05,0,0,0
SITE0072,2026-06-25,6.815687867778375e-06,0,0,0
SITE0072,2026-06-26,9.411472345863512e-06,0,0,0
SITE0072,2026-06-27,7.222421669100418e-06,0,0,0
SITE0072,2026-06-28,5.859644310777184e-06,0,0,0
SITE0072,2026-06-29,5.234579126838925e-06,0,0,0
SITE0073,2026-04-01,9.031181065331264e-06,0,0,0
SITE0073,2026-04-02,8.326181897515487e-06,0,0,0
SITE0073,2026-04-03,8.23480798437022e-06,0,0,0
SITE0073,2026-04-04,9.31423839891216e-06,0,0,0
SITE0073,2026-04-05,6.953408953633705e-06,0,0,0
SITE0073,2026-04-06,6.906066784329041e-06,0,0,0
SITE0073,2026-04-07,7.920539586975941e-06,0,0,0
SITE0073,2026-04-08,1.771132774021579e-05,0,0,0
SITE0073,2026-04-09,7.810424585398652e-06,0,0,0
SITE0073,2026-04-10,7.759824581410034e-06,0,0,0
SITE0073,2026-04-11,7.759824935232674e-06,0,0,0
SITE0073,2026-04-12,8.82729665405147e-06,0,0,0
SITE0073,2026-04-13,7.058055477043059e-06,0,0,0
SITE0073,2026-04-14,7.812326835823912e-06,0,0,0
SITE0073,2026-04-15,9.955725788554574e-06,0,0,0
SITE0073,2026-04-16,7.814340817054718e-06,0,0,0
SITE0073,2026-04-17,9.095982896853296e-06,0,0,0
SITE0073,2026-04-18,8.260071936568934e-06,0,0,0
SITE0073,2026-04-19,7.756598356751242e-06,0,0,0
SITE0073,2026-04-20,7.819082476387303e-06,0,0,0
SITE0073,2026-04-21,7.815118332860856e-06,0,0,0
SITE0073,2026-04-22,7.061575066789589e-06,0,0,0
SITE0073,2026-04-23,7.814825161100198e-06,0,0,0
SITE0073,2026-04-24,6.758714763267388e-06,0,0,0
SITE0073,2026-04-25,8.841762871179891e-06,0,0,0
SITE0073,2026-04-26,7.815855281892664e-06,0,0,0
SITE0073,2026-04-27,7.5774839446098435e-06,0,0,0
SITE0073,2026-04-28,8.892842349593576e-06,0,0,0
SITE0073,2026-04-29,8.165145054185972e-06,0,0,0
SITE0073,2026-04-30,7.312543285525932e-06,0,0,0
SITE0073,2026-05-01,1.8503279267028945e-05,0,0,0
SITE0073,2026-05-02,8.441994334299535e-06,0,0,0
SITE0073,2026-05-03,7.080290002058831e-06,0,0,0
SITE0073,2026-05-04,6.864359787326261e-06,0,0,0
SITE0073,2026-05-05,8.166497198121314e-06,0,0,0
SITE0073,2026-05-06,8.211880818490546e-06,0,0,0
SITE0073,2026-05-07,9.12978025761045e-06,0,0,0
SITE0073,2026-05-08,7.010560020879542e-06,0,0,0
SITE0073,2026-05-09,7.015546965557326e-06,0,0,0
SITE0073,2026-05-10,7.540534617409222e-06,0,0,0
SITE0073,2026-05-11,7.819992150088297e-06,0,0,0
SITE0073,2026-05-12,7.812829116524278e-06,0,0,0
SITE0073,2026-05-13,7.59715752838067e-06,0,0,0
SITE0073,2026-05-14,9.881859166418727e-06,0,0,0
SITE0073,2026-05-15,8.031713815007298e-06,0,0,0
SITE0073,2026-05-16,7.75982478033992e-06,0,0,0
SITE0073,2026-05-17,1.7690927476160887e-05,0,0,0
SITE0073,2026-05-18,7.818146691816675e-06,0,0,0
SITE0073,2026-05-19,7.818140651915135e-06,0,0,0
SITE0073,2026-05-20,7.59263996384863e-06,0,0,0
SITE0073,2026-05-21,8.092062274540547e-06,0,0,0
SITE0073,2026-05-22,8.314554176305233e-06,0,0,0
SITE0073,2026-05-23,7.80547555481492e-06,0,0,0
SITE0073,2026-05-24,7.803479511248274e-06,0,0,0
SITE0073,2026-05-25,8.160041327733668e-06,0,0,0
SITE0073,2026-05-26,7.621717904451291e-06,0,0,0
SITE0073,2026-05-27,7.596256715361094e-06,0,0,0
SITE0073,2026-05-28,9.54590938739179e-06,0,0,0
SITE0073,2026-05-29,8.531646278932299e-06,0,0,0
SITE0073,2026-05-30,7.53668231079284e-06,0,0,0
SITE0073,2026-05-31,1.97466449757141e-05,0,0,0
SITE0073,2026-06-01,9.293578215513566e-06,0,0,0
SITE0073,2026-06-02,9.790811543168457e-06,0,0,0
SITE0073,2026-06-03,6.6317745682361255e-06,0,0,0
SITE0073,2026-06-04,7.036622321769285e-06,0,0,0
SITE0073,2026-06-05,6.34525330184246e-06,0,0,0
SITE0073,2026-06-06,9.396812293314913e-06,0,0,0
SITE0073,2026-06-07,7.266327747645389e-06,0,0,0
SITE0073,2026-06-08,8.073135586135612e-06,0,0,0
SITE0073,2026-06-09,7.5728288178261896e-06,0,0,0
SITE0073,2026-06-10,8.13884720985783e-06,0,0,0
SITE0073,2026-06-11,7.595392093438429e-06,0,0,0
SITE0073,2026-06-12,7.538699178818389e-06,0,0,0
SITE0073,2026-06-13,9.119004913687465e-06,0,0,0
SITE0073,2026-06-14,1.6397918454215086e-05,0,0,0
SITE0073,2026-06-15,9.277474562560687e-06,0,0,0
SITE0073,2026-06-16,8.090007818294213e-06,0,0,0
SITE0073,2026-06-17,7.624658221694122e-06,0,0,0
SITE0073,2026-06-18,7.619253651935727e-06,0,0,0
SITE0073,2026-06-19,7.605884126031954e-06,0,0,0
SITE0073,2026-06-20,8.009602043297098e-06,0,0,0
SITE0073,2026-06-21,9.240796619122506e-06,0,0,0
SITE0073,2026-06-22,7.831037045376883e-06,0,0,0
SITE0073,2026-06-23,7.502884590036641e-06,0,0,0
SITE0073,2026-06-24,7.527463250879924e-06,0,0,0
SITE0073,2026-06-25,7.460236301181423e-06,0,0,0
SITE0073,2026-06-26,7.782025753434771e-06,0,0,0
SITE0073,2026-06-27,7.59200896364049e-06,0,0,0
SITE0073,2026-06-28,8.52762835131534e-06,0,0,0
SITE0073,2026-06-29,7.919102212588367e-06,0,0,0
SITE0074,2026-04-01,2.3203584824929194e-05,0,0,0
SITE0074,2026-04-02,1.5302534770800698e-05,0,0,0
SITE0074,2026-04-03,1.4938946434455985e-05,0,0,0
SITE0074,2026-04-04,1.7255781506104767e-05,0,0,0
SITE0074,2026-04-05,1.5205137292954636e-05,0,0,0
SITE0074,2026-04-06,1.5600224872409962e-05,0,0,0
SITE0074,2026-04-07,1.3843226533252617e-05,0,0,0
SITE0074,2026-04-08,1.3338609771101837e-05,0,0,0
SITE0074,2026-04-09,2.1918025521968747e-05,0,0,0
SITE0074,2026-04-10,1.5817188683591244e-05,0,0,0
SITE0074,2026-04-11,1.627963862455549e-05,0,0,0
SITE0074,2026-04-12,1.8458369446880767e-05,0,0,0
SITE0074,2026-04-13,1.6547773673287178e-05,0,0,0
SITE0074,2026-04-14,1.4639967066628989e-05,0,0,0
SITE0074,2026-04-15,2.0479039431848728e-05,0,0,0
SITE0074,2026-04-16,1.9357919681723895e-05,0,0,0
SITE0074,2026-04-17,1.3423467646276153e-05,0,0,0
SITE0074,2026-04-18,1.7380588379211248e-05,0,0,0
SITE0074,2026-04-19,1.5369978838651702e-05,0,0,0
SITE0074,2026-04-20,2.2641361719001034e-05,0,0,0
SITE0074,2026-04-21,1.6321018683588302e-05,0,0,0
SITE0074,2026-04-22,1.4691178115922663e-05,0,0,0
SITE0074,2026-04-23,1.3695858297292327e-05,0,0,0
SITE0074,2026-04-24,2.0326873181606262e-05,0,0,0
SITE0074,2026-04-25,1.7501862335625684e-05,0,0,0
SITE0074,2026-04-26,2.331749510233251e-05,0,0,0
SITE0074,2026-04-27,1.5524093192492937e-05,0,0,0
SITE0074,2026-04-28,1.55875320541154e-05,0,0,0
SITE0074,2026-04-29,1.4942559408899502e-05,0,0,0
SITE0074,2026-04-30,1.808620587181297e-05,0,0,0
SITE0074,2026-05-01,1.7383085056140065e-05,0,0,0
SITE0074,2026-05-02,1.6288067003759014e-05,0,0,0
SITE0074,2026-05-03,1.5306269008088312e-05,0,0,0
SITE0074,2026-05-04,1.6878043882725704e-05,0,0,0
SITE0074,2026-05-05,1.7843794436427123e-05,0,0,0
SITE0074,2026-05-06,1.2988385634220596e-05,0,0,0
SITE0074,2026-05-07,1.3725960511969964e-05,0,0,0
SITE0074,2026-05-08,1.3925872805041094e-05,0,0,0
SITE0074,2026-05-09,2.086599105959961e-05,0,0,0
SITE0074,2026-05-10,1.69604468330756e-05,0,0,0
SITE0074,2026-05-11,1.7243694875213316e-05,0,0,0
SITE0074,2026-05-12,1.4942567078331074e-05,0,0,0
SITE0074,2026-05-13,1.659385222339362e-05,0,0,0
SITE0074,2026-05-14,1.47635635681997e-05,0,0,0
SITE0074,2026-05-15,1.677409021284145e-05,0,0,0
SITE0074,2026-05-16,1.890384533204941e-05,0,0,0
SITE0074,2026-05-17,1.7440782434650188e-05,0,0,0
SITE0074,2026-05-18,1.8121330318125962e-05,0,0,0
SITE0074,2026-05-19,3.610511967306756e-05,0,0,0
SITE0074,2026-05-20,1.3744447061503694e-05,0,0,0
SITE0074,2026-05-21,1.8453425159085778e-05,0,0,0
SITE0074,2026-05-22,1.7319462114835552e-05,0,0,0
SITE0074,2026-05-23,1.5948839872240223e-05,0,0,0
SITE0074,2026-05-24,2.1969629165927615e-05,0,0,0
SITE0074,2026-05-25,3.681873091228741e-05,0,0,0
SITE0074,2026-05-26,2.095530942176306e-05,0,0,0
SITE0074,2026-05-27,1.5620421821986398e-05,0,0,0
SITE0074,2026-05-28,1.8277739435545174e-05,0,0,0
SITE0074,2026-05-29,1.663293468777982e-05,0,0,0
SITE0074,2026-05-30,1.8009282644260264e-05,0,0,0
SITE0074,2026-05-31,1.6460261434574606e-05,0,0,0
SITE0074,2026-06-01,3.540285187096744e-05,0,0,0
SITE0074,2026-06-02,2.6746302118239085e-05,0,0,0
SITE0074,2026-06-03,1.707363166726021e-05,0,0,0
SITE0074,2026-06-04,1.557201397990573e-05,0,0,0
SITE0074,2026-06-05,1.756860564652942e-05,0,0,0
SITE0074,2026-06-06,1.7560044922177623e-05,0,0,0
SITE0074,2026-06-07,1.9169204136359786e-05,0,0,0
SITE0074,2026-06-08,1.8667566399186273e-05,0,0,0
SITE0074,2026-06-09,1.7786452110163565e-05,0,0,0
SITE0074,2026-06-10,1.842080067970151e-05,0,0,0
SITE0074,2026-06-11,1.9503304315468322e-05,0,0,0
SITE0074,2026-06-12,2.083355492591995e-05,0,0,0
SITE0074,2026-06-13,1.5495766625590697e-05,0,0,0
SITE0074,2026-06-14,1.4315511893716506e-05,0,0,0
SITE0074,2026-06-15,1.9297420151959592e-05,0,0,0
SITE0074,2026-06-16,1.7073636219943252e-05,0,0,0
SITE0074,2026-06-17,2.0146176673964507e-05,0,0,0
SITE0074,2026-06-18,1.4977456411941714e-05,0,0,0
SITE0074,2026-06-19,1.975678356813893e-05,0,0,0
SITE0074,2026-06-20,1.9351819324987902e-05,0,0,0
SITE0074,2026-06-21,1.8653592802309796e-05,0,0,0
SITE0074,2026-06-22,1.876072241170418e-05,0,0,0
SITE0074,2026-06-23,1.7049791611412995e-05,0,0,0
SITE0074,2026-06-24,2.4107713988623346e-05,0,0,0
SITE0074,2026-06-25,1.8917276568861405e-05,0,0,0
SITE0074,2026-06-26,1.8398126777731768e-05,0,0,0
SITE0074,2026-06-27,1.7556890039703325e-05,0,0,0
SITE0074,2026-06-28,1.7640564705809133e-05,0,0,0
SITE0074,2026-06-29,1.8482507065933164e-05,0,0,0
SITE0075,2026-04-01,1.1806861144579305e-05,0,0,0
SITE0075,2026-04-02,9.705217112006446e-06,0,0,0
SITE0075,2026-04-03,9.701919614874013e-06,0,0,0
SITE0075,2026-04-04,9.419048752892817e-06,0,0,0
SITE0075,2026-04-05,9.709437873136585e-06,0,0,0
SITE0075,2026-04-06,1.0164478227225886e-05,0,0,0
SITE0075,2026-04-07,1.0527202588044464e-05,0,0,0
SITE0075,2026-04-08,9.347553714955547e-06,0,0,0
SITE0075,2026-04-09,9.977356919404867e-06,0,0,0
SITE0075,2026-04-10,9.798494718528964e-06,0,0,0
SITE0075,2026-04-11,1.0191481097305018e-05,0,0,0
SITE0075,2026-04-12,1.0177928360297076e-05,0,0,0
SITE0075,2026-04-13,1.0292918548506655e-05,0,0,0
SITE0075,2026-04-14,1.0661463064311078e-05,0,0,0
SITE0075,2026-04-15,1.0197408348191643e-05,0,0,0
SITE0075,2026-04-16,9.601969293645222e-06,0,0,0
SITE0075,2026-04-17,1.1072074795279613e-05,0,0,0
SITE0075,2026-04-18,1.1068808537776155e-05,0,0,0
SITE0075,2026-04-19,1.0443814548722642e-05,0,0,0
SITE0075,2026-04-20,9.974171765500455e-06,0,0,0
SITE0075,2026-04-21,9.927013607952276e-06,0,0,0
SITE0075,2026-04-22,1.174225072791452e-05,0,0,0
SITE0075,2026-04-23,1.3438555664768312e-05,0,0,0
SITE0075,2026-04-24,1.2206227098190992e-05,0,0,0
SITE0075,2026-04-25,1.3279922241826729e-05,0,0,0
SITE0075,2026-04-26,9.911073821440408e-06,0,0,0
SITE0075,2026-04-27,1.0496477089525557e-05,0,0,0
SITE0075,2026-04-28,9.925855424389996e-06,0,0,0
SITE0075,2026-04-29,9.644900656512823e-06,0,0,0
SITE0075,2026-04-30,2.0539860932822908e-05,0,0,0
SITE0075,2026-05-01,9.475726185033918e-06,0,0,0
SITE0075,2026-05-02,9.714990435030438e-06,0,0,0
SITE0075,2026-05-03,9.963639669775271e-06,0,0,0
SITE0075,2026-05-04,1.0549506533363495e-05,0,0,0
SITE0075,2026-05-05,1.0302993858817873e-05,0,0,0
SITE0075,2026-05-06,1.017501175938313e-05,0,0,0
SITE0075,2026-05-07,1.0280552368706515e-05,0,0,0
SITE0075,2026-05-08,9.929035432162527e-06,0,0,0
SITE0075,2026-05-09,1.0257414830307104e-05,0,0,0
SITE0075,2026-05-10,1.0612204926832412e-05,0,0,0
SITE0075,2026-05-11,1.0315552647161338e-05,0,0,0
SITE0075,2026-05-12,1.1145617826176543e-05,0,0,0
SITE0075,2026-05-13,1.0662418260183658e-05,0,0,0
SITE0075,2026-05-14,1.1626781247257933e-05,0,0,0
SITE0075,2026-05-15,1.0864540659727825e-05,0,0,0
SITE0075,2026-05-16,1.027862166962749e-05,0,0,0
SITE0075,2026-05-17,1.0367509950785601e-05,0,0,0
SITE0075,2026-05-18,9.937738727842232e-06,0,0,0
SITE0075,2026-05-19,1.0474329088774786e-05,0,0,0
SITE0075,2026-05-20,9.705361655443377e-06,0,0,0
SITE0075,2026-05-21,9.538711073106229e-06,0,0,0
SITE0075,2026-05-22,1.0448446154570481e-05,0,0,0
SITE0075,2026-05-23,8.926315974610093e-06,0,0,0
SITE0075,2026-05-24,9.586568832346885e-06,0,0,0
SITE0075,2026-05-25,9.77911934264283e-06,0,0,0
SITE0075,2026-05-26,1.026475361953046e-05,0,0,0
SITE0075,2026-05-27,1.0019853642740056e-05,0,0,0
SITE0075,2026-05-28,9.968089874907382e-06,0,0,0
SITE0075,2026-05-29,1.0202031311821078e-05,0,0,0
SITE0075,2026-05-30,1.0229909534774486e-05,0,0,0
SITE0075,2026-05-31,9.936426818136743e-06,0,0,0
SITE0075,2026-06-01,9.689550070084154e-06,0,0,0
SITE0075,2026-06-02,1.0001443821257218e-05,0,0,0
SITE0075,2026-06-03,9.794413781321152e-06,0,0,0
SITE0075,2026-06-04,1.1262124567556389e-05,0,0,0
SITE0075,2026-06-05,9.715949274855022e-06,0,0,0
SITE0075,2026-06-06,1.0288661975880496e-05,0,0,0
SITE0075,2026-06-07,1.1617111755866253e-05,0,0,0
SITE0075,2026-06-08,1.0539751234584951e-05,0,0,0
SITE0075,2026-06-09,9.801170536579873e-06,0,0,0
SITE0075,2026-06-10,9.93114629373726e-06,0,0,0
SITE0075,2026-06-11,9.624178178253691e-06,0,0,0
SITE0075,2026-06-12,1.0529891694986906e-05,0,0,0
SITE0075,2026-06-13,9.877802693358578e-06,0,0,0
SITE0075,2026-06-14,9.942498117409225e-06,0,0,0
SITE0075,2026-06-15,1.027203409006383e-05,0,0,0
SITE0075,2026-06-16,9.906661899751456e-06,0,0,0
SITE0075,2026-06-17,9.66762531691726e-06,0,0,0
SITE0075,2026-06-18,9.963650733831475e-06,0,0,0
SITE0075,2026-06-19,1.0205525805823179e-05,0,0,0
SITE0075,2026-06-20,1.0247226654847259e-05,0,0,0
SITE0075,2026-06-21,1.1074247118074324e-05,0,0,0
SITE0075,2026-06-22,1.0350643260650108e-05,0,0,0
SITE0075,2026-06-23,9.712114910043348e-06,0,0,0
SITE0075,2026-06-24,1.017938326140324e-05,0,0,0
SITE0075,2026-06-25,1.1191044466282983e-05,0,0,0
SITE0075,2026-06-26,1.0483807748300551e-05,0,0,0
SITE0075,2026-06-27,9.929029555824157e-06,0,0,0
SITE0075,2026-06-28,1.0214711994080781e-05,0,0,0
SITE0075,2026-06-29,1.0166316908098214e-05,0,0,0
SITE0076,2026-04-01,1.800740710556225e-05,0,0,0
SITE0076,2026-04-02,1.8006542330580865e-05,0,0,0
SITE0076,2026-04-03,9.595958091613169e-06,0,0,0
SITE0076,2026-04-04,1.0916094507369878e-05,0,0,0
SITE0076,2026-04-05,1.0103985399878772e-05,0,0,0
SITE0076,2026-04-06,1.042426861432898e-05,0,0,0
SITE0076,2026-04-07,1.4163156293823781e-05,0,0,0
SITE0076,2026-04-08,1.020020679718654e-05,0,0,0
SITE0076,2026-04-09,8.757769593862376e-06,0,0,0
SITE0076,2026-04-10,1.3802320462488934e-05,0,0,0
SITE0076,2026-04-11,1.1012226366849965e-05,0,0,0
SITE0076,2026-04-12,1.3883737949753953e-05,0,0,0
SITE0076,2026-04-13,1.077184735011674e-05,0,0,0
SITE0076,2026-04-14,1.030032055490813e-05,0,0,0
SITE0076,2026-04-15,9.591206552708548e-06,0,0,0
SITE0076,2026-04-16,1.0544968546572335e-05,0,0,0
SITE0076,2026-04-17,9.744145423363982e-06,0,0,0
SITE0076,2026-04-18,1.3102055806377104e-05,0,0,0
SITE0076,2026-04-19,1.2810098029687547e-05,0,0,0
SITE0076,2026-04-20,1.5847867136014678e-05,0,0,0
SITE0076,2026-04-21,1.1214282457915677e-05,0,0,0
SITE0076,2026-04-22,1.01184213360565e-05,0,0,0
SITE0076,2026-04-23,1.0942420160988996e-05,0,0,0
SITE0076,2026-04-24,1.0108328607373375e-05,0,0,0
SITE0076,2026-04-25,1.0123497308297639e-05,0,0,0
SITE0076,2026-04-26,1.4148932454845375e-05,0,0,0
SITE0076,2026-04-27,1.0932693804718961e-05,0,0,0
SITE0076,2026-04-28,8.497607087251718e-06,0,0,0
SITE0076,2026-04-29,1.0745890174150952e-05,0,0,0
SITE0076,2026-04-30,1.041327252166121e-05,0,0,0
SITE0076,2026-05-01,1.5512539479666245e-05,0,0,0
SITE0076,2026-05-02,9.922915387151373e-06,0,0,0
SITE0076,2026-05-03,1.5488215312404423e-05,0,0,0
SITE0076,2026-05-04,1.0506878826308175e-05,0,0,0
SITE0076,2026-05-05,1.2981735310389666e-05,0,0,0
SITE0076,2026-05-06,1.3629072215106222e-05,0,0,0
SITE0076,2026-05-07,1.3950369972759663e-05,0,0,0
SITE0076,2026-05-08,1.0067651979095224e-05,0,0,0
SITE0076,2026-05-09,9.110221128924834e-06,0,0,0
SITE0076,2026-05-10,1.2739282266356574e-05,0,0,0
SITE0076,2026-05-11,1.1420490250095357e-05,0,0,0
SITE0076,2026-05-12,9.80546621866671e-06,0,0,0
SITE0076,2026-05-13,1.0811227609157687e-05,0,0,0
SITE0076,2026-05-14,1.0157373355578134e-05,0,0,0
SITE0076,2026-05-15,1.0795602427283103e-05,0,0,0
SITE0076,2026-05-16,1.045206160771432e-05,0,0,0
SITE0076,2026-05-17,1.6504859334856166e-05,0,0,0
SITE0076,2026-05-18,9.709760287445071e-06,0,0,0
SITE0076,2026-05-19,1.1158430564185907e-05,0,0,0
SITE0076,2026-05-20,1.0177161731563967e-05,0,0,0
SITE0076,2026-05-21,9.476713041306411e-06,0,0,0
SITE0076,2026-05-22,1.3024964155141692e-05,0,0,0
SITE0076,2026-05-23,1.2658734751835959e-05,0,0,0
SITE0076,2026-05-24,1.0093998210443623e-05,0,0,0
SITE0076,2026-05-25,9.994147718165319e-06,0,0,0
SITE0076,2026-05-26,1.654400681505482e-05,0,0,0
SITE0076,2026-05-27,1.2107416007852076e-05,0,0,0
SITE0076,2026-05-28,1.0079659444047054e-05,0,0,0
SITE0076,2026-05-29,1.0418681921711323e-05,0,0,0
SITE0076,2026-05-30,1.0032607550505347e-05,0,0,0
SITE0076,2026-05-31,1.2974369316330125e-05,0,0,0
SITE0076,2026-06-01,1.047645015703109e-05,0,0,0
SITE0076,2026-06-02,1.3139344153983615e-05,0,0,0
SITE0076,2026-06-03,9.605219337677909e-06,0,0,0
SITE0076,2026-06-04,1.0119853587720062e-05,0,0,0
SITE0076,2026-06-05,1.0413050853084339e-05,0,0,0
SITE0076,2026-06-06,1.0848734137457862e-05,0,0,0
SITE0076,2026-06-07,1.5679669958032468e-05,0,0,0
SITE0076,2026-06-08,1.0579590271152115e-05,0,0,0
SITE0076,2026-06-09,9.575493088840172e-06,0,0,0
SITE0076,2026-06-10,1.1224987138240367e-05,0,0,0
SITE0076,2026-06-11,9.486464979406929e-06,0,0,0
SITE0076,2026-06-12,1.3258762013115511e-05,0,0,0
SITE0076,2026-06-13,1.195799475692172e-05,0,0,0
SITE0076,2026-06-14,1.0505542637452733e-05,0,0,0
SITE0076,2026-06-15,1.0536349848189867e-05,0,0,0
SITE0076,2026-06-16,9.810357200474378e-06,0,0,0
SITE0076,2026-06-17,9.755718868387869e-06,0,0,0
SITE0076,2026-06-18,9.602139012843158e-06,0,0,0
SITE0076,2026-06-19,1.3186019411826912e-05,0,0,0
SITE0076,2026-06-20,1.1324594153385456e-05,0,0,0
SITE0076,2026-06-21,9.689878660637596e-06,0,0,0
SITE0076,2026-06-22,1.151165428727169e-05,0,0,0
SITE0076,2026-06-23,1.0606492099015211e-05,0,0,0
SITE0076,2026-06-24,1.0352055383718992e-05,0,0,0
SITE0076,2026-06-25,1.264494687295464e-05,0,0,0
SITE0076,2026-06-26,1.4001750854920622e-05,0,0,0
SITE0076,2026-06-27,1.0271850103157651e-05,0,0,0
SITE0076,2026-06-28,1.0193153528414385e-05,0,0,0
SITE0076,2026-06-29,1.5110834646851522e-05,0,0,0
SITE0077,2026-04-01,1.82054972583051e-05,0,0,0
SITE0077,2026-04-02,5.8971604356797785e-06,0,0,0
SITE0077,2026-04-03,5.94857964781753e-06,0,0,0
SITE0077,2026-04-04,6.666116626189364e-06,0,0,0
SITE0077,2026-04-05,6.543550974357135e-06,0,0,0
SITE0077,2026-04-06,7.101136836314009e-06,0,0,0
SITE0077,2026-04-07,6.534112877332429e-06,0,0,0
SITE0077,2026-04-08,5.386237264615306e-06,0,0,0
SITE0077,2026-04-09,7.901819345402255e-06,0,0,0
SITE0077,2026-04-10,8.821946041839565e-06,0,0,0
SITE0077,2026-04-11,8.100826099151337e-06,0,0,0
SITE0077,2026-04-12,9.01496037987398e-06,0,0,0
SITE0077,2026-04-13,6.141822342266068e-06,0,0,0
SITE0077,2026-04-14,1.1480267535355017e-05,0,0,0
SITE0077,2026-04-15,1.3256059528223957e-05,0,0,0
SITE0077,2026-04-16,1.0387513082243854e-05,0,0,0
SITE0077,2026-04-17,9.804700233585965e-06,0,0,0
SITE0077,2026-04-18,6.818146482747539e-06,0,0,0
SITE0077,2026-04-19,8.262379806890247e-06,0,0,0
SITE0077,2026-04-20,8.314274696779424e-06,0,0,0
SITE0077,2026-04-21,7.589014425032278e-06,0,0,0
SITE0077,2026-04-22,1.2802747082978231e-05,0,0,0
SITE0077,2026-04-23,9.975148769199559e-06,0,0,0
SITE0077,2026-04-24,8.091812811070024e-06,0,0,0
SITE0077,2026-04-25,6.546509122141663e-06,0,0,0
SITE0077,2026-04-26,7.80924365344907e-06,0,0,0
SITE0077,2026-04-27,7.317997509208625e-06,0,0,0
SITE0077,2026-04-28,6.573895295290357e-06,0,0,0
SITE0077,2026-04-29,1.1318560514734523e-05,0,0,0
SITE0077,2026-04-30,8.35686176144583e-06,0,0,0
SITE0077,2026-05-01,8.74724097493443e-06,0,0,0
SITE0077,2026-05-02,9.369086470895751e-06,0,0,0
SITE0077,2026-05-03,8.619300859860532e-06,0,0,0
SITE0077,2026-05-04,8.560967146314584e-06,0,0,0
SITE0077,2026-05-05,8.969957526932303e-06,0,0,0
SITE0077,2026-05-06,6.9485570726163825e-06,0,0,0
SITE0077,2026-05-07,5.9742461409635775e-06,0,0,0
SITE0077,2026-05-08,7.125178632370781e-06,0,0,0
SITE0077,2026-05-09,1.0365815108888688e-05,0,0,0
SITE0077,2026-05-10,8.228532536199178e-06,0,0,0
SITE0077,2026-05-11,6.747643353647163e-06,0,0,0
SITE0077,2026-05-12,6.753952845194029e-06,0,0,0
SITE0077,2026-05-13,6.865498813660053e-06,0,0,0
SITE0077,2026-05-14,8.871577893186269e-06,0,0,0
SITE0077,2026-05-15,1.3770140257352955e-05,0,0,0
SITE0077,2026-05-16,9.28255918527814e-06,0,0,0
SITE0077,2026-05-17,7.53919630234179e-06,0,0,0
SITE0077,2026-05-18,6.4782067478911025e-06,0,0,0
SITE0077,2026-05-19,6.572165461479395e-06,0,0,0
SITE0077,2026-05-20,6.5050288494978295e-06,0,0,0
SITE0077,2026-05-21,6.310119626353358e-06,0,0,0
SITE0077,2026-05-22,6.809405692509601e-06,0,0,0
SITE0077,2026-05-23,6.3618615537868654e-06,0,0,0
SITE0077,2026-05-24,6.397261133186339e-06,0,0,0
SITE0077,2026-05-25,6.637994625995177e-06,0,0,0
SITE0077,2026-05-26,8.882899578866207e-06,0,0,0
SITE0077,2026-05-27,8.036656591034353e-06,0,0,0
SITE0077,2026-05-28,7.487277419738548e-06,0,0,0
SITE0077,2026-05-29,9.150075798180199e-06,0,0,0
SITE0077,2026-05-30,1.290469425894551e-05,0,0,0
SITE0077,2026-05-31,7.061095638977611e-06,0,0,0
SITE0077,2026-06-01,7.063074927342041e-06,0,0,0
SITE0077,2026-06-02,6.673096964702269e-06,0,0,0
SITE0077,2026-06-03,6.880214333552329e-06,0,0,0
SITE0077,2026-06-04,7.017549543787366e-06,0,0,0
SITE0077,2026-06-05,1.0740928071465836e-05,0,0,0
SITE0077,2026-06-06,1.0536158886239622e-05,0,0,0
SITE0077,2026-06-07,1.6286835070393012e-05,0,0,0
SITE0077,2026-06-08,6.6461884739878064e-06,0,0,0
SITE0077,2026-06-09,8.934296787255184e-06,0,0,0
SITE0077,2026-06-10,6.764552925475702e-06,0,0,0
SITE0077,2026-06-11,6.97171846168856e-06,0,0,0
SITE0077,2026-06-12,5.853422356462453e-06,0,0,0
SITE0077,2026-06-13,1.2502104990928635e-05,0,0,0
SITE0077,2026-06-14,7.489734308856757e-06,0,0,0
SITE0077,2026-06-15,5.239822305999692e-06,0,0,0
SITE0077,2026-06-16,5.919365897460595e-06,0,0,0
SITE0077,2026-06-17,1.0022913132598692e-05,0,0,0
SITE0077,2026-06-18,1.0783032080182349e-05,0,0,0
SITE0077,2026-06-19,9.052702945093902e-06,0,0,0
SITE0077,2026-06-20,7.739270517091509e-06,0,0,0
SITE0077,2026-06-21,9.086448402967401e-06,0,0,0
SITE0077,2026-06-22,9.01486280707625e-06,0,0,0
SITE0077,2026-06-23,7.084804781753799e-06,0,0,0
SITE0077,2026-06-24,7.1811502253547214e-06,0,0,0
SITE0077,2026-06-25,9.65224930325404e-06,0,0,0
SITE0077,2026-06-26,7.3706318540154295e-06,0,0,0
SITE0077,2026-06-27,1.2446442002645475e-05,0,0,0
SITE0077,2026-06-28,8.314432630518746e-06,0,0,0
SITE0077,2026-06-29,9.126132806809141e-06,0,0,0
SITE0078,2026-04-01,6.363358996569081e-05,0,0,0
SITE0078,2026-04-02,1.5299511101927193e-05,0,0,0
SITE0078,2026-04-03,1.0757773602181165e-05,0,0,0
SITE0078,2026-04-04,6.979462033064062e-06,0,0,0
SITE0078,2026-04-05,1.1605009914924248e-05,0,0,0
SITE0078,2026-04-06,2.1803465181267958e-05,0,0,0
SITE0078,2026-04-07,1.07094779297259e-05,0,0,0
SITE0078,2026-04-08,8.597474762166728e-06,0,0,0
SITE0078,2026-04-09,1.0830164473645212e-05,0,0,0
SITE0078,2026-04-10,8.892264319133777e-06,0,0,0
SITE0078,2026-04-11,1.0321036163353799e-05,0,0,0
SITE0078,2026-04-12,9.19782541153728e-06,0,0,0
SITE0078,2026-04-13,1.0545413135756123e-05,0,0,0
SITE0078,2026-04-14,8.340165497713796e-06,0,0,0
SITE0078,2026-04-15,1.018869177126942e-05,0,0,0
SITE0078,2026-04-16,1.0768843475745567e-05,0,0,0
SITE0078,2026-04-17,8.158760166059926e-06,0,0,0
SITE0078,2026-04-18,1.8414139949968505e-05,0,0,0
SITE0078,2026-04-19,1.0112822586547071e-05,0,0,0
SITE0078,2026-04-20,9.84573001944024e-06,0,0,0
SITE0078,2026-04-21,1.0840915225883249e-05,0,0,0
SITE0078,2026-04-22,9.84089231714112e-06,0,0,0
SITE0078,2026-04-23,8.579714718524463e-06,0,0,0
SITE0078,2026-04-24,1.0546599423100866e-05,0,0,0
SITE0078,2026-04-25,8.277003578722885e-06,0,0,0
SITE0078,2026-04-26,1.0465072131881476e-05,0,0,0
SITE0078,2026-04-27,8.057296995364351e-06,0,0,0
SITE0078,2026-04-28,8.057291121452499e-06,0,0,0
SITE0078,2026-04-29,8.918558371773804e-06,0,0,0
SITE0078,2026-04-30,9.264131921645218e-06,0,0,0
SITE0078,2026-05-01,8.997959531179488e-06,0,0,0
SITE0078,2026-05-02,7.99255598757094e-06,0,0,0
SITE0078,2026-05-03,9.965240377388022e-06,0,0,0
SITE0078,2026-05-04,1.0191287867447207e-05,0,0,0
SITE0078,2026-05-05,2.3520544941227846e-05,0,0,0
SITE0078,2026-05-06,1.5633560898839047e-05,0,0,0
SITE0078,2026-05-07,8.57971367488076e-06,0,0,0
SITE0078,2026-05-08,1.0369193730615612e-05,0,0,0
SITE0078,2026-05-09,9.07758623171802e-06,0,0,0
SITE0078,2026-05-10,9.771226250577757e-06,0,0,0
SITE0078,2026-05-11,8.340711582452772e-06,0,0,0
SITE0078,2026-05-12,1.0320010423994687e-05,0,0,0
SITE0078,2026-05-13,8.600345925412088e-06,0,0,0
SITE0078,2026-05-14,7.79386914452863e-06,0,0,0
SITE0078,2026-05-15,8.278428215273227e-06,0,0,0
SITE0078,2026-05-16,1.0113372974368564e-05,0,0,0
SITE0078,2026-05-17,1.2495896662052189e-05,0,0,0
SITE0078,2026-05-18,1.0185417011546383e-05,0,0,0
SITE0078,2026-05-19,8.340165860272443e-06,0,0,0
SITE0078,2026-05-20,1.0399686633454048e-05,0,0,0
SITE0078,2026-05-21,1.0063986920813231e-05,0,0,0
SITE0078,2026-05-22,1.0538156570333067e-05,0,0,0
SITE0078,2026-05-23,9.767225825673862e-06,0,0,0
SITE0078,2026-05-24,9.768113775614383e-06,0,0,0
SITE0078,2026-05-25,1.0283595197004784e-05,0,0,0
SITE0078,2026-05-26,1.0030122863067475e-05,0,0,0
SITE0078,2026-05-27,9.720192977995617e-06,0,0,0
SITE0078,2026-05-28,7.031831775527799e-06,0,0,0
SITE0078,2026-05-29,9.054595645933203e-06,0,0,0
SITE0078,2026-05-30,7.735729006193699e-06,0,0,0
SITE0078,2026-05-31,1.071196311618621e-05,0,0,0
SITE0078,2026-06-01,8.053487208311754e-06,0,0,0
SITE0078,2026-06-02,9.842550293369092e-06,0,0,0
SITE0078,2026-06-03,1.0188691893747414e-05,0,0,0
SITE0078,2026-06-04,1.0386912593979532e-05,0,0,0
SITE0078,2026-06-05,9.766498575691687e-06,0,0,0
SITE0078,2026-06-06,1.8631064483441558e-05,0,0,0
SITE0078,2026-06-07,8.345941558552002e-06,0,0,0
SITE0078,2026-06-08,1.0263887864074914e-05,0,0,0
SITE0078,2026-06-09,8.953942401095866e-06,0,0,0
SITE0078,2026-06-10,9.849471806550072e-06,0,0,0
SITE0078,2026-06-11,9.8416510244238e-06,0,0,0
SITE0078,2026-06-12,1.0309298040702685e-05,0,0,0
SITE0078,2026-06-13,9.563405172522892e-06,0,0,0
SITE0078,2026-06-14,1.0115956118633863e-05,0,0,0
SITE0078,2026-06-15,8.3392857574276e-06,0,0,0
SITE0078,2026-06-16,1.0183648615969554e-05,0,0,0
SITE0078,2026-06-17,2.0297240425065814e-05,0,0,0
SITE0078,2026-06-18,7.458250635485647e-06,0,0,0
SITE0078,2026-06-19,9.61982497916556e-06,0,0,0
SITE0078,2026-06-20,1.010575002662295e-05,0,0,0
SITE0078,2026-06-21,8.88250715883975e-06,0,0,0
SITE0078,2026-06-22,9.802540360879926e-06,0,0,0
SITE0078,2026-06-23,2.0329435907653867e-05,0,0,0
SITE0078,2026-06-24,9.842549542015824e-06,0,0,0
SITE0078,2026-06-25,8.580567429312298e-06,0,0,0
SITE0078,2026-06-26,1.0309298228559397e-05,0,0,0
SITE0078,2026-06-27,8.202393470716496e-06,0,0,0
SITE0078,2026-06-28,9.96524037828741e-06,0,0,0
SITE0078,2026-06-29,1.0183648697750644e-05,0,0,0
SITE0079,2026-04-01,1.3022780377928522e-05,0,0,0
SITE0079,2026-04-02,2.639355049782814e-05,0,0,0
SITE0079,2026-04-03,1.4680601607037304e-05,0,0,0
SITE0079,2026-04-04,1.259384627529451e-05,0,0,0
SITE0079,2026-04-05,1.1693900120451854e-05,0,0,0
SITE0079,2026-04-06,1.1763170070823937e-05,0,0,0
SITE0079,2026-04-07,8.27053054048793e-06,0,0,0
SITE0079,2026-04-08,1.0497525892323837e-05,0,0,0
SITE0079,2026-04-09,8.830160498796023e-06,0,0,0
SITE0079,2026-04-10,9.150501980065324e-06,0,0,0
SITE0079,2026-04-11,8.30281028548043e-06,0,0,0
SITE0079,2026-04-12,8.378973398440627e-06,0,0,0
SITE0079,2026-04-13,9.26589767982727e-06,0,0,0
SITE0079,2026-04-14,8.352293238658879e-06,0,0,0
SITE0079,2026-04-15,7.982706445487851e-06,0,0,0
SITE0079,2026-04-16,7.794331269832768e-06,0,0,0
SITE0079,2026-04-17,9.984318054837743e-06,0,0,0
SITE0079,2026-04-18,1.1520699659107617e-05,0,0,0
SITE0079,2026-04-19,1.1567658766182083e-05,0,0,0
SITE0079,2026-04-20,1.4431804655841521e-05,0,0,0
SITE0079,2026-04-21,8.267865715717194e-06,0,0,0
SITE0079,2026-04-22,7.6083707024839985e-06,0,0,0
SITE0079,2026-04-23,9.580819901649972e-06,0,0,0
SITE0079,2026-04-24,1.0465708296733455e-05,0,0,0
SITE0079,2026-04-25,9.087755646680136e-06,0,0,0
SITE0079,2026-04-26,1.0021130513408851e-05,0,0,0
SITE0079,2026-04-27,1.0608118970092435e-05,0,0,0
SITE0079,2026-04-28,9.459989678189612e-06,0,0,0
SITE0079,2026-04-29,7.64506962951366e-06,0,0,0
SITE0079,2026-04-30,7.355133284581435e-06,0,0,0
SITE0079,2026-05-01,1.0670374509956024e-05,0,0,0
SITE0079,2026-05-02,1.252221990250904e-05,0,0,0
SITE0079,2026-05-03,7.5915751411540785e-06,0,0,0
SITE0079,2026-05-04,8.38632593177297e-06,0,0,0
SITE0079,2026-05-05,9.566255001875831e-06,0,0,0
SITE0079,2026-05-06,1.082174980913891e-05,0,0,0
SITE0079,2026-05-07,8.47565037988122e-06,0,0,0
SITE0079,2026-05-08,8.703855046437104e-06,0,0,0
SITE0079,2026-05-09,8.768294435027659e-06,0,0,0
SITE0079,2026-05-10,1.0411303341807027e-05,0,0,0
SITE0079,2026-05-11,9.68031854729603e-06,0,0,0
SITE0079,2026-05-12,1.1040946846005083e-05,0,0,0
SITE0079,2026-05-13,1.0325196087816212e-05,0,0,0
SITE0079,2026-05-14,1.2228327388999542e-05,0,0,0
SITE0079,2026-05-15,1.6147430571123514e-05,0,0,0
SITE0079,2026-05-16,1.305064346220559e-05,0,0,0
SITE0079,2026-05-17,1.4678400834613438e-05,0,0,0
SITE0079,2026-05-18,1.5314616419271718e-05,0,0,0
SITE0079,2026-05-19,1.05937137276683e-05,0,0,0
SITE0079,2026-05-20,1.1959804594151191e-05,0,0,0
SITE0079,2026-05-21,7.2262555241942685e-06,0,0,0
SITE0079,2026-05-22,7.3190773689178746e-06,0,0,0
SITE0079,2026-05-23,8.22653583299751e-06,0,0,0
SITE0079,2026-05-24,7.6162820135943165e-06,0,0,0
SITE0079,2026-05-25,1.0433413409420901e-05,0,0,0
SITE0079,2026-05-26,8.128327263324907e-06,0,0,0
SITE0079,2026-05-27,1.758993140174672e-05,0,0,0
SITE0079,2026-05-28,1.347839624682155e-05,0,0,0
SITE0079,2026-05-29,1.542642384044735e-05,0,0,0
SITE0079,2026-05-30,1.0864283394257601e-05,0,0,0
SITE0079,2026-05-31,8.872678580746077e-06,0,0,0
SITE0079,2026-06-01,8.951423063462458e-06,0,0,0
SITE0079,2026-06-02,1.4138349666235571e-05,0,0,0
SITE0079,2026-06-03,1.0233758067818494e-05,0,0,0
SITE0079,2026-06-04,1.2414143164465182e-05,0,0,0
SITE0079,2026-06-05,8.085915626500646e-06,0,0,0
SITE0079,2026-06-06,8.148241332901143e-06,0,0,0
SITE0079,2026-06-07,9.55265705764763e-06,0,0,0
SITE0079,2026-06-08,9.800594983473801e-06,0,0,0
SITE0079,2026-06-09,1.0490102041957813e-05,0,0,0
SITE0079,2026-06-10,9.216753509254344e-06,0,0,0
SITE0079,2026-06-11,9.02888366314329e-06,0,0,0
SITE0079,2026-06-12,8.224679843592725e-06,0,0,0
SITE0079,2026-06-13,8.774950639731752e-06,0,0,0
SITE0079,2026-06-14,8.235500256251207e-06,0,0,0
SITE0079,2026-06-15,8.950175525129266e-06,0,0,0
SITE0079,2026-06-16,7.633684067275247e-06,0,0,0
SITE0079,2026-06-17,8.767569858952521e-06,0,0,0
SITE0079,2026-06-18,9.038769568200139e-06,0,0,0
SITE0079,2026-06-19,1.3868553697755365e-05,0,0,0
SITE0079,2026-06-20,8.207515706282726e-06,0,0,0
SITE0079,2026-06-21,8.869777605424398e-06,0,0,0
SITE0079,2026-06-22,7.204551474336975e-06,0,0,0
SITE0079,2026-06-23,1.0427507727464364e-05,0,0,0
SITE0079,2026-06-24,1.5342605364839196e-05,0,0,0
SITE0079,2026-06-25,9.193307234526674e-06,0,0,0
SITE0079,2026-06-26,7.707917070375698e-06,0,0,0
SITE0079,2026-06-27,7.0619078665745006e-06,0,0,0
SITE0079,2026-06-28,1.1462973566739936e-05,0,0,0
SITE0079,2026-06-29,9.24512415870994e-06,0,0,0
SITE0080,2026-04-01,1.4047701042981762e-05,0,0,0
SITE0080,2026-04-02,1.140819525381739e-05,0,0,0
SITE0080,2026-04-03,1.0276624734057822e-05,0,0,0
SITE0080,2026-04-04,9.413500942723756e-06,0,0,0
SITE0080,2026-04-05,9.73779926284047e-06,0,0,0
SITE0080,2026-04-06,1.0597555454392236e-05,0,0,0
SITE0080,2026-04-07,9.847362895929323e-06,0,0,0
SITE0080,2026-04-08,9.620359478469486e-06,0,0,0
SITE0080,2026-04-09,1.0173783486188353e-05,0,0,0
SITE0080,2026-04-10,9.950750784994665e-06,0,0,0
SITE0080,2026-04-11,9.698446116720565e-06,0,0,0
SITE0080,2026-04-12,9.848538863433553e-06,0,0,0
SITE0080,2026-04-13,9.828787274236428e-06,0,0,0
SITE0080,2026-04-14,1.0814467690800826e-05,0,0,0
SITE0080,2026-04-15,1.0161462640613856e-05,0,0,0
SITE0080,2026-04-16,1.0771636585654567e-05,0,0,0
SITE0080,2026-04-17,1.205823541261318e-05,0,0,0
SITE0080,2026-04-18,1.1333557100126105e-05,0,0,0
SITE0080,2026-04-19,1.0944073179708914e-05,0,0,0
SITE0080,2026-04-20,1.0353684518757036e-05,0,0,0
SITE0080,2026-04-21,1.0615723135896167e-05,0,0,0
SITE0080,2026-04-22,1.0288824718039156e-05,0,0,0
SITE0080,2026-04-23,1.023706634426733e-05,0,0,0
SITE0080,2026-04-24,1.0480500198217538e-05,0,0,0
SITE0080,2026-04-25,1.023648935160575e-05,0,0,0
SITE0080,2026-04-26,1.1077848130425283e-05,0,0,0
SITE0080,2026-04-27,9.944894055487398e-06,0,0,0
SITE0080,2026-04-28,9.922652120645379e-06,0,0,0
SITE0080,2026-04-29,9.326768226387224e-06,0,0,0
SITE0080,2026-04-30,1.8108844857680848e-05,0,0,0
SITE0080,2026-05-01,1.4319062528902879e-05,0,0,0
SITE0080,2026-05-02,1.0939292293841716e-05,0,0,0
SITE0080,2026-05-03,1.0487040811824657e-05,0,0,0
SITE0080,2026-05-04,3.377157190309984e-05,0,0,0
SITE0080,2026-05-05,1.0312667436956181e-05,0,0,0
SITE0080,2026-05-06,1.184653026432053e-05,0,0,0
SITE0080,2026-05-07,1.0545938798344891e-05,0,0,0
SITE0080,2026-05-08,9.919032144151732e-06,0,0,0
SITE0080,2026-05-09,1.0601516835729886e-05,0,0,0
SITE0080,2026-05-10,1.1326491572733333e-05,0,0,0
SITE0080,2026-05-11,1.0490010783634468e-05,0,0,0
SITE0080,2026-05-12,1.0834344004362898e-05,0,0,0
SITE0080,2026-05-13,1.1114445390466115e-05,0,0,0
SITE0080,2026-05-14,1.0099467864747955e-05,0,0,0
SITE0080,2026-05-15,9.59197612898747e-06,0,0,0
SITE0080,2026-05-16,1.019153151514387e-05,0,0,0
SITE0080,2026-05-17,1.053281967212409e-05,0,0,0
SITE0080,2026-05-18,1.0934790594399414e-05,0,0,0
SITE0080,2026-05-19,1.0935564613668649e-05,0,0,0
SITE0080,2026-05-20,1.0935575997009303e-05,0,0,0
SITE0080,2026-05-21,1.01808990264397e-05,0,0,0
SITE0080,2026-05-22,1.0693228811304031e-05,0,0,0
SITE0080,2026-05-23,1.1071859845905837e-05,0,0,0
SITE0080,2026-05-24,1.1151633482128889e-05,0,0,0
SITE0080,2026-05-25,1.0299930732951877e-05,0,0,0
SITE0080,2026-05-26,1.168685657770968e-05,0,0,0
SITE0080,2026-05-27,9.94387705704844e-06,0,0,0
SITE0080,2026-05-28,9.760374631719992e-06,0,0,0
SITE0080,2026-05-29,1.0180630008169518e-05,0,0,0
SITE0080,2026-05-30,1.169011498712528e-05,0,0,0
SITE0080,2026-05-31,9.945418799851793e-06,0,0,0
SITE0080,2026-06-01,9.745260272679435e-06,0,0,0
SITE0080,2026-06-02,1.0238135037929394e-05,0,0,0
SITE0080,2026-06-03,1.1079208517389289e-05,0,0,0
SITE0080,2026-06-04,1.0286127894494865e-05,0,0,0
SITE0080,2026-06-05,9.975681218771124e-06,0,0,0
SITE0080,2026-06-06,1.027189513317367e-05,0,0,0
SITE0080,2026-06-07,1.2838265813521076e-05,0,0,0
SITE0080,2026-06-08,1.3662354474870093e-05,0,0,0
SITE0080,2026-06-09,1.0235006189262015e-05,0,0,0
SITE0080,2026-06-10,1.1624045295567662e-05,0,0,0
SITE0080,2026-06-11,1.1134916066144692e-05,0,0,0
SITE0080,2026-06-12,1.0331238152801368e-05,0,0,0
SITE0080,2026-06-13,1.0178698726122588e-05,0,0,0
SITE0080,2026-06-14,1.051598820878649e-05,0,0,0
SITE0080,2026-06-15,1.0936686169844241e-05,0,0,0
SITE0080,2026-06-16,1.0482126519027184e-05,0,0,0
SITE0080,2026-06-17,9.977303941122594e-06,0,0,0
SITE0080,2026-06-18,1.0271917730470343e-05,0,0,0
SITE0080,2026-06-19,1.1145277255842714e-05,0,0,0
SITE0080,2026-06-20,1.1470216224318642e-05,0,0,0
SITE0080,2026-06-21,4.336813406961757e-05,0,0,0
SITE0080,2026-06-22,1.0853214281780692e-05,0,0,0
SITE0080,2026-06-23,1.0273024923187632e-05,0,0,0
SITE0080,2026-06-24,1.2234104581759458e-05,0,0,0
SITE0080,2026-06-25,1.6796199945811938e-05,0,0,0
SITE0080,2026-06-26,1.0178699933545566e-05,0,0,0
SITE0080,2026-06-27,9.97830596951205e-06,0,0,0
SITE0080,2026-06-28,1.0505155987432935e-05,0,0,0
SITE0080,2026-06-29,9.942619789445116e-06,0,0,0
SITE0081,2026-04-01,1.4103474687567347e-05,0,0,0
SITE0081,2026-04-02,1.4097038644356862e-05,0,0,0
SITE0081,2026-04-03,1.0386255939316329e-05,0,0,0
SITE0081,2026-04-04,1.8155573876888794e-05,0,0,0
SITE0081,2026-04-05,1.1113809381907886e-05,0,0,0
SITE0081,2026-04-06,1.4008507224675605e-05,0,0,0
SITE0081,2026-04-07,1.0831406724006398e-05,0,0,0
SITE0081,2026-04-08,1.034211722286616e-05,0,0,0
SITE0081,2026-04-09,2.0671608552835324e-05,0,0,0
SITE0081,2026-04-10,1.2748711282496939e-05,0,0,0
SITE0081,2026-04-11,1.5720614980956498e-05,0,0,0
SITE0081,2026-04-12,1.0558232218338782e-05,0,0,0
SITE0081,2026-04-13,1.2592901162801884e-05,0,0,0
SITE0081,2026-04-14,1.4318623882364599e-05,0,0,0
SITE0081,2026-04-15,1.0754354674156917e-05,0,0,0
SITE0081,2026-04-16,1.3619962202996497e-05,0,0,0
SITE0081,2026-04-17,1.2611533440866847e-05,0,0,0
SITE0081,2026-04-18,1.3088940180482437e-05,0,0,0
SITE0081,2026-04-19,1.2467917680021194e-05,0,0,0
SITE0081,2026-04-20,1.4332598188335669e-05,0,0,0
SITE0081,2026-04-21,9.316270791559447e-06,0,0,0
SITE0081,2026-04-22,1.046425567648079e-05,0,0,0
SITE0081,2026-04-23,1.6683775763908518e-05,0,0,0
SITE0081,2026-04-24,1.1282654571079085e-05,0,0,0
SITE0081,2026-04-25,1.0225807903364564e-05,0,0,0
SITE0081,2026-04-26,1.0448024152306547e-05,0,0,0
SITE0081,2026-04-27,1.0534297890597863e-05,0,0,0
SITE0081,2026-04-28,1.061896277359049e-05,0,0,0
SITE0081,2026-04-29,1.096284305633081e-05,0,0,0
SITE0081,2026-04-30,1.1572707375279698e-05,0,0,0
SITE0081,2026-05-01,1.040109482957294e-05,0,0,0
SITE0081,2026-05-02,1.3857447276127922e-05,0,0,0
SITE0081,2026-05-03,1.3075700269312217e-05,0,0,0
SITE0081,2026-05-04,1.5140892339165122e-05,0,0,0
SITE0081,2026-05-05,1.1608898241581131e-05,0,0,0
SITE0081,2026-05-06,1.1602071461795333e-05,0,0,0
SITE0081,2026-05-07,1.3407959814362159e-05,0,0,0
SITE0081,2026-05-08,1.0628172911994604e-05,0,0,0
SITE0081,2026-05-09,1.0632001112757231e-05,0,0,0
SITE0081,2026-05-10,1.1508819325577233e-05,0,0,0
SITE0081,2026-05-11,1.3893652305949474e-05,0,0,0
SITE0081,2026-05-12,1.077737166609946e-05,0,0,0
SITE0081,2026-05-13,1.0451562607882954e-05,0,0,0
SITE0081,2026-05-14,1.0763255418724008e-05,0,0,0
SITE0081,2026-05-15,1.0890276413410646e-05,0,0,0
SITE0081,2026-05-16,1.138634036362784e-05,0,0,0
SITE0081,2026-05-17,1.080095430116591e-05,0,0,0
SITE0081,2026-05-18,1.1541239021749533e-05,0,0,0
SITE0081,2026-05-19,1.0563139862384603e-05,0,0,0
SITE0081,2026-05-20,1.64625736838619e-05,0,0,0
SITE0081,2026-05-21,1.0496669141023138e-05,0,0,0
SITE0081,2026-05-22,1.3722267298329506e-05,0,0,0
SITE0081,2026-05-23,1.1113936208437745e-05,0,0,0
SITE0081,2026-05-24,1.0663427727379487e-05,0,0,0
SITE0081,2026-05-25,1.1726390622861342e-05,0,0,0
SITE0081,2026-05-26,1.284124624720522e-05,0,0,0
SITE0081,2026-05-27,1.2276817912019682e-05,0,0,0
SITE0081,2026-05-28,1.1828778292714257e-05,0,0,0
SITE0081,2026-05-29,1.409555839376037e-05,0,0,0
SITE0081,2026-05-30,1.0233344273463494e-05,0,0,0
SITE0081,2026-05-31,1.0095092477929556e-05,0,0,0
SITE0081,2026-06-01,1.1808789304749086e-05,0,0,0
SITE0081,2026-06-02,1.360451299704312e-05,0,0,0
SITE0081,2026-06-03,1.0685384443648753e-05,0,0,0
SITE0081,2026-06-04,1.0791968457389714e-05,0,0,0
SITE0081,2026-06-05,1.2148687278999284e-05,0,0,0
SITE0081,2026-06-06,1.4482620585253983e-05,0,0,0
SITE0081,2026-06-07,1.2237046659532361e-05,0,0,0
SITE0081,2026-06-08,1.111211474436754e-05,0,0,0
SITE0081,2026-06-09,1.211875066947344e-05,0,0,0
SITE0081,2026-06-10,1.2064511663218073e-05,0,0,0
SITE0081,2026-06-11,1.0290184983527168e-05,0,0,0
SITE0081,2026-06-12,1.0643779045037586e-05,0,0,0
SITE0081,2026-06-13,1.120419414229114e-05,0,0,0
SITE0081,2026-06-14,1.1791531749712831e-05,0,0,0
SITE0081,2026-06-15,1.8181552571396098e-05,0,0,0
SITE0081,2026-06-16,1.0527791215691897e-05,0,0,0
SITE0081,2026-06-17,1.1080700187612467e-05,0,0,0
SITE0081,2026-06-18,1.0988072020388873e-05,0,0,0
SITE0081,2026-06-19,1.0677049149502745e-05,0,0,0
SITE0081,2026-06-20,1.2120209072017304e-05,0,0,0
SITE0081,2026-06-21,1.3420945397578595e-05,0,0,0
SITE0081,2026-06-22,1.0776465405407614e-05,0,0,0
SITE0081,2026-06-23,1.5574083347929016e-05,0,0,0
SITE0081,2026-06-24,1.4541920818765921e-05,0,0,0
SITE0081,2026-06-25,1.0068022797389763e-05,0,0,0
SITE0081,2026-06-26,1.0146767879432788e-05,0,0,0
SITE0081,2026-06-27,1.3103401498908743e-05,0,0,0
SITE0081,2026-06-28,1.6757019231640107e-05,0,0,0
SITE0081,2026-06-29,1.149202350686759e-05,0,0,0
SITE0082,2026-04-01,0.00012633132430098841,0,0,0
SITE0082,2026-04-02,9.410118109726563e-06,0,0,0
SITE0082,2026-04-03,8.077572061800012e-06,0,0,0
SITE0082,2026-04-04,9.196233680829281e-06,0,0,0
SITE0082,2026-04-05,7.06494838195848e-06,0,0,0
SITE0082,2026-04-06,8.453997164750127e-06,0,0,0
SITE0082,2026-04-07,1.9825572043230863e-05,0,0,0
SITE0082,2026-04-08,1.7620979386281856e-05,0,0,0
SITE0082,2026-04-09,1.07145854535653e-05,0,0,0
SITE0082,2026-04-10,8.026323938523572e-06,0,0,0
SITE0082,2026-04-11,7.791457413408127e-06,0,0,0
SITE0082,2026-04-12,9.459843364880369e-06,0,0,0
SITE0082,2026-04-13,6.560383215201341e-06,0,0,0
SITE0082,2026-04-14,6.763549781505644e-06,0,0,0
SITE0082,2026-04-15,6.879066680681622e-06,0,0,0
SITE0082,2026-04-16,9.446404381610465e-06,0,0,0
SITE0082,2026-04-17,7.983375374791012e-06,0,0,0
SITE0082,2026-04-18,9.018269491200093e-06,0,0,0
SITE0082,2026-04-19,7.059632834880647e-06,0,0,0
SITE0082,2026-04-20,7.440436930482984e-06,0,0,0
SITE0082,2026-04-21,9.696263938410409e-06,0,0,0
SITE0082,2026-04-22,1.4042573394911822e-05,0,0,0
SITE0082,2026-04-23,1.1052792466343979e-05,0,0,0
SITE0082,2026-04-24,8.130176281680849e-06,0,0,0
SITE0082,2026-04-25,8.663703130062002e-06,0,0,0
SITE0082,2026-04-26,1.1996485374247503e-05,0,0,0
SITE0082,2026-04-27,1.2150148130629364e-05,0,0,0
SITE0082,2026-04-28,9.395906731057158e-06,0,0,0
SITE0082,2026-04-29,9.39898278069651e-06,0,0,0
SITE0082,2026-04-30,1.1024842944173782e-05,0,0,0
SITE0082,2026-05-01,8.777824837103475e-06,0,0,0
SITE0082,2026-05-02,8.143722589366184e-06,0,0,0
SITE0082,2026-05-03,9.629367631327587e-06,0,0,0
SITE0082,2026-05-04,7.051450466534116e-06,0,0,0
SITE0082,2026-05-05,1.0682159553055875e-05,0,0,0
SITE0082,2026-05-06,8.46061620789373e-06,0,0,0
SITE0082,2026-05-07,7.186815663501883e-06,0,0,0
SITE0082,2026-05-08,7.640673004184748e-06,0,0,0
SITE0082,2026-05-09,6.592968894972347e-06,0,0,0
SITE0082,2026-05-10,7.092121581170717e-06,0,0,0
SITE0082,2026-05-11,1.1786445918952622e-05,0,0,0
SITE0082,2026-05-12,8.198717568221783e-06,0,0,0
SITE0082,2026-05-13,1.0443437896399822e-05,0,0,0
SITE0082,2026-05-14,7.783416548817979e-06,0,0,0
SITE0082,2026-05-15,7.96769657604642e-06,0,0,0
SITE0082,2026-05-16,9.345266475216604e-06,0,0,0
SITE0082,2026-05-17,8.985389916471873e-06,0,0,0
SITE0082,2026-05-18,6.771036199941781e-06,0,0,0
SITE0082,2026-05-19,7.093792789067679e-06,0,0,0
SITE0082,2026-05-20,9.734789822011272e-06,0,0,0
SITE0082,2026-05-21,1.09993226251055e-05,0,0,0
SITE0082,2026-05-22,1.062780987856194e-05,0,0,0
SITE0082,2026-05-23,1.0754599951334895e-05,0,0,0
SITE0082,2026-05-24,7.975760052237169e-06,0,0,0
SITE0082,2026-05-25,1.4476084733523076e-05,0,0,0
SITE0082,2026-05-26,6.270150594444603e-06,0,0,0
SITE0082,2026-05-27,8.088786865880468e-06,0,0,0
SITE0082,2026-05-28,9.499005464798935e-06,0,0,0
SITE0082,2026-05-29,1.1285877438831824e-05,0,0,0
SITE0082,2026-05-30,8.212747424092243e-06,0,0,0
SITE0082,2026-05-31,2.313281435567781e-05,0,0,0
SITE0082,2026-06-01,1.8510113419655684e-05,0,0,0
SITE0082,2026-06-02,2.098976578482452e-05,0,0,0
SITE0082,2026-06-03,2.5045569428339183e-05,0,0,0
SITE0082,2026-06-04,9.921484984851004e-06,0,0,0
SITE0082,2026-06-05,8.230412900456792e-06,0,0,0
SITE0082,2026-06-06,7.368302963552402e-06,0,0,0
SITE0082,2026-06-07,1.1656809401466928e-05,0,0,0
SITE0082,2026-06-08,7.4400225600414085e-06,0,0,0
SITE0082,2026-06-09,6.267749147884018e-06,0,0,0
SITE0082,2026-06-10,8.977888812291748e-06,0,0,0
SITE0082,2026-06-11,9.102567730207635e-06,0,0,0
SITE0082,2026-06-12,9.340212789153882e-06,0,0,0
SITE0082,2026-06-13,1.0299068412314294e-05,0,0,0
SITE0082,2026-06-14,7.265805816804654e-06,0,0,0
SITE0082,2026-06-15,7.630766536735512e-06,0,0,0
SITE0082,2026-06-16,1.0438042882761797e-05,0,0,0
SITE0082,2026-06-17,7.84506617070088e-06,0,0,0
SITE0082,2026-06-18,9.90764966742932e-06,0,0,0
SITE0082,2026-06-19,8.438324258318771e-06,0,0,0
SITE0082,2026-06-20,2.1738173476285526e-05,0,0,0
SITE0082,2026-06-21,9.842390631354391e-06,0,0,0
SITE0082,2026-06-22,8.41476869543789e-06,0,0,0
SITE0082,2026-06-23,8.446377418432285e-06,0,0,0
SITE0082,2026-06-24,1.1085235972783953e-05,0,0,0
SITE0082,2026-06-25,1.3005784667874723e-05,0,0,0
SITE0082,2026-06-26,1.706240169945546e-05,0,0,0
SITE0082,2026-06-27,1.9288075118020208e-05,0,0,0
SITE0082,2026-06-28,1.2280490894914247e-05,0,0,0
SITE0082,2026-06-29,1.0700536448033277e-05,0,0,0
SITE0083,2026-04-01,6.972058912041939e-06,0,0,0
SITE0083,2026-04-02,6.846287972484626e-06,0,0,0
SITE0083,2026-04-03,5.942555443015598e-06,0,0,0
SITE0083,2026-04-04,6.150094384454637e-06,0,0,0
SITE0083,2026-04-05,5.39226071065428e-06,0,0,0
SITE0083,2026-04-06,6.200130229879488e-06,0,0,0
SITE0083,2026-04-07,6.2001219812722255e-06,0,0,0
SITE0083,2026-04-08,7.274887563285585e-06,0,0,0
SITE0083,2026-04-09,6.94306350699314e-06,0,0,0
SITE0083,2026-04-10,2.5905782753151928e-05,0,0,0
SITE0083,2026-04-11,6.227504065564118e-06,0,0,0
SITE0083,2026-04-12,7.0662670768394994e-06,0,0,0
SITE0083,2026-04-13,8.17287088617819e-06,0,0,0
SITE0083,2026-04-14,7.132436210589491e-06,0,0,0
SITE0083,2026-04-15,6.8883606287640185e-06,0,0,0
SITE0083,2026-04-16,6.9887834674270615e-06,0,0,0
SITE0083,2026-04-17,7.0280235326293935e-06,0,0,0
SITE0083,2026-04-18,7.0814280664637535e-06,0,0,0
SITE0083,2026-04-19,6.5413648178801015e-06,0,0,0
SITE0083,2026-04-20,7.249547435490123e-06,0,0,0
SITE0083,2026-04-21,8.285825773537548e-06,0,0,0
SITE0083,2026-04-22,8.723752992406184e-06,0,0,0
SITE0083,2026-04-23,8.36762204649117e-06,0,0,0
SITE0083,2026-04-24,8.597068129010857e-06,0,0,0
SITE0083,2026-04-25,8.082592790167434e-06,0,0,0
SITE0083,2026-04-26,8.659164978496057e-06,0,0,0
SITE0083,2026-04-27,7.233152640717686e-06,0,0,0
SITE0083,2026-04-28,6.958355745602752e-06,0,0,0
SITE0083,2026-04-29,6.937958677840922e-06,0,0,0
SITE0083,2026-04-30,1.187766175577213e-05,0,0,0
SITE0083,2026-05-01,8.15697965622323e-06,0,0,0
SITE0083,2026-05-02,3.4921838845547555e-05,0,0,0
SITE0083,2026-05-03,7.580238455913044e-06,0,0,0
SITE0083,2026-05-04,6.515580567016772e-06,0,0,0
SITE0083,2026-05-05,6.340314873574513e-06,0,0,0
SITE0083,2026-05-06,6.41888544041022e-06,0,0,0
SITE0083,2026-05-07,6.514740238892793e-06,0,0,0
SITE0083,2026-05-08,5.8508750888906005e-06,0,0,0
SITE0083,2026-05-09,5.639284042429596e-06,0,0,0
SITE0083,2026-05-10,7.139386990952201e-06,0,0,0
SITE0083,2026-05-11,7.474177497756192e-06,0,0,0
SITE0083,2026-05-12,8.011798023803421e-06,0,0,0
SITE0083,2026-05-13,8.66265684613804e-06,0,0,0
SITE0083,2026-05-14,7.60727107309172e-06,0,0,0
SITE0083,2026-05-15,7.6096303774400196e-06,0,0,0
SITE0083,2026-05-16,6.950668543335672e-06,0,0,0
SITE0083,2026-05-17,5.556644506980032e-06,0,0,0
SITE0083,2026-05-18,6.873953981148909e-06,0,0,0
SITE0083,2026-05-19,6.918827796638596e-06,0,0,0
SITE0083,2026-05-20,8.488479105578394e-06,0,0,0
SITE0083,2026-05-21,7.394307608954988e-06,0,0,0
SITE0083,2026-05-22,7.042261903614922e-06,0,0,0
SITE0083,2026-05-23,6.187322456913982e-06,0,0,0
SITE0083,2026-05-24,1.56856527467317e-05,0,0,0
SITE0083,2026-05-25,7.5933826051759045e-06,0,0,0
SITE0083,2026-05-26,7.5406007639122585e-06,0,0,0
SITE0083,2026-05-27,6.111409641607359e-06,0,0,0
SITE0083,2026-05-28,8.631601020016056e-06,0,0,0
SITE0083,2026-05-29,7.479876932519194e-06,0,0,0
SITE0083,2026-05-30,8.5649914484844e-06,0,0,0
SITE0083,2026-05-31,8.022175390778829e-06,0,0,0
SITE0083,2026-06-01,8.434126505270886e-06,0,0,0
SITE0083,2026-06-02,8.494135891368508e-06,0,0,0
SITE0083,2026-06-03,7.466862590483924e-06,0,0,0
SITE0083,2026-06-04,7.102819578779967e-06,0,0,0
SITE0083,2026-06-05,7.425775600232433e-06,0,0,0
SITE0083,2026-06-06,6.694512128679847e-06,0,0,0
SITE0083,2026-06-07,7.389252958219578e-06,0,0,0
SITE0083,2026-06-08,8.194888501753865e-06,0,0,0
SITE0083,2026-06-09,8.114070866034341e-06,0,0,0
SITE0083,2026-06-10,7.835071048632616e-06,0,0,0
SITE0083,2026-06-11,9.212403540318617e-06,0,0,0
SITE0083,2026-06-12,7.978955059715897e-06,0,0,0
SITE0083,2026-06-13,6.892318810515005e-06,0,0,0
SITE0083,2026-06-14,6.614823178659458e-06,0,0,0
SITE0083,2026-06-15,6.7026887774875145e-06,0,0,0
SITE0083,2026-06-16,6.319655017440609e-06,0,0,0
SITE0083,2026-06-17,9.170843042714126e-06,0,0,0
SITE0083,2026-06-18,6.487660062810287e-06,0,0,0
SITE0083,2026-06-19,8.444814913816246e-06,0,0,0
SITE0083,2026-06-20,7.0851342991183984e-06,0,0,0
SITE0083,2026-06-21,7.181165064364594e-06,0,0,0
SITE0083,2026-06-22,6.361570621915521e-06,0,0,0
SITE0083,2026-06-23,1.0430887047452334e-05,0,0,0
SITE0083,2026-06-24,6.953452139676483e-06,0,0,0
SITE0083,2026-06-25,8.369883899319886e-06,0,0,0
SITE0083,2026-06-26,8.43325639990706e-06,0,0,0
SITE0083,2026-06-27,1.0447935963863098e-05,0,0,0
SITE0083,2026-06-28,7.738662808193871e-06,0,0,0
SITE0083,2026-06-29,7.796829656805416e-06,0,0,0
SITE0084,2026-04-01,5.43084030752045e-05,0,0,0
SITE0084,2026-04-02,1.4586012965952814e-05,0,0,0
SITE0084,2026-04-03,1.5432266466310762e-05,0,0,0
SITE0084,2026-04-04,1.4093542669433762e-05,0,0,0
SITE0084,2026-04-05,1.3460750964311606e-05,0,0,0
SITE0084,2026-04-06,1.278842294617132e-05,0,0,0
SITE0084,2026-04-07,1.6266471891134082e-05,0,0,0
SITE0084,2026-04-08,1.6280402218472968e-05,0,0,0
SITE0084,2026-04-09,2.09762851621925e-05,0,0,0
SITE0084,2026-04-10,2.010236667140095e-05,0,0,0
SITE0084,2026-04-11,1.866964761616434e-05,0,0,0
SITE0084,2026-04-12,1.5685716219520557e-05,0,0,0
SITE0084,2026-04-13,1.4951472322620956e-05,0,0,0
SITE0084,2026-04-14,2.0081448569374868e-05,0,0,0
SITE0084,2026-04-15,1.5804129931768578e-05,0,0,0
SITE0084,2026-04-16,1.4837741417991224e-05,0,0,0
SITE0084,2026-04-17,2.0719256614995908e-05,0,0,0
SITE0084,2026-04-18,2.1390948584943532e-05,0,0,0
SITE0084,2026-04-19,1.746925869977921e-05,0,0,0
SITE0084,2026-04-20,1.4961902344367313e-05,0,0,0
SITE0084,2026-04-21,1.6284166218797663e-05,0,0,0
SITE0084,2026-04-22,1.6228530228100275e-05,0,0,0
SITE0084,2026-04-23,1.7754439456716686e-05,0,0,0
SITE0084,2026-04-24,1.5230014648265346e-05,0,0,0
SITE0084,2026-04-25,1.481382051667898e-05,0,0,0
SITE0084,2026-04-26,1.4473935272315552e-05,0,0,0
SITE0084,2026-04-27,1.924254636456078e-05,0,0,0
SITE0084,2026-04-28,1.546321706983384e-05,0,0,0
SITE0084,2026-04-29,1.8068859622943524e-05,0,0,0
SITE0084,2026-04-30,1.4841316214488922e-05,0,0,0
SITE0084,2026-05-01,1.5160603288858615e-05,0,0,0
SITE0084,2026-05-02,1.549507075937451e-05,0,0,0
SITE0084,2026-05-03,1.763470688886028e-05,0,0,0
SITE0084,2026-05-04,2.5071603548629956e-05,0,0,0
SITE0084,2026-05-05,1.72594335101197e-05,0,0,0
SITE0084,2026-05-06,1.881216938510362e-05,0,0,0
SITE0084,2026-05-07,1.5065683793179469e-05,0,0,0
SITE0084,2026-05-08,1.774264207472672e-05,0,0,0
SITE0084,2026-05-09,2.0341413055623868e-05,0,0,0
SITE0084,2026-05-10,2.0976417861640265e-05,0,0,0
SITE0084,2026-05-11,2.007579505924569e-05,0,0,0
SITE0084,2026-05-12,1.8146849144967478e-05,0,0,0
SITE0084,2026-05-13,1.4292765838973397e-05,0,0,0
SITE0084,2026-05-14,2.1420176292352527e-05,0,0,0
SITE0084,2026-05-15,2.454397885312152e-05,0,0,0
SITE0084,2026-05-16,1.590810586852557e-05,0,0,0
SITE0084,2026-05-17,1.459820336263249e-05,0,0,0
SITE0084,2026-05-18,1.6687586821108316e-05,0,0,0
SITE0084,2026-05-19,1.8344171636335887e-05,0,0,0
SITE0084,2026-05-20,1.4226652493301669e-05,0,0,0
SITE0084,2026-05-21,1.5239285502910993e-05,0,0,0
SITE0084,2026-05-22,1.801627967307244e-05,0,0,0
SITE0084,2026-05-23,1.54962461118839e-05,0,0,0
SITE0084,2026-05-24,1.4788034395262856e-05,0,0,0
SITE0084,2026-05-25,1.6834919514947645e-05,0,0,0
SITE0084,2026-05-26,1.6989455312439396e-05,0,0,0
SITE0084,2026-05-27,2.949750610525809e-05,0,0,0
SITE0084,2026-05-28,1.344000402909112e-05,0,0,0
SITE0084,2026-05-29,1.7636392616574575e-05,0,0,0
SITE0084,2026-05-30,1.666653768856496e-05,0,0,0
SITE0084,2026-05-31,2.6993263220016107e-05,0,0,0
SITE0084,2026-06-01,1.4894132761395205e-05,0,0,0
SITE0084,2026-06-02,1.6415230183091705e-05,0,0,0
SITE0084,2026-06-03,2.353918513733368e-05,0,0,0
SITE0084,2026-06-04,1.6020256198751032e-05,0,0,0
SITE0084,2026-06-05,1.7628517330879545e-05,0,0,0
SITE0084,2026-06-06,1.7346033091206146e-05,0,0,0
SITE0084,2026-06-07,1.5100719700358465e-05,0,0,0
SITE0084,2026-06-08,1.7568260832742763e-05,0,0,0
SITE0084,2026-06-09,1.3506073639070726e-05,0,0,0
SITE0084,2026-06-10,1.45109202449692e-05,0,0,0
SITE0084,2026-06-11,1.5944061714082827e-05,0,0,0
SITE0084,2026-06-12,2.191629949462149e-05,0,0,0
SITE0084,2026-06-13,1.84961538635023e-05,0,0,0
SITE0084,2026-06-14,2.1843088258229088e-05,0,0,0
SITE0084,2026-06-15,1.660311205071547e-05,0,0,0
SITE0084,2026-06-16,2.063893858478916e-05,0,0,0
SITE0084,2026-06-17,1.799982153368694e-05,0,0,0
SITE0084,2026-06-18,1.62281048814786e-05,0,0,0
SITE0084,2026-06-19,1.4808909187696229e-05,0,0,0
SITE0084,2026-06-20,1.675784671913903e-05,0,0,0
SITE0084,2026-06-21,2.2940370157055022e-05,0,0,0
SITE0084,2026-06-22,2.8164598889668397e-05,0,0,0
SITE0084,2026-06-23,1.6659335614033188e-05,0,0,0
SITE0084,2026-06-24,1.6227925536484593e-05,0,0,0
SITE0084,2026-06-25,1.4644633907628021e-05,0,0,0
SITE0084,2026-06-26,1.4788030412498278e-05,0,0,0
SITE0084,2026-06-27,1.4004105883570141e-05,0,0,0
SITE0084,2026-06-28,1.4794329480801049e-05,0,0,0
SITE0084,2026-06-29,1.7120731501038798e-05,0,0,0
SITE0085,2026-04-01,3.343775342970664e-05,0,0,0
SITE0085,2026-04-02,7.652681671303957e-06,0,0,0
SITE0085,2026-04-03,8.034144660389087e-06,0,0,0
SITE0085,2026-04-04,1.1789850189506638e-05,0,0,0
SITE0085,2026-04-05,1.1235988428081454e-05,0,0,0
SITE0085,2026-04-06,1.13944017415638e-05,0,0,0
SITE0085,2026-04-07,1.0461638692354269e-05,0,0,0
SITE0085,2026-04-08,1.0600964360613702e-05,0,0,0
SITE0085,2026-04-09,7.863580665321712e-06,0,0,0
SITE0085,2026-04-10,8.229637326070416e-06,0,0,0
SITE0085,2026-04-11,8.424640923469253e-06,0,0,0
SITE0085,2026-04-12,8.422215979692688e-06,0,0,0
SITE0085,2026-04-13,8.01676435453952e-06,0,0,0
SITE0085,2026-04-14,8.175145941485443e-06,0,0,0
SITE0085,2026-04-15,8.23881648533601e-06,0,0,0
SITE0085,2026-04-16,8.15681128996077e-06,0,0,0
SITE0085,2026-04-17,7.837239534138543e-06,0,0,0
SITE0085,2026-04-18,7.834094012687168e-06,0,0,0
SITE0085,2026-04-19,8.976886627541674e-06,0,0,0
SITE0085,2026-04-20,8.230165951399055e-06,0,0,0
SITE0085,2026-04-21,8.822049793154571e-06,0,0,0
SITE0085,2026-04-22,8.018023200424487e-06,0,0,0
SITE0085,2026-04-23,7.828390601371057e-06,0,0,0
SITE0085,2026-04-24,7.984310384714318e-06,0,0,0
SITE0085,2026-04-25,7.957423594665612e-06,0,0,0
SITE0085,2026-04-26,8.16025890872594e-06,0,0,0
SITE0085,2026-04-27,8.209101187205046e-06,0,0,0
SITE0085,2026-04-28,8.42039051565249e-06,0,0,0
SITE0085,2026-04-29,8.69130686317056e-06,0,0,0
SITE0085,2026-04-30,8.177568724886971e-06,0,0,0
SITE0085,2026-05-01,8.47897692384317e-06,0,0,0
SITE0085,2026-05-02,8.648173419310175e-06,0,0,0
SITE0085,2026-05-03,8.46136806315405e-06,0,0,0
SITE0085,2026-05-04,8.112897195988382e-06,0,0,0
SITE0085,2026-05-05,8.11347178456288e-06,0,0,0
SITE0085,2026-05-06,7.3005522118313235e-06,0,0,0
SITE0085,2026-05-07,8.229622951945747e-06,0,0,0
SITE0085,2026-05-08,7.83150576793775e-06,0,0,0
SITE0085,2026-05-09,8.150146892247736e-06,0,0,0
SITE0085,2026-05-10,7.707538938113842e-06,0,0,0
SITE0085,2026-05-11,8.158977903600724e-06,0,0,0
SITE0085,2026-05-12,8.42102462080205e-06,0,0,0
SITE0085,2026-05-13,8.976096291737372e-06,0,0,0
SITE0085,2026-05-14,8.9493548679769e-06,0,0,0
SITE0085,2026-05-15,9.022981335023033e-06,0,0,0
SITE0085,2026-05-16,0.0006948552351855324,0,0,0
SITE0085,2026-05-17,0.24138181338021228,1,0,0
SITE0085,2026-05-18,0.9954013465701235,1,1,0
SITE0085,2026-05-19,0.9999707971648077,1,1,0
SITE0085,2026-05-20,0.9999781724685338,1,1,0
SITE0085,2026-05-21,0.9999309729639587,1,1,0
SITE0085,2026-05-22,0.999966330587245,1,1,0
SITE0085,2026-05-23,0.9999104071643827,1,1,0
SITE0085,2026-05-24,0.9999616581256786,1,1,0
SITE0085,2026-05-25,0.999943283283012,1,1,0
SITE0085,2026-05-26,0.9998902776855644,1,1,0
SITE0085,2026-05-27,0.9999721124402414,1,1,0
SITE0085,2026-05-28,0.999782367383896,1,1,0
SITE0085,2026-05-29,0.9996467554509152,1,1,0
SITE0085,2026-05-30,0.9871869856891347,1,1,0
SITE0085,2026-05-31,0.7652114011536877,1,1,0
SITE0085,2026-06-01,0.0996053764715982,1,0,1
SITE0085,2026-06-02,0.0004644805360794213,0,0,0
SITE0085,2026-06-03,0.0003405122356607734,0,0,0
SITE0085,2026-06-04,3.5992978446902605e-05,0,0,0
SITE0085,2026-06-05,4.807121273785456e-05,0,0,0
SITE0085,2026-06-06,3.927897962791079e-05,0,0,0
SITE0085,2026-06-07,3.8705096305770016e-05,0,0,0
SITE0085,2026-06-08,1.5357461559595074e-05,0,0,0
SITE0085,2026-06-09,1.4407089060991229e-05,0,0,0
SITE0085,2026-06-10,1.6077303084360844e-05,0,0,0
SITE0085,2026-06-11,1.6131871730730507e-05,0,0,0
SITE0085,2026-06-12,1.597299429353171e-05,0,0,0
SITE0085,2026-06-13,1.69422029125386e-05,0,0,0
SITE0085,2026-06-14,1.3366539209396158e-05,0,0,0
SITE0085,2026-06-15,8.826901128600675e-06,0,0,0
SITE0085,2026-06-16,7.968553483246137e-06,0,0,0
SITE0085,2026-06-17,8.17514589460576e-06,0,0,0
SITE0085,2026-06-18,8.22320546458865e-06,0,0,0
SITE0085,2026-06-19,8.89742787625675e-06,0,0,0
SITE0085,2026-06-20,8.221731462205696e-06,0,0,0
SITE0085,2026-06-21,7.755246420822725e-06,0,0,0
SITE0085,2026-06-22,8.216188638667513e-06,0,0,0
SITE0085,2026-06-23,8.158835866740661e-06,0,0,0
SITE0085,2026-06-24,8.222293434561399e-06,0,0,0
SITE0085,2026-06-25,8.17675163481068e-06,0,0,0
SITE0085,2026-06-26,8.684539655183532e-06,0,0,0
SITE0085,2026-06-27,7.997055004556335e-06,0,0,0
SITE0085,2026-06-28,8.223064460732907e-06,0,0,0
SITE0085,2026-06-29,7.911112263058454e-06,0,0,0
SITE0086,2026-04-01,1.0328589506897898e-05,0,0,0
SITE0086,2026-04-02,1.0324629791672916e-05,0,0,0
SITE0086,2026-04-03,1.1220236034299308e-05,0,0,0
SITE0086,2026-04-04,1.7406807917264965e-05,0,0,0
SITE0086,2026-04-05,1.0542493641081303e-05,0,0,0
SITE0086,2026-04-06,1.335082412401849e-05,0,0,0
SITE0086,2026-04-07,1.0539933088660945e-05,0,0,0
SITE0086,2026-04-08,9.904365276786835e-06,0,0,0
SITE0086,2026-04-09,9.416740203759319e-06,0,0,0
SITE0086,2026-04-10,9.89328317851543e-06,0,0,0
SITE0086,2026-04-11,1.0203041200921715e-05,0,0,0
SITE0086,2026-04-12,1.0802987772740601e-05,0,0,0
SITE0086,2026-04-13,1.4937342121907469e-05,0,0,0
SITE0086,2026-04-14,1.0467722227237393e-05,0,0,0
SITE0086,2026-04-15,1.084423725717019e-05,0,0,0
SITE0086,2026-04-16,1.0866796126796075e-05,0,0,0
SITE0086,2026-04-17,9.779631060366825e-06,0,0,0
SITE0086,2026-04-18,1.1242011342539944e-05,0,0,0
SITE0086,2026-04-19,1.2606173489024083e-05,0,0,0
SITE0086,2026-04-20,1.5665463672390396e-05,0,0,0
SITE0086,2026-04-21,9.911801183486432e-06,0,0,0
SITE0086,2026-04-22,1.083617031091767e-05,0,0,0
SITE0086,2026-04-23,1.0104011542701308e-05,0,0,0
SITE0086,2026-04-24,1.2623446228955451e-05,0,0,0
SITE0086,2026-04-25,9.765575094657489e-06,0,0,0
SITE0086,2026-04-26,1.4845719104884932e-05,0,0,0
SITE0086,2026-04-27,1.356994794603271e-05,0,0,0
SITE0086,2026-04-28,1.083478069219385e-05,0,0,0
SITE0086,2026-04-29,1.2023386291633243e-05,0,0,0
SITE0086,2026-04-30,1.050035595215284e-05,0,0,0
SITE0086,2026-05-01,1.0151053081388155e-05,0,0,0
SITE0086,2026-05-02,1.06826017773399e-05,0,0,0
SITE0086,2026-05-03,9.768022606010336e-06,0,0,0
SITE0086,2026-05-04,1.0589422533380271e-05,0,0,0
SITE0086,2026-05-05,9.889911881968155e-06,0,0,0
SITE0086,2026-05-06,1.0195219889573558e-05,0,0,0
SITE0086,2026-05-07,1.3019451899311928e-05,0,0,0
SITE0086,2026-05-08,1.0028841107938806e-05,0,0,0
SITE0086,2026-05-09,9.29499606497008e-06,0,0,0
SITE0086,2026-05-10,1.0265065721419342e-05,0,0,0
SITE0086,2026-05-11,1.1360216241701508e-05,0,0,0
SITE0086,2026-05-12,1.810241382433397e-05,0,0,0
SITE0086,2026-05-13,1.0100268876448075e-05,0,0,0
SITE0086,2026-05-14,1.5559961735801577e-05,0,0,0
SITE0086,2026-05-15,9.767151358527259e-06,0,0,0
SITE0086,2026-05-16,1.006816751215947e-05,0,0,0
SITE0086,2026-05-17,9.979752212616316e-06,0,0,0
SITE0086,2026-05-18,9.81486525582694e-06,0,0,0
SITE0086,2026-05-19,1.0838247483544122e-05,0,0,0
SITE0086,2026-05-20,1.062307569373992e-05,0,0,0
SITE0086,2026-05-21,9.889132771697135e-06,0,0,0
SITE0086,2026-05-22,9.657305857154114e-06,0,0,0
SITE0086,2026-05-23,9.764526237082607e-06,0,0,0
SITE0086,2026-05-24,9.618631508313814e-06,0,0,0
SITE0086,2026-05-25,1.823762039077984e-05,0,0,0
SITE0086,2026-05-26,1.1064013560180996e-05,0,0,0
SITE0086,2026-05-27,9.885617207597547e-06,0,0,0
SITE0086,2026-05-28,1.0537098871197477e-05,0,0,0
SITE0086,2026-05-29,1.0719317715682302e-05,0,0,0
SITE0086,2026-05-30,1.7320760782464435e-05,0,0,0
SITE0086,2026-05-31,1.2689382733069165e-05,0,0,0
SITE0086,2026-06-01,1.0860724522821739e-05,0,0,0
SITE0086,2026-06-02,1.1158277408589666e-05,0,0,0
SITE0086,2026-06-03,1.0587422396080903e-05,0,0,0
SITE0086,2026-06-04,1.074712506299838e-05,0,0,0
SITE0086,2026-06-05,1.0175057743570091e-05,0,0,0
SITE0086,2026-06-06,9.918597496174223e-06,0,0,0
SITE0086,2026-06-07,1.00684011738828e-05,0,0,0
SITE0086,2026-06-08,1.3265652731448704e-05,0,0,0
SITE0086,2026-06-09,1.486410454194066e-05,0,0,0
SITE0086,2026-06-10,1.1768730930500953e-05,0,0,0
SITE0086,2026-06-11,1.0420728543586855e-05,0,0,0
SITE0086,2026-06-12,9.987146042577782e-06,0,0,0
SITE0086,2026-06-13,9.787858485065132e-06,0,0,0
SITE0086,2026-06-14,1.3122785762820752e-05,0,0,0
SITE0086,2026-06-15,1.4020297031478032e-05,0,0,0
SITE0086,2026-06-16,1.3387535357529755e-05,0,0,0
SITE0086,2026-06-17,1.0271807998586943e-05,0,0,0
SITE0086,2026-06-18,1.0592333546243777e-05,0,0,0
SITE0086,2026-06-19,1.0072756734637676e-05,0,0,0
SITE0086,2026-06-20,1.3006734840774289e-05,0,0,0
SITE0086,2026-06-21,9.767252624736635e-06,0,0,0
SITE0086,2026-06-22,1.0265793338060438e-05,0,0,0
SITE0086,2026-06-23,1.0186389096006332e-05,0,0,0
SITE0086,2026-06-24,9.882282757506475e-06,0,0,0
SITE0086,2026-06-25,1.3157494648041497e-05,0,0,0
SITE0086,2026-06-26,1.246505138144579e-05,0,0,0
SITE0086,2026-06-27,1.1505341096014714e-05,0,0,0
SITE0086,2026-06-28,1.0781361671183778e-05,0,0,0
SITE0086,2026-06-29,1.0266392479579105e-05,0,0,0
SITE0087,2026-04-01,6.970979209684564e-05,0,0,0
SITE0087,2026-04-02,6.5572091072995665e-06,0,0,0
SITE0087,2026-04-03,6.315009353658184e-06,0,0,0
SITE0087,2026-04-04,8.280963583162084e-06,0,0,0
SITE0087,2026-04-05,9.494835790249268e-06,0,0,0
SITE0087,2026-04-06,9.219201420928094e-06,0,0,0
SITE0087,2026-04-07,9.376692157324407e-06,0,0,0
SITE0087,2026-04-08,6.624889323597228e-06,0,0,0
SITE0087,2026-04-09,7.040912263697935e-06,0,0,0
SITE0087,2026-04-10,7.2548646300340884e-06,0,0,0
SITE0087,2026-04-11,7.479670910805458e-06,0,0,0
SITE0087,2026-04-12,8.7265734822225e-06,0,0,0
SITE0087,2026-04-13,9.802924849341283e-06,0,0,0
SITE0087,2026-04-14,2.2013122121217548e-05,0,0,0
SITE0087,2026-04-15,1.2890328731936666e-05,0,0,0
SITE0087,2026-04-16,9.68671335328631e-06,0,0,0
SITE0087,2026-04-17,7.868663406253233e-06,0,0,0
SITE0087,2026-04-18,1.7439007755032192e-05,0,0,0
SITE0087,2026-04-19,1.5705168089989965e-05,0,0,0
SITE0087,2026-04-20,7.135704235739548e-06,0,0,0
SITE0087,2026-04-21,7.15772390562958e-06,0,0,0
SITE0087,2026-04-22,1.1834247811116348e-05,0,0,0
SITE0087,2026-04-23,1.0572206036278499e-05,0,0,0
SITE0087,2026-04-24,6.814813158142983e-06,0,0,0
SITE0087,2026-04-25,6.927504864023698e-06,0,0,0
SITE0087,2026-04-26,7.457610461255742e-06,0,0,0
SITE0087,2026-04-27,7.806985982000218e-06,0,0,0
SITE0087,2026-04-28,8.047284900367317e-06,0,0,0
SITE0087,2026-04-29,5.982779167511313e-06,0,0,0
SITE0087,2026-04-30,6.923126089492811e-06,0,0,0
SITE0087,2026-05-01,8.995559054676304e-06,0,0,0
SITE0087,2026-05-02,1.0523040051768689e-05,0,0,0
SITE0087,2026-05-03,7.973062774797138e-06,0,0,0
SITE0087,2026-05-04,7.738702315131947e-06,0,0,0
SITE0087,2026-05-05,6.984940367042847e-06,0,0,0
SITE0087,2026-05-06,6.423206317557151e-06,0,0,0
SITE0087,2026-05-07,6.510488228834584e-06,0,0,0
SITE0087,2026-05-08,6.191836773375845e-06,0,0,0
SITE0087,2026-05-09,7.096684194741993e-06,0,0,0
SITE0087,2026-05-10,7.03369162158827e-06,0,0,0
SITE0087,2026-05-11,7.247075351530115e-06,0,0,0
SITE0087,2026-05-12,9.621356566979584e-06,0,0,0
SITE0087,2026-05-13,1.1171948703028532e-05,0,0,0
SITE0087,2026-05-14,6.116624380707214e-06,0,0,0
SITE0087,2026-05-15,6.164887365844969e-06,0,0,0
SITE0087,2026-05-16,6.630584045958166e-06,0,0,0
SITE0087,2026-05-17,7.95664225292182e-06,0,0,0
SITE0087,2026-05-18,6.466602482360213e-06,0,0,0
SITE0087,2026-05-19,1.013450004572372e-05,0,0,0
SITE0087,2026-05-20,7.250089522209263e-06,0,0,0
SITE0087,2026-05-21,9.235067835218192e-06,0,0,0
SITE0087,2026-05-22,6.680114041617811e-06,0,0,0
SITE0087,2026-05-23,7.97597693694712e-06,0,0,0
SITE0087,2026-05-24,7.303783128160252e-06,0,0,0
SITE0087,2026-05-25,9.970911573854838e-06,0,0,0
SITE0087,2026-05-26,1.013046470254302e-05,0,0,0
SITE0087,2026-05-27,1.1263758071176625e-05,0,0,0
SITE0087,2026-05-28,7.623521479682542e-06,0,0,0
SITE0087,2026-05-29,7.181469829673893e-06,0,0,0
SITE0087,2026-05-30,8.320631204948046e-06,0,0,0
SITE0087,2026-05-31,6.7584612090733556e-06,0,0,0
SITE0087,2026-06-01,8.102168948440471e-06,0,0,0
SITE0087,2026-06-02,6.670235240732756e-06,0,0,0
SITE0087,2026-06-03,7.016544848996515e-06,0,0,0
SITE0087,2026-06-04,7.120584753849111e-06,0,0,0
SITE0087,2026-06-05,5.548823638232398e-06,0,0,0
SITE0087,2026-06-06,1.040091926454156e-05,0,0,0
SITE0087,2026-06-07,8.242316735100302e-06,0,0,0
SITE0087,2026-06-08,6.193937584037265e-06,0,0,0
SITE0087,2026-06-09,5.9698514011231785e-06,0,0,0
SITE0087,2026-06-10,7.159508174360845e-06,0,0,0
SITE0087,2026-06-11,9.076151347568334e-06,0,0,0
SITE0087,2026-06-12,9.932757121947762e-06,0,0,0
SITE0087,2026-06-13,1.602025392200512e-05,0,0,0
SITE0087,2026-06-14,1.8571900045623062e-05,0,0,0
SITE0087,2026-06-15,6.484224244177029e-06,0,0,0
SITE0087,2026-06-16,8.338164171147184e-06,0,0,0
SITE0087,2026-06-17,7.780525550143916e-06,0,0,0
SITE0087,2026-06-18,6.453836647288265e-06,0,0,0
SITE0087,2026-06-19,1.2952004684059819e-05,0,0,0
SITE0087,2026-06-20,8.320468809242312e-06,0,0,0
SITE0087,2026-06-21,1.4731870510000911e-05,0,0,0
SITE0087,2026-06-22,6.199249851914209e-06,0,0,0
SITE0087,2026-06-23,6.389437559977068e-06,0,0,0
SITE0087,2026-06-24,6.912501336878543e-06,0,0,0
SITE0087,2026-06-25,1.055834172702606e-05,0,0,0
SITE0087,2026-06-26,6.708738172215454e-06,0,0,0
SITE0087,2026-06-27,1.017105259544086e-05,0,0,0
SITE0087,2026-06-28,6.767345428761039e-06,0,0,0
SITE0087,2026-06-29,6.317376743484164e-06,0,0,0
SITE0088,2026-04-01,8.433637531567728e-06,0,0,0
SITE0088,2026-04-02,9.866612840769497e-06,0,0,0
SITE0088,2026-04-03,6.536244905368975e-06,0,0,0
SITE0088,2026-04-04,8.140579931975885e-06,0,0,0
SITE0088,2026-04-05,7.729288937206528e-06,0,0,0
SITE0088,2026-04-06,8.300907342234028e-06,0,0,0
SITE0088,2026-04-07,6.334858542962661e-06,0,0,0
SITE0088,2026-04-08,6.1527968611836886e-06,0,0,0
SITE0088,2026-04-09,7.9357861300762e-06,0,0,0
SITE0088,2026-04-10,6.668146185358847e-06,0,0,0
SITE0088,2026-04-11,6.520171561051119e-06,0,0,0
SITE0088,2026-04-12,8.534652577097628e-06,0,0,0
SITE0088,2026-04-13,6.135158700118569e-06,0,0,0
SITE0088,2026-04-14,7.294066459362493e-06,0,0,0
SITE0088,2026-04-15,7.6121253391512335e-06,0,0,0
SITE0088,2026-04-16,7.501564645143445e-06,0,0,0
SITE0088,2026-04-17,5.800074266634821e-06,0,0,0
SITE0088,2026-04-18,7.711421073998717e-06,0,0,0
SITE0088,2026-04-19,5.758667212779495e-06,0,0,0
SITE0088,2026-04-20,8.109303970790102e-06,0,0,0
SITE0088,2026-04-21,1.5048068209264343e-05,0,0,0
SITE0088,2026-04-22,6.880522937612294e-06,0,0,0
SITE0088,2026-04-23,7.5818495824996246e-06,0,0,0
SITE0088,2026-04-24,6.524563456076565e-06,0,0,0
SITE0088,2026-04-25,6.024926238567189e-06,0,0,0
SITE0088,2026-04-26,6.5486764323703556e-06,0,0,0
SITE0088,2026-04-27,6.333280420383314e-06,0,0,0
SITE0088,2026-04-28,6.980431508345491e-06,0,0,0
SITE0088,2026-04-29,7.28181511735676e-06,0,0,0
SITE0088,2026-04-30,8.166119242009166e-06,0,0,0
SITE0088,2026-05-01,7.578171789750788e-06,0,0,0
SITE0088,2026-05-02,7.760941662268254e-06,0,0,0
SITE0088,2026-05-03,6.202637846519718e-06,0,0,0
SITE0088,2026-05-04,7.728401703575424e-06,0,0,0
SITE0088,2026-05-05,7.229955414098454e-06,0,0,0
SITE0088,2026-05-06,7.952438577369477e-06,0,0,0
SITE0088,2026-05-07,5.9790573613023695e-06,0,0,0
SITE0088,2026-05-08,6.1390182675299465e-06,0,0,0
SITE0088,2026-05-09,8.104564329433248e-06,0,0,0
SITE0088,2026-05-10,8.582242142325468e-06,0,0,0
SITE0088,2026-05-11,7.4039238099090745e-06,0,0,0
SITE0088,2026-05-12,7.872677431544171e-06,0,0,0
SITE0088,2026-05-13,8.36467756048673e-06,0,0,0
SITE0088,2026-05-14,8.49773913375824e-06,0,0,0
SITE0088,2026-05-15,6.994843435496939e-06,0,0,0
SITE0088,2026-05-16,6.947840271495586e-06,0,0,0
SITE0088,2026-05-17,7.685909560549565e-06,0,0,0
SITE0088,2026-05-18,6.671456901686047e-06,0,0,0
SITE0088,2026-05-19,1.2661752269536551e-05,0,0,0
SITE0088,2026-05-20,6.408349667334401e-06,0,0,0
SITE0088,2026-05-21,7.3620933908378995e-06,0,0,0
SITE0088,2026-05-22,6.547060394107552e-06,0,0,0
SITE0088,2026-05-23,5.986223686888095e-06,0,0,0
SITE0088,2026-05-24,6.200666136404258e-06,0,0,0
SITE0088,2026-05-25,6.893637276361788e-06,0,0,0
SITE0088,2026-05-26,6.825333201952884e-06,0,0,0
SITE0088,2026-05-27,6.8821416100902815e-06,0,0,0
SITE0088,2026-05-28,7.074651636547663e-06,0,0,0
SITE0088,2026-05-29,1.178011734515772e-05,0,0,0
SITE0088,2026-05-30,8.252161992064638e-06,0,0,0
SITE0088,2026-05-31,7.950391532081662e-06,0,0,0
SITE0088,2026-06-01,6.434252382545058e-06,0,0,0
SITE0088,2026-06-02,8.26074678920974e-06,0,0,0
SITE0088,2026-06-03,6.856156214349911e-06,0,0,0
SITE0088,2026-06-04,7.76199677727129e-06,0,0,0
SITE0088,2026-06-05,1.5160420855843168e-05,0,0,0
SITE0088,2026-06-06,8.064920038995806e-06,0,0,0
SITE0088,2026-06-07,1.4652950141145928e-05,0,0,0
SITE0088,2026-06-08,5.8401763399293385e-06,0,0,0
SITE0088,2026-06-09,6.149137818019052e-06,0,0,0
SITE0088,2026-06-10,7.556002011603422e-06,0,0,0
SITE0088,2026-06-11,7.497982377808808e-06,0,0,0
SITE0088,2026-06-12,6.09478358154593e-06,0,0,0
SITE0088,2026-06-13,7.946957053592196e-06,0,0,0
SITE0088,2026-06-14,7.81692112771225e-06,0,0,0
SITE0088,2026-06-15,7.28096781418405e-06,0,0,0
SITE0088,2026-06-16,7.765465075487288e-06,0,0,0
SITE0088,2026-06-17,6.190317774475195e-06,0,0,0
SITE0088,2026-06-18,5.8111081351003655e-06,0,0,0
SITE0088,2026-06-19,6.199453938734084e-06,0,0,0
SITE0088,2026-06-20,7.772190907992517e-06,0,0,0
SITE0088,2026-06-21,6.778450657015335e-06,0,0,0
SITE0088,2026-06-22,6.870958822938255e-06,0,0,0
SITE0088,2026-06-23,6.974630996162952e-06,0,0,0
SITE0088,2026-06-24,6.40160190403278e-06,0,0,0
SITE0088,2026-06-25,6.410652828706161e-06,0,0,0
SITE0088,2026-06-26,7.128590962458611e-06,0,0,0
SITE0088,2026-06-27,7.442053789421728e-06,0,0,0
SITE0088,2026-06-28,6.267082248862429e-06,0,0,0
SITE0088,2026-06-29,6.399411735591959e-06,0,0,0
SITE0089,2026-04-01,3.869808855451771e-05,0,0,0
SITE0089,2026-04-02,3.226589386776798e-05,0,0,0
SITE0089,2026-04-03,7.283934067543731e-06,0,0,0
SITE0089,2026-04-04,7.302901983413149e-06,0,0,0
SITE0089,2026-04-05,8.152672178599388e-06,0,0,0
SITE0089,2026-04-06,9.503126929207913e-06,0,0,0
SITE0089,2026-04-07,9.077250526571008e-06,0,0,0
SITE0089,2026-04-08,9.706092147117437e-06,0,0,0
SITE0089,2026-04-09,1.186652668843534e-05,0,0,0
SITE0089,2026-04-10,8.637665720411831e-06,0,0,0
SITE0089,2026-04-11,9.401193859359838e-06,0,0,0
SITE0089,2026-04-12,7.488801514430442e-06,0,0,0
SITE0089,2026-04-13,8.929347458744887e-06,0,0,0
SITE0089,2026-04-14,1.1098401879337339e-05,0,0,0
SITE0089,2026-04-15,1.0726673676378517e-05,0,0,0
SITE0089,2026-04-16,8.020418426469828e-06,0,0,0
SITE0089,2026-04-17,7.596603269464252e-06,0,0,0
SITE0089,2026-04-18,7.48718946232598e-06,0,0,0
SITE0089,2026-04-19,1.2320143036448146e-05,0,0,0
SITE0089,2026-04-20,1.3031273798020873e-05,0,0,0
SITE0089,2026-04-21,1.1480526032471874e-05,0,0,0
SITE0089,2026-04-22,1.2685683764033527e-05,0,0,0
SITE0089,2026-04-23,1.244895173540643e-05,0,0,0
SITE0089,2026-04-24,8.712067290517102e-06,0,0,0
SITE0089,2026-04-25,1.0147116884045174e-05,0,0,0
SITE0089,2026-04-26,9.301174245959813e-06,0,0,0
SITE0089,2026-04-27,8.223272792517175e-06,0,0,0
SITE0089,2026-04-28,7.894785634026162e-06,0,0,0
SITE0089,2026-04-29,7.096743093340544e-06,0,0,0
SITE0089,2026-04-30,8.098941977627417e-06,0,0,0
SITE0089,2026-05-01,7.82188268438345e-06,0,0,0
SITE0089,2026-05-02,9.579324566199821e-06,0,0,0
SITE0089,2026-05-03,9.682915139651153e-06,0,0,0
SITE0089,2026-05-04,8.755447438534323e-06,0,0,0
SITE0089,2026-05-05,7.68240676341422e-06,0,0,0
SITE0089,2026-05-06,7.637726099950944e-06,0,0,0
SITE0089,2026-05-07,1.188876939189508e-05,0,0,0
SITE0089,2026-05-08,1.1231775551122991e-05,0,0,0
SITE0089,2026-05-09,1.0127518102857872e-05,0,0,0
SITE0089,2026-05-10,8.490264650144708e-06,0,0,0
SITE0089,2026-05-11,7.11442085980976e-06,0,0,0
SITE0089,2026-05-12,1.0791554198275172e-05,0,0,0
SITE0089,2026-05-13,1.0003830242982073e-05,0,0,0
SITE0089,2026-05-14,9.362813831685905e-06,0,0,0
SITE0089,2026-05-15,8.579645736321863e-06,0,0,0
SITE0089,2026-05-16,8.622357094641352e-06,0,0,0
SITE0089,2026-05-17,9.839798341296078e-06,0,0,0
SITE0089,2026-05-18,9.620725352847033e-06,0,0,0
SITE0089,2026-05-19,8.756258074803207e-06,0,0,0
SITE0089,2026-05-20,7.564683331200615e-06,0,0,0
SITE0089,2026-05-21,6.315521446068938e-06,0,0,0
SITE0089,2026-05-22,8.53011295921905e-06,0,0,0
SITE0089,2026-05-23,8.498387443397635e-06,0,0,0
SITE0089,2026-05-24,8.014751733110234e-06,0,0,0
SITE0089,2026-05-25,8.517709244048765e-06,0,0,0
SITE0089,2026-05-26,7.871644348968379e-06,0,0,0
SITE0089,2026-05-27,1.1139845781872947e-05,0,0,0
SITE0089,2026-05-28,7.2818463037740605e-06,0,0,0
SITE0089,2026-05-29,6.7694581755091606e-06,0,0,0
SITE0089,2026-05-30,8.611669948291094e-06,0,0,0
SITE0089,2026-05-31,8.640492127075242e-06,0,0,0
SITE0089,2026-06-01,1.0353885502526036e-05,0,0,0
SITE0089,2026-06-02,9.99494896441717e-06,0,0,0
SITE0089,2026-06-03,8.693726713856963e-06,0,0,0
SITE0089,2026-06-04,7.694358912736165e-06,0,0,0
SITE0089,2026-06-05,1.058957040347718e-05,0,0,0
SITE0089,2026-06-06,1.0176024438795772e-05,0,0,0
SITE0089,2026-06-07,1.1577054594605213e-05,0,0,0
SITE0089,2026-06-08,9.570707802866027e-06,0,0,0
SITE0089,2026-06-09,9.119370714992146e-06,0,0,0
SITE0089,2026-06-10,8.54970608400361e-06,0,0,0
SITE0089,2026-06-11,1.1982873067531045e-05,0,0,0
SITE0089,2026-06-12,8.986376152309972e-06,0,0,0
SITE0089,2026-06-13,7.5423722611499435e-06,0,0,0
SITE0089,2026-06-14,8.052751735629046e-06,0,0,0
SITE0089,2026-06-15,8.935241989169624e-06,0,0,0
SITE0089,2026-06-16,8.846802726088274e-06,0,0,0
SITE0089,2026-06-17,9.510395120127769e-06,0,0,0
SITE0089,2026-06-18,1.1253742023761372e-05,0,0,0
SITE0089,2026-06-19,8.871480795479168e-06,0,0,0
SITE0089,2026-06-20,8.46853880113322e-06,0,0,0
SITE0089,2026-06-21,8.608049833557075e-06,0,0,0
SITE0089,2026-06-22,1.1476068188020734e-05,0,0,0
SITE0089,2026-06-23,9.651461811098415e-06,0,0,0
SITE0089,2026-06-24,6.816180135599402e-06,0,0,0
SITE0089,2026-06-25,7.851333524255641e-06,0,0,0
SITE0089,2026-06-26,8.637664731003311e-06,0,0,0
SITE0089,2026-06-27,1.0755411420894604e-05,0,0,0
SITE0089,2026-06-28,8.60858117221286e-06,0,0,0
SITE0089,2026-06-29,7.730234245677904e-06,0,0,0
SITE0090,2026-04-01,3.367556258939176e-05,0,0,0
SITE0090,2026-04-02,8.956260179718406e-06,0,0,0
SITE0090,2026-04-03,8.687347197566018e-06,0,0,0
SITE0090,2026-04-04,8.639612061807775e-06,0,0,0
SITE0090,2026-04-05,8.533867829172215e-06,0,0,0
SITE0090,2026-04-06,8.947174426624145e-06,0,0,0
SITE0090,2026-04-07,8.521068827146348e-06,0,0,0
SITE0090,2026-04-08,7.630867643675968e-06,0,0,0
SITE0090,2026-04-09,7.781209759035003e-06,0,0,0
SITE0090,2026-04-10,7.890163758188795e-06,0,0,0
SITE0090,2026-04-11,7.785176889351342e-06,0,0,0
SITE0090,2026-04-12,8.18293418341955e-06,0,0,0
SITE0090,2026-04-13,7.97013381382442e-06,0,0,0
SITE0090,2026-04-14,8.22699904760567e-06,0,0,0
SITE0090,2026-04-15,8.210104458005916e-06,0,0,0
SITE0090,2026-04-16,8.420665519697642e-06,0,0,0
SITE0090,2026-04-17,8.63736238283776e-06,0,0,0
SITE0090,2026-04-18,8.69479234181659e-06,0,0,0
SITE0090,2026-04-19,1.0041558540037205e-05,0,0,0
SITE0090,2026-04-20,8.472433483583084e-06,0,0,0
SITE0090,2026-04-21,7.990342206951098e-06,0,0,0
SITE0090,2026-04-22,8.456966301414532e-06,0,0,0
SITE0090,2026-04-23,8.606665941755252e-06,0,0,0
SITE0090,2026-04-24,8.923468638504306e-06,0,0,0
SITE0090,2026-04-25,8.398865138653167e-06,0,0,0
SITE0090,2026-04-26,8.440440435686895e-06,0,0,0
SITE0090,2026-04-27,8.590245958071293e-06,0,0,0
SITE0090,2026-04-28,8.46729280974398e-06,0,0,0
SITE0090,2026-04-29,8.40191812430439e-06,0,0,0
SITE0090,2026-04-30,8.640908445881324e-06,0,0,0
SITE0090,2026-05-01,8.177114209349793e-06,0,0,0
SITE0090,2026-05-02,8.898560437433229e-06,0,0,0
SITE0090,2026-05-03,8.75518137704452e-06,0,0,0
SITE0090,2026-05-04,8.354607199182353e-06,0,0,0
SITE0090,2026-05-05,8.012248349764033e-06,0,0,0
SITE0090,2026-05-06,8.263499699475077e-06,0,0,0
SITE0090,2026-05-07,8.272555774577505e-06,0,0,0
SITE0090,2026-05-08,8.03364369642753e-06,0,0,0
SITE0090,2026-05-09,7.39930268628147e-06,0,0,0
SITE0090,2026-05-10,7.620961464675016e-06,0,0,0
SITE0090,2026-05-11,8.021427303616488e-06,0,0,0
SITE0090,2026-05-12,7.972934161623552e-06,0,0,0
SITE0090,2026-05-13,8.854253552098512e-06,0,0,0
SITE0090,2026-05-14,8.903865550637798e-06,0,0,0
SITE0090,2026-05-15,8.76320500150837e-06,0,0,0
SITE0090,2026-05-16,9.049653671451309e-06,0,0,0
SITE0090,2026-05-17,8.786478257653219e-06,0,0,0
SITE0090,2026-05-18,9.598424550865457e-06,0,0,0
SITE0090,2026-05-19,9.012825014225762e-06,0,0,0
SITE0090,2026-05-20,8.815368348044865e-06,0,0,0
SITE0090,2026-05-21,8.26671907047005e-06,0,0,0
SITE0090,2026-05-22,8.830834020835521e-06,0,0,0
SITE0090,2026-05-23,7.885674832818918e-06,0,0,0
SITE0090,2026-05-24,8.899518090926667e-06,0,0,0
SITE0090,2026-05-25,8.178111254803388e-06,0,0,0
SITE0090,2026-05-26,2.06965595373555e-05,0,0,0
SITE0090,2026-05-27,9.000333105389338e-06,0,0,0
SITE0090,2026-05-28,8.821225491810038e-06,0,0,0
SITE0090,2026-05-29,8.421050229413344e-06,0,0,0
SITE0090,2026-05-30,9.004999302609247e-06,0,0,0
SITE0090,2026-05-31,9.005001989331593e-06,0,0,0
SITE0090,2026-06-01,9.160085869679308e-06,0,0,0
SITE0090,2026-06-02,9.533200282748407e-06,0,0,0
SITE0090,2026-06-03,8.979890289562287e-06,0,0,0
SITE0090,2026-06-04,9.514763358799182e-06,0,0,0
SITE0090,2026-06-05,9.261608881987954e-06,0,0,0
SITE0090,2026-06-06,9.485052942121014e-06,0,0,0
SITE0090,2026-06-07,9.487096774939495e-06,0,0,0
SITE0090,2026-06-08,9.09856076427684e-06,0,0,0
SITE0090,2026-06-09,8.248016612926202e-06,0,0,0
SITE0090,2026-06-10,7.970383451375673e-06,0,0,0
SITE0090,2026-06-11,7.973984054830535e-06,0,0,0
SITE0090,2026-06-12,8.175631422855495e-06,0,0,0
SITE0090,2026-06-13,8.42066689210037e-06,0,0,0
SITE0090,2026-06-14,8.420525400365493e-06,0,0,0
SITE0090,2026-06-15,8.24879311784383e-06,0,0,0
SITE0090,2026-06-16,8.215345307557594e-06,0,0,0
SITE0090,2026-06-17,8.158977903383865e-06,0,0,0
SITE0090,2026-06-18,8.331318504032522e-06,0,0,0
SITE0090,2026-06-19,8.22306233445596e-06,0,0,0
SITE0090,2026-06-20,8.175143899946474e-06,0,0,0
SITE0090,2026-06-21,8.222079630609263e-06,0,0,0
SITE0090,2026-06-22,8.638707077775795e-06,0,0,0
SITE0090,2026-06-23,8.419041774813374e-06,0,0,0
SITE0090,2026-06-24,8.686012765791558e-06,0,0,0
SITE0090,2026-06-25,8.588058611118095e-06,0,0,0
SITE0090,2026-06-26,7.551242813543766e-06,0,0,0
SITE0090,2026-06-27,7.973605628570272e-06,0,0,0
SITE0090,2026-06-28,8.208703431399436e-06,0,0,0
SITE0090,2026-06-29,8.209484563656282e-06,0,0,0
SITE0091,2026-04-01,8.506897695703857e-06,0,0,0
SITE0091,2026-04-02,9.008735175047388e-06,0,0,0
SITE0091,2026-04-03,9.22284250851173e-06,0,0,0
SITE0091,2026-04-04,1.1261837243453065e-05,0,0,0
SITE0091,2026-04-05,9.914070543373423e-06,0,0,0
SITE0091,2026-04-06,9.748999470386788e-06,0,0,0
SITE0091,2026-04-07,1.2356285902548489e-05,0,0,0
SITE0091,2026-04-08,1.662489869415149e-05,0,0,0
SITE0091,2026-04-09,8.608489890923498e-06,0,0,0
SITE0091,2026-04-10,9.680602999657777e-06,0,0,0
SITE0091,2026-04-11,8.155467300993434e-06,0,0,0
SITE0091,2026-04-12,1.1732823095373321e-05,0,0,0
SITE0091,2026-04-13,1.4815616013727163e-05,0,0,0
SITE0091,2026-04-14,8.972027792951878e-06,0,0,0
SITE0091,2026-04-15,8.592298554060434e-06,0,0,0
SITE0091,2026-04-16,9.56359083767985e-06,0,0,0
SITE0091,2026-04-17,1.3330843201848838e-05,0,0,0
SITE0091,2026-04-18,1.2271000944715809e-05,0,0,0
SITE0091,2026-04-19,1.0838820664405815e-05,0,0,0
SITE0091,2026-04-20,1.5676171521890627e-05,0,0,0
SITE0091,2026-04-21,8.995584621678553e-06,0,0,0
SITE0091,2026-04-22,8.912043448424226e-06,0,0,0
SITE0091,2026-04-23,1.0287845838775096e-05,0,0,0
SITE0091,2026-04-24,8.773887445957697e-06,0,0,0
SITE0091,2026-04-25,1.032225454684788e-05,0,0,0
SITE0091,2026-04-26,8.587018532544913e-06,0,0,0
SITE0091,2026-04-27,1.1950238271424983e-05,0,0,0
SITE0091,2026-04-28,8.074813601861612e-06,0,0,0
SITE0091,2026-04-29,8.283532504822379e-06,0,0,0
SITE0091,2026-04-30,9.514848024008744e-06,0,0,0
SITE0091,2026-05-01,1.4941423373223439e-05,0,0,0
SITE0091,2026-05-02,1.6783207886361373e-05,0,0,0
SITE0091,2026-05-03,1.3327513045869986e-05,0,0,0
SITE0091,2026-05-04,1.234390858046982e-05,0,0,0
SITE0091,2026-05-05,9.273653694453433e-06,0,0,0
SITE0091,2026-05-06,8.446151936114613e-06,0,0,0
SITE0091,2026-05-07,9.093251844005822e-06,0,0,0
SITE0091,2026-05-08,9.219460863729745e-06,0,0,0
SITE0091,2026-05-09,8.72655539712986e-06,0,0,0
SITE0091,2026-05-10,1.1546878641271193e-05,0,0,0
SITE0091,2026-05-11,8.808308988230885e-06,0,0,0
SITE0091,2026-05-12,1.2951959365017558e-05,0,0,0
SITE0091,2026-05-13,1.3635537639685224e-05,0,0,0
SITE0091,2026-05-14,1.2300971990513143e-05,0,0,0
SITE0091,2026-05-15,1.0131647805962342e-05,0,0,0
SITE0091,2026-05-16,9.497365760784479e-06,0,0,0
SITE0091,2026-05-17,1.0293542172004777e-05,0,0,0
SITE0091,2026-05-18,8.160693543989387e-06,0,0,0
SITE0091,2026-05-19,8.170439018732458e-06,0,0,0
SITE0091,2026-05-20,1.000427516477712e-05,0,0,0
SITE0091,2026-05-21,1.3237105546507581e-05,0,0,0
SITE0091,2026-05-22,1.0083556648041717e-05,0,0,0
SITE0091,2026-05-23,9.87629614689302e-06,0,0,0
SITE0091,2026-05-24,7.686137192320784e-06,0,0,0
SITE0091,2026-05-25,9.180926614759791e-06,0,0,0
SITE0091,2026-05-26,1.248840886802048e-05,0,0,0
SITE0091,2026-05-27,1.0399004565597639e-05,0,0,0
SITE0091,2026-05-28,1.812558130830122e-05,0,0,0
SITE0091,2026-05-29,9.717675047799093e-06,0,0,0
SITE0091,2026-05-30,1.276561614145811e-05,0,0,0
SITE0091,2026-05-31,1.051368533477218e-05,0,0,0
SITE0091,2026-06-01,1.1283602493638847e-05,0,0,0
SITE0091,2026-06-02,1.1794639973667858e-05,0,0,0
SITE0091,2026-06-03,1.0287231991041301e-05,0,0,0
SITE0091,2026-06-04,1.2887585286658623e-05,0,0,0
SITE0091,2026-06-05,1.1612513247139321e-05,0,0,0
SITE0091,2026-06-06,1.129151402276275e-05,0,0,0
SITE0091,2026-06-07,9.573099845453216e-06,0,0,0
SITE0091,2026-06-08,1.0393016004830194e-05,0,0,0
SITE0091,2026-06-09,8.169438411111355e-06,0,0,0
SITE0091,2026-06-10,8.740316060688093e-06,0,0,0
SITE0091,2026-06-11,1.2447632407953253e-05,0,0,0
SITE0091,2026-06-12,8.628590423823449e-06,0,0,0
SITE0091,2026-06-13,7.860796299270501e-06,0,0,0
SITE0091,2026-06-14,8.052076156181876e-06,0,0,0
SITE0091,2026-06-15,8.460360492631164e-06,0,0,0
SITE0091,2026-06-16,8.444195462935145e-06,0,0,0
SITE0091,2026-06-17,8.030225882393828e-06,0,0,0
SITE0091,2026-06-18,1.1811902742636297e-05,0,0,0
SITE0091,2026-06-19,9.123925084071189e-06,0,0,0
SITE0091,2026-06-20,8.871040941972889e-06,0,0,0
SITE0091,2026-06-21,8.903564124007454e-06,0,0,0
SITE0091,2026-06-22,1.1239862013280292e-05,0,0,0
SITE0091,2026-06-23,9.945482439408962e-06,0,0,0
SITE0091,2026-06-24,9.155167588873493e-06,0,0,0
SITE0091,2026-06-25,1.1027975657293676e-05,0,0,0
SITE0091,2026-06-26,1.0631439413655243e-05,0,0,0
SITE0091,2026-06-27,1.1059732335036534e-05,0,0,0
SITE0091,2026-06-28,9.777506821874919e-06,0,0,0
SITE0091,2026-06-29,1.0738403831424553e-05,0,0,0
SITE0092,2026-04-01,7.487725643277988e-06,0,0,0
SITE0092,2026-04-02,9.060191851815894e-06,0,0,0
SITE0092,2026-04-03,7.698182292465643e-06,0,0,0
SITE0092,2026-04-04,8.026080940967901e-06,0,0,0
SITE0092,2026-04-05,5.388736644082304e-06,0,0,0
SITE0092,2026-04-06,7.955245819592455e-06,0,0,0
SITE0092,2026-04-07,6.279139620527054e-06,0,0,0
SITE0092,2026-04-08,6.250176813237079e-06,0,0,0
SITE0092,2026-04-09,6.6024863390599526e-06,0,0,0
SITE0092,2026-04-10,9.086219538635376e-06,0,0,0
SITE0092,2026-04-11,7.857497671680536e-06,0,0,0
SITE0092,2026-04-12,7.801179115188863e-06,0,0,0
SITE0092,2026-04-13,7.898685861474136e-06,0,0,0
SITE0092,2026-04-14,6.2281338471060885e-06,0,0,0
SITE0092,2026-04-15,6.960412646167771e-06,0,0,0
SITE0092,2026-04-16,8.841202776087597e-06,0,0,0
SITE0092,2026-04-17,7.800315399773323e-06,0,0,0
SITE0092,2026-04-18,1.1123156849102276e-05,0,0,0
SITE0092,2026-04-19,7.059563666827613e-06,0,0,0
SITE0092,2026-04-20,7.826008688136476e-06,0,0,0
SITE0092,2026-04-21,6.377641958679737e-06,0,0,0
SITE0092,2026-04-22,7.096476801692372e-06,0,0,0
SITE0092,2026-04-23,1.049608050641124e-05,0,0,0
SITE0092,2026-04-24,7.500428409912046e-06,0,0,0
SITE0092,2026-04-25,7.077707238139408e-06,0,0,0
SITE0092,2026-04-26,6.622626949074301e-06,0,0,0
SITE0092,2026-04-27,7.425525742672966e-06,0,0,0
SITE0092,2026-04-28,5.861422581568603e-06,0,0,0
SITE0092,2026-04-29,6.7548110186957995e-06,0,0,0
SITE0092,2026-04-30,6.55563195104057e-06,0,0,0
SITE0092,2026-05-01,6.594222755667551e-06,0,0,0
SITE0092,2026-05-02,9.658442923357077e-06,0,0,0
SITE0092,2026-05-03,1.0337870543001914e-05,0,0,0
SITE0092,2026-05-04,9.612053594488482e-06,0,0,0
SITE0092,2026-05-05,7.755099782977074e-06,0,0,0
SITE0092,2026-05-06,6.006502762598999e-06,0,0,0
SITE0092,2026-05-07,5.519972564741246e-06,0,0,0
SITE0092,2026-05-08,6.110290429426387e-06,0,0,0
SITE0092,2026-05-09,1.2409426195249247e-05,0,0,0
SITE0092,2026-05-10,7.750754734051234e-06,0,0,0
SITE0092,2026-05-11,1.1885088295518697e-05,0,0,0
SITE0092,2026-05-12,9.407830973365555e-06,0,0,0
SITE0092,2026-05-13,9.438297673690629e-06,0,0,0
SITE0092,2026-05-14,6.534634677620483e-06,0,0,0
SITE0092,2026-05-15,6.578126460965613e-06,0,0,0
SITE0092,2026-05-16,5.847800325406757e-06,0,0,0
SITE0092,2026-05-17,9.354648094727838e-06,0,0,0
SITE0092,2026-05-18,7.929026901605983e-06,0,0,0
SITE0092,2026-05-19,8.919749316223387e-06,0,0,0
SITE0092,2026-05-20,1.1994217018201946e-05,0,0,0
SITE0092,2026-05-21,9.30037570290266e-06,0,0,0
SITE0092,2026-05-22,6.8282841788641366e-06,0,0,0
SITE0092,2026-05-23,7.130049855245709e-06,0,0,0
SITE0092,2026-05-24,5.741566550827599e-06,0,0,0
SITE0092,2026-05-25,1.0321781186822767e-05,0,0,0
SITE0092,2026-05-26,7.128796088388391e-06,0,0,0
SITE0092,2026-05-27,6.5279747826088085e-06,0,0,0
SITE0092,2026-05-28,6.119355804379357e-06,0,0,0
SITE0092,2026-05-29,1.2201701619503872e-05,0,0,0
SITE0092,2026-05-30,1.3395182809766756e-05,0,0,0
SITE0092,2026-05-31,7.901825673088626e-06,0,0,0
SITE0092,2026-06-01,7.24707489090203e-06,0,0,0
SITE0092,2026-06-02,7.884129011959682e-06,0,0,0
SITE0092,2026-06-03,7.575350558715979e-06,0,0,0
SITE0092,2026-06-04,6.02093927918019e-06,0,0,0
SITE0092,2026-06-05,7.4282836815196285e-06,0,0,0
SITE0092,2026-06-06,7.052856724789407e-06,0,0,0
SITE0092,2026-06-07,8.54597581874568e-06,0,0,0
SITE0092,2026-06-08,9.642378212041015e-06,0,0,0
SITE0092,2026-06-09,8.751459249876172e-06,0,0,0
SITE0092,2026-06-10,8.039693970695996e-06,0,0,0
SITE0092,2026-06-11,5.440684578273595e-06,0,0,0
SITE0092,2026-06-12,6.1093150510220124e-06,0,0,0
SITE0092,2026-06-13,9.049525481245754e-06,0,0,0
SITE0092,2026-06-14,7.583615005923875e-06,0,0,0
SITE0092,2026-06-15,6.712929096384616e-06,0,0,0
SITE0092,2026-06-16,8.935359680728693e-06,0,0,0
SITE0092,2026-06-17,7.426334725985954e-06,0,0,0
SITE0092,2026-06-18,9.540562124448402e-06,0,0,0
SITE0092,2026-06-19,7.251893123227049e-06,0,0,0
SITE0092,2026-06-20,7.888141198922896e-06,0,0,0
SITE0092,2026-06-21,7.84503410194044e-06,0,0,0
SITE0092,2026-06-22,1.3379097571631362e-05,0,0,0
SITE0092,2026-06-23,1.0271915368203948e-05,0,0,0
SITE0092,2026-06-24,8.498698303944642e-06,0,0,0
SITE0092,2026-06-25,8.019852193095016e-06,0,0,0
SITE0092,2026-06-26,6.267645666742536e-06,0,0,0
SITE0092,2026-06-27,7.647061127773113e-06,0,0,0
SITE0092,2026-06-28,5.9467626947910245e-06,0,0,0
SITE0092,2026-06-29,9.747934098700938e-06,0,0,0
SITE0093,2026-04-01,9.374720218680017e-06,0,0,0
SITE0093,2026-04-02,8.789479924051033e-06,0,0,0
SITE0093,2026-04-03,7.142191189476678e-06,0,0,0
SITE0093,2026-04-04,7.57913866960449e-06,0,0,0
SITE0093,2026-04-05,8.333819641314296e-06,0,0,0
SITE0093,2026-04-06,7.196745628159786e-06,0,0,0
SITE0093,2026-04-07,6.545942007376095e-06,0,0,0
SITE0093,2026-04-08,7.4362723201182736e-06,0,0,0
SITE0093,2026-04-09,9.181245610248367e-06,0,0,0
SITE0093,2026-04-10,8.611755343503212e-06,0,0,0
SITE0093,2026-04-11,8.611754677820374e-06,0,0,0
SITE0093,2026-04-12,9.270386050125957e-06,0,0,0
SITE0093,2026-04-13,9.32872578825837e-06,0,0,0
SITE0093,2026-04-14,9.633197493684232e-06,0,0,0
SITE0093,2026-04-15,7.501017657999295e-06,0,0,0
SITE0093,2026-04-16,7.450955520186921e-06,0,0,0
SITE0093,2026-04-17,7.138423150744381e-06,0,0,0
SITE0093,2026-04-18,1.4124032901918056e-05,0,0,0
SITE0093,2026-04-19,6.2375510143408196e-06,0,0,0
SITE0093,2026-04-20,6.451878065803964e-06,0,0,0
SITE0093,2026-04-21,6.9763669868686875e-06,0,0,0
SITE0093,2026-04-22,8.674522851049733e-06,0,0,0
SITE0093,2026-04-23,1.0516682279227321e-05,0,0,0
SITE0093,2026-04-24,9.426157018531931e-06,0,0,0
SITE0093,2026-04-25,9.466251271587346e-06,0,0,0
SITE0093,2026-04-26,9.173651350464816e-06,0,0,0
SITE0093,2026-04-27,8.676569691040129e-06,0,0,0
SITE0093,2026-04-28,1.0883669443336258e-05,0,0,0
SITE0093,2026-04-29,8.620167683897235e-06,0,0,0
SITE0093,2026-04-30,8.092642142810425e-06,0,0,0
SITE0093,2026-05-01,8.611055978552498e-06,0,0,0
SITE0093,2026-05-02,8.210842892912938e-06,0,0,0
SITE0093,2026-05-03,6.503789587247594e-06,0,0,0
SITE0093,2026-05-04,7.211294119065961e-06,0,0,0
SITE0093,2026-05-05,6.599317626295432e-06,0,0,0
SITE0093,2026-05-06,6.849564358786854e-06,0,0,0
SITE0093,2026-05-07,7.349598416315453e-06,0,0,0
SITE0093,2026-05-08,7.3999395091422365e-06,0,0,0
SITE0093,2026-05-09,7.4029001448479185e-06,0,0,0
SITE0093,2026-05-10,1.1104392141955476e-05,0,0,0
SITE0093,2026-05-11,8.736801152791894e-06,0,0,0
SITE0093,2026-05-12,7.360711234247123e-06,0,0,0
SITE0093,2026-05-13,6.28211199528172e-06,0,0,0
SITE0093,2026-05-14,6.68793766503444e-06,0,0,0
SITE0093,2026-05-15,7.500139494561116e-06,0,0,0
SITE0093,2026-05-16,7.1124783114704225e-06,0,0,0
SITE0093,2026-05-17,6.232457145529468e-06,0,0,0
SITE0093,2026-05-18,7.341644325964305e-06,0,0,0
SITE0093,2026-05-19,7.013176631398088e-06,0,0,0
SITE0093,2026-05-20,1.717846954178627e-05,0,0,0
SITE0093,2026-05-21,8.644146618821975e-06,0,0,0
SITE0093,2026-05-22,7.863220399138865e-06,0,0,0
SITE0093,2026-05-23,9.145040310455123e-06,0,0,0
SITE0093,2026-05-24,8.506412423138109e-06,0,0,0
SITE0093,2026-05-25,6.514793479651794e-06,0,0,0
SITE0093,2026-05-26,6.433678294518535e-06,0,0,0
SITE0093,2026-05-27,7.435341359045261e-06,0,0,0
SITE0093,2026-05-28,7.859014223265649e-06,0,0,0
SITE0093,2026-05-29,8.03227587341608e-06,0,0,0
SITE0093,2026-05-30,7.142190287191807e-06,0,0,0
SITE0093,2026-05-31,7.143134698821052e-06,0,0,0
SITE0093,2026-06-01,7.195843200745289e-06,0,0,0
SITE0093,2026-06-02,7.196739535586997e-06,0,0,0
SITE0093,2026-06-03,7.450041358738784e-06,0,0,0
SITE0093,2026-06-04,7.2148269832642456e-06,0,0,0
SITE0093,2026-06-05,7.321545248295892e-06,0,0,0
SITE0093,2026-06-06,6.667445319301158e-06,0,0,0
SITE0093,2026-06-07,1.4283569441097728e-05,0,0,0
SITE0093,2026-06-08,8.379837524150137e-06,0,0,0
SITE0093,2026-06-09,8.262165435193795e-06,0,0,0
SITE0093,2026-06-10,8.676563686103787e-06,0,0,0
SITE0093,2026-06-11,8.98365207553593e-06,0,0,0
SITE0093,2026-06-12,7.99238398736441e-06,0,0,0
SITE0093,2026-06-13,8.880331138353974e-06,0,0,0
SITE0093,2026-06-14,7.74793286770398e-06,0,0,0
SITE0093,2026-06-15,7.576926647936236e-06,0,0,0
SITE0093,2026-06-16,8.495499843826286e-06,0,0,0
SITE0093,2026-06-17,6.451873730513547e-06,0,0,0
SITE0093,2026-06-18,7.342915564960166e-06,0,0,0
SITE0093,2026-06-19,6.519617955823839e-06,0,0,0
SITE0093,2026-06-20,6.035500331751392e-06,0,0,0
SITE0093,2026-06-21,6.79345812038945e-06,0,0,0
SITE0093,2026-06-22,9.571137624418359e-06,0,0,0
SITE0093,2026-06-23,8.68668163963076e-06,0,0,0
SITE0093,2026-06-24,8.809325681510545e-06,0,0,0
SITE0093,2026-06-25,7.663036974309617e-06,0,0,0
SITE0093,2026-06-26,7.14219153028005e-06,0,0,0
SITE0093,2026-06-27,8.440958964659938e-06,0,0,0
SITE0093,2026-06-28,7.139512856242307e-06,0,0,0
SITE0093,2026-06-29,9.009305802721629e-06,0,0,0
SITE0094,2026-04-01,6.849769789473391e-05,0,0,0
SITE0094,2026-04-02,1.3393986814261408e-05,0,0,0
SITE0094,2026-04-03,1.6824008872516708e-05,0,0,0
SITE0094,2026-04-04,1.5780276025292905e-05,0,0,0
SITE0094,2026-04-05,1.5138623339965282e-05,0,0,0
SITE0094,2026-04-06,1.9861839556892206e-05,0,0,0
SITE0094,2026-04-07,1.6520555601333178e-05,0,0,0
SITE0094,2026-04-08,1.7639291743368835e-05,0,0,0
SITE0094,2026-04-09,1.596882918306828e-05,0,0,0
SITE0094,2026-04-10,1.842617886994662e-05,0,0,0
SITE0094,2026-04-11,1.5768615784895655e-05,0,0,0
SITE0094,2026-04-12,1.577522361136626e-05,0,0,0
SITE0094,2026-04-13,1.4759502455564211e-05,0,0,0
SITE0094,2026-04-14,1.3828261042780821e-05,0,0,0
SITE0094,2026-04-15,2.3432001999366396e-05,0,0,0
SITE0094,2026-04-16,1.786538147778951e-05,0,0,0
SITE0094,2026-04-17,1.5388761918196597e-05,0,0,0
SITE0094,2026-04-18,2.8650929900462125e-05,0,0,0
SITE0094,2026-04-19,1.4213297011650823e-05,0,0,0
SITE0094,2026-04-20,1.4440872772169063e-05,0,0,0
SITE0094,2026-04-21,1.3927236295939115e-05,0,0,0
SITE0094,2026-04-22,1.4637592812946412e-05,0,0,0
SITE0094,2026-04-23,1.682316014299878e-05,0,0,0
SITE0094,2026-04-24,1.6645844312993954e-05,0,0,0
SITE0094,2026-04-25,1.765979609293838e-05,0,0,0
SITE0094,2026-04-26,1.4799973509437145e-05,0,0,0
SITE0094,2026-04-27,2.592479326920756e-05,0,0,0
SITE0094,2026-04-28,1.2937533748676884e-05,0,0,0
SITE0094,2026-04-29,1.105395607716301e-05,0,0,0
SITE0094,2026-04-30,1.3512255317609443e-05,0,0,0
SITE0094,2026-05-01,1.602692622816009e-05,0,0,0
SITE0094,2026-05-02,2.077327216296898e-05,0,0,0
SITE0094,2026-05-03,1.3334226399488132e-05,0,0,0
SITE0094,2026-05-04,1.6120979917054433e-05,0,0,0
SITE0094,2026-05-05,1.678671511840744e-05,0,0,0
SITE0094,2026-05-06,1.702623377253545e-05,0,0,0
SITE0094,2026-05-07,1.3054521481948472e-05,0,0,0
SITE0094,2026-05-08,1.6806655693677483e-05,0,0,0
SITE0094,2026-05-09,1.4632435261398543e-05,0,0,0
SITE0094,2026-05-10,1.587551361488022e-05,0,0,0
SITE0094,2026-05-11,1.6811328766074933e-05,0,0,0
SITE0094,2026-05-12,1.676794966606364e-05,0,0,0
SITE0094,2026-05-13,1.93777133935725e-05,0,0,0
SITE0094,2026-05-14,1.5933163186150866e-05,0,0,0
SITE0094,2026-05-15,2.370042997106235e-05,0,0,0
SITE0094,2026-05-16,1.610095829448506e-05,0,0,0
SITE0094,2026-05-17,1.4673637311112568e-05,0,0,0
SITE0094,2026-05-18,1.4946316230082045e-05,0,0,0
SITE0094,2026-05-19,1.5920162729795845e-05,0,0,0
SITE0094,2026-05-20,1.5362726677515978e-05,0,0,0
SITE0094,2026-05-21,1.8267203036256793e-05,0,0,0
SITE0094,2026-05-22,1.614430439647705e-05,0,0,0
SITE0094,2026-05-23,1.7164345422668998e-05,0,0,0
SITE0094,2026-05-24,1.6072715950901755e-05,0,0,0
SITE0094,2026-05-25,1.5387572925452374e-05,0,0,0
SITE0094,2026-05-26,1.9437290132000087e-05,0,0,0
SITE0094,2026-05-27,1.7539037139008146e-05,0,0,0
SITE0094,2026-05-28,1.4210349334709266e-05,0,0,0
SITE0094,2026-05-29,1.4671821723972953e-05,0,0,0
SITE0094,2026-05-30,1.4536002886754645e-05,0,0,0
SITE0094,2026-05-31,1.7476561220147032e-05,0,0,0
SITE0094,2026-06-01,1.6571410591434046e-05,0,0,0
SITE0094,2026-06-02,1.8061468475593268e-05,0,0,0
SITE0094,2026-06-03,1.5179499207478542e-05,0,0,0
SITE0094,2026-06-04,1.4899851230936642e-05,0,0,0
SITE0094,2026-06-05,1.614540970913231e-05,0,0,0
SITE0094,2026-06-06,1.4460505772608542e-05,0,0,0
SITE0094,2026-06-07,1.5522862774592924e-05,0,0,0
SITE0094,2026-06-08,1.538064255645259e-05,0,0,0
SITE0094,2026-06-09,1.802807667246202e-05,0,0,0
SITE0094,2026-06-10,1.8680907179936685e-05,0,0,0
SITE0094,2026-06-11,1.461510880891583e-05,0,0,0
SITE0094,2026-06-12,1.5091979012361495e-05,0,0,0
SITE0094,2026-06-13,1.2921401637879898e-05,0,0,0
SITE0094,2026-06-14,2.4707389764645546e-05,0,0,0
SITE0094,2026-06-15,1.912415959470695e-05,0,0,0
SITE0094,2026-06-16,1.570153847353453e-05,0,0,0
SITE0094,2026-06-17,1.3854388432625394e-05,0,0,0
SITE0094,2026-06-18,1.559440767665408e-05,0,0,0
SITE0094,2026-06-19,1.601621418362396e-05,0,0,0
SITE0094,2026-06-20,1.5595396819613873e-05,0,0,0
SITE0094,2026-06-21,1.4220556394126592e-05,0,0,0
SITE0094,2026-06-22,1.9058835374339516e-05,0,0,0
SITE0094,2026-06-23,1.4810524062037287e-05,0,0,0
SITE0094,2026-06-24,1.83854645806899e-05,0,0,0
SITE0094,2026-06-25,1.2870080120119129e-05,0,0,0
SITE0094,2026-06-26,1.2276867236980856e-05,0,0,0
SITE0094,2026-06-27,1.2868521800763133e-05,0,0,0
SITE0094,2026-06-28,1.6462658961463964e-05,0,0,0
SITE0094,2026-06-29,1.7250471193397376e-05,0,0,0
SITE0095,2026-04-01,8.336499663877791e-06,0,0,0
SITE0095,2026-04-02,8.536219123804846e-06,0,0,0
SITE0095,2026-04-03,8.538744087008292e-06,0,0,0
SITE0095,2026-04-04,8.53753830229949e-06,0,0,0
SITE0095,2026-04-05,8.524394022505399e-06,0,0,0
SITE0095,2026-04-06,8.702319166857544e-06,0,0,0
SITE0095,2026-04-07,8.577981313796413e-06,0,0,0
SITE0095,2026-04-08,8.956796797400182e-06,0,0,0
SITE0095,2026-04-09,8.450531444104251e-06,0,0,0
SITE0095,2026-04-10,8.716207213340549e-06,0,0,0
SITE0095,2026-04-11,8.661129034662896e-06,0,0,0
SITE0095,2026-04-12,7.793803470024149e-06,0,0,0
SITE0095,2026-04-13,8.709478932970969e-06,0,0,0
SITE0095,2026-04-14,8.661129245810449e-06,0,0,0
SITE0095,2026-04-15,8.916417077569619e-06,0,0,0
SITE0095,2026-04-16,1.0120498521010266e-05,0,0,0
SITE0095,2026-04-17,8.709480571599702e-06,0,0,0
SITE0095,2026-04-18,8.497165715467089e-06,0,0,0
SITE0095,2026-04-19,8.81572944857927e-06,0,0,0
SITE0095,2026-04-20,1.059031749270283e-05,0,0,0
SITE0095,2026-04-21,9.09167693988569e-06,0,0,0
SITE0095,2026-04-22,9.14249802029645e-06,0,0,0
SITE0095,2026-04-23,9.101524767981226e-06,0,0,0
SITE0095,2026-04-24,9.63456154424274e-06,0,0,0
SITE0095,2026-04-25,9.357863922334586e-06,0,0,0
SITE0095,2026-04-26,8.919606333747153e-06,0,0,0
SITE0095,2026-04-27,9.028002837164139e-06,0,0,0
SITE0095,2026-04-28,9.127671797111124e-06,0,0,0
SITE0095,2026-04-29,9.142498260236655e-06,0,0,0
SITE0095,2026-04-30,9.324892975082707e-06,0,0,0
SITE0095,2026-05-01,9.142496670711694e-06,0,0,0
SITE0095,2026-05-02,9.822949752801272e-06,0,0,0
SITE0095,2026-05-03,8.736926831889113e-06,0,0,0
SITE0095,2026-05-04,8.282660304000293e-06,0,0,0
SITE0095,2026-05-05,7.931813641513674e-06,0,0,0
SITE0095,2026-05-06,8.13355135906253e-06,0,0,0
SITE0095,2026-05-07,8.58641368148225e-06,0,0,0
SITE0095,2026-05-08,8.536219224560206e-06,0,0,0
SITE0095,2026-05-09,9.008163359420081e-06,0,0,0
SITE0095,2026-05-10,7.894629705750859e-06,0,0,0
SITE0095,2026-05-11,8.593485435756644e-06,0,0,0
SITE0095,2026-05-12,8.427881158031016e-06,0,0,0
SITE0095,2026-05-13,8.711518865272655e-06,0,0,0
SITE0095,2026-05-14,8.497649389833763e-06,0,0,0
SITE0095,2026-05-15,8.661127941717153e-06,0,0,0
SITE0095,2026-05-16,8.914378085091302e-06,0,0,0
SITE0095,2026-05-17,9.177622148806438e-06,0,0,0
SITE0095,2026-05-18,9.414828197464346e-06,0,0,0
SITE0095,2026-05-19,8.917198814281474e-06,0,0,0
SITE0095,2026-05-20,8.702322848797308e-06,0,0,0
SITE0095,2026-05-21,8.344986922252438e-06,0,0,0
SITE0095,2026-05-22,8.661126570853247e-06,0,0,0
SITE0095,2026-05-23,8.917191212248476e-06,0,0,0
SITE0095,2026-05-24,8.551029853320597e-06,0,0,0
SITE0095,2026-05-25,8.366881813876899e-06,0,0,0
SITE0095,2026-05-26,8.126880214596326e-06,0,0,0
SITE0095,2026-05-27,7.92115965201211e-06,0,0,0
SITE0095,2026-05-28,7.887901461560437e-06,0,0,0
SITE0095,2026-05-29,8.364063257220737e-06,0,0,0
SITE0095,2026-05-30,8.326551645653188e-06,0,0,0
SITE0095,2026-05-31,8.327328116704812e-06,0,0,0
SITE0095,2026-06-01,8.133551377762319e-06,0,0,0
SITE0095,2026-06-02,8.385533546936172e-06,0,0,0
SITE0095,2026-06-03,7.892512820436552e-06,0,0,0
SITE0095,2026-06-04,8.133539486003994e-06,0,0,0
SITE0095,2026-06-05,7.4459175599513146e-06,0,0,0
SITE0095,2026-06-06,8.677662595019428e-06,0,0,0
SITE0095,2026-06-07,9.234232925667615e-06,0,0,0
SITE0095,2026-06-08,9.069982275480727e-06,0,0,0
SITE0095,2026-06-09,9.037511257118579e-06,0,0,0
SITE0095,2026-06-10,8.924505550867907e-06,0,0,0
SITE0095,2026-06-11,9.367375908077346e-06,0,0,0
SITE0095,2026-06-12,8.85112546908136e-06,0,0,0
SITE0095,2026-06-13,8.46250806670441e-06,0,0,0
SITE0095,2026-06-14,8.932610669745598e-06,0,0,0
SITE0095,2026-06-15,1.2431193667956441e-05,0,0,0
SITE0095,2026-06-16,9.142498352187343e-06,0,0,0
SITE0095,2026-06-17,9.357865344265679e-06,0,0,0
SITE0095,2026-06-18,9.091674093844273e-06,0,0,0
SITE0095,2026-06-19,9.142498665253597e-06,0,0,0
SITE0095,2026-06-20,8.870085404585762e-06,0,0,0
SITE0095,2026-06-21,8.587050799498835e-06,0,0,0
SITE0095,2026-06-22,8.634977547881508e-06,0,0,0
SITE0095,2026-06-23,8.637015264449422e-06,0,0,0
SITE0095,2026-06-24,8.759429338498503e-06,0,0,0
SITE0095,2026-06-25,8.662605631865287e-06,0,0,0
SITE0095,2026-06-26,8.621626344633574e-06,0,0,0
SITE0095,2026-06-27,8.836706506201649e-06,0,0,0
SITE0095,2026-06-28,9.3298890426857e-06,0,0,0
SITE0095,2026-06-29,9.41329149247952e-06,0,0,0
SITE0096,2026-04-01,8.93638304012913e-06,0,0,0
SITE0096,2026-04-02,9.142631255204138e-06,0,0,0
SITE0096,2026-04-03,8.893348596059829e-06,0,0,0
SITE0096,2026-04-04,9.129544458888734e-06,0,0,0
SITE0096,2026-04-05,9.428581389889614e-06,0,0,0
SITE0096,2026-04-06,1.4942172480823488e-05,0,0,0
SITE0096,2026-04-07,8.97341492575092e-06,0,0,0
SITE0096,2026-04-08,9.679960637715286e-06,0,0,0
SITE0096,2026-04-09,9.131516056616395e-06,0,0,0
SITE0096,2026-04-10,9.030755701472394e-06,0,0,0
SITE0096,2026-04-11,8.641075393483427e-06,0,0,0
SITE0096,2026-04-12,8.684214592791355e-06,0,0,0
SITE0096,2026-04-13,9.307964651749015e-06,0,0,0
SITE0096,2026-04-14,1.3476899096940988e-05,0,0,0
SITE0096,2026-04-15,1.0457477301984083e-05,0,0,0
SITE0096,2026-04-16,1.9249862392460996e-05,0,0,0
SITE0096,2026-04-17,8.59632212866821e-06,0,0,0
SITE0096,2026-04-18,1.2838491427757994e-05,0,0,0
SITE0096,2026-04-19,9.915232464284007e-06,0,0,0
SITE0096,2026-04-20,1.1558508724461715e-05,0,0,0
SITE0096,2026-04-21,9.173347028117456e-06,0,0,0
SITE0096,2026-04-22,8.333030060904867e-06,0,0,0
SITE0096,2026-04-23,8.0864259798248e-06,0,0,0
SITE0096,2026-04-24,9.592906388960884e-06,0,0,0
SITE0096,2026-04-25,8.910313453843029e-06,0,0,0
SITE0096,2026-04-26,1.0988929484172816e-05,0,0,0
SITE0096,2026-04-27,9.935632415699985e-06,0,0,0
SITE0096,2026-04-28,1.0622526546722476e-05,0,0,0
SITE0096,2026-04-29,9.22691565438001e-06,0,0,0
SITE0096,2026-04-30,1.0284195743487815e-05,0,0,0
SITE0096,2026-05-01,8.577949460947253e-06,0,0,0
SITE0096,2026-05-02,9.344860564853047e-06,0,0,0
SITE0096,2026-05-03,8.837840072535956e-06,0,0,0
SITE0096,2026-05-04,1.0073461568399492e-05,0,0,0
SITE0096,2026-05-05,1.4373527681714282e-05,0,0,0
SITE0096,2026-05-06,1.5269045065733804e-05,0,0,0
SITE0096,2026-05-07,1.1804485941140704e-05,0,0,0
SITE0096,2026-05-08,8.72781965783755e-06,0,0,0
SITE0096,2026-05-09,1.2828883454814148e-05,0,0,0
SITE0096,2026-05-10,1.1951646642645962e-05,0,0,0
SITE0096,2026-05-11,1.5156333287908313e-05,0,0,0
SITE0096,2026-05-12,1.5826557885692176e-05,0,0,0
SITE0096,2026-05-13,1.244366820107756e-05,0,0,0
SITE0096,2026-05-14,1.2073664082960598e-05,0,0,0
SITE0096,2026-05-15,9.005741702376169e-06,0,0,0
SITE0096,2026-05-16,1.159340417040655e-05,0,0,0
SITE0096,2026-05-17,1.16418975258049e-05,0,0,0
SITE0096,2026-05-18,8.865704727733376e-06,0,0,0
SITE0096,2026-05-19,9.20377394862801e-06,0,0,0
SITE0096,2026-05-20,9.328943862970649e-06,0,0,0
SITE0096,2026-05-21,1.5478609025141987e-05,0,0,0
SITE0096,2026-05-22,8.498875413588713e-06,0,0,0
SITE0096,2026-05-23,9.911810070900332e-06,0,0,0
SITE0096,2026-05-24,8.709158750598649e-06,0,0,0
SITE0096,2026-05-25,1.0949521800487543e-05,0,0,0
SITE0096,2026-05-26,8.019441873857155e-06,0,0,0
SITE0096,2026-05-27,8.728300861133524e-06,0,0,0
SITE0096,2026-05-28,9.144250525710434e-06,0,0,0
SITE0096,2026-05-29,1.623016221062046e-05,0,0,0
SITE0096,2026-05-30,1.6475831708530972e-05,0,0,0
SITE0096,2026-05-31,1.925867341230323e-05,0,0,0
SITE0096,2026-06-01,1.1269336520452885e-05,0,0,0
SITE0096,2026-06-02,1.1462579322894357e-05,0,0,0
SITE0096,2026-06-03,1.1976231367403143e-05,0,0,0
SITE0096,2026-06-04,1.4558200863070433e-05,0,0,0
SITE0096,2026-06-05,8.374428352557541e-06,0,0,0
SITE0096,2026-06-06,1.0543866489327252e-05,0,0,0
SITE0096,2026-06-07,9.537321098215129e-06,0,0,0
SITE0096,2026-06-08,9.940242234443404e-06,0,0,0
SITE0096,2026-06-09,9.21805056611114e-06,0,0,0
SITE0096,2026-06-10,1.6531754746785982e-05,0,0,0
SITE0096,2026-06-11,8.765631898019327e-06,0,0,0
SITE0096,2026-06-12,8.680052696454896e-06,0,0,0
SITE0096,2026-06-13,8.671247245875304e-06,0,0,0
SITE0096,2026-06-14,9.133614769557117e-06,0,0,0
SITE0096,2026-06-15,8.902573755045994e-06,0,0,0
SITE0096,2026-06-16,1.0886037869827461e-05,0,0,0
SITE0096,2026-06-17,9.5107677976108e-06,0,0,0
SITE0096,2026-06-18,9.538646050789555e-06,0,0,0
SITE0096,2026-06-19,8.439428653522024e-06,0,0,0
SITE0096,2026-06-20,9.75226892121072e-06,0,0,0
SITE0096,2026-06-21,1.0273781904365248e-05,0,0,0
SITE0096,2026-06-22,1.4650283921626737e-05,0,0,0
SITE0096,2026-06-23,9.142633434767077e-06,0,0,0
SITE0096,2026-06-24,8.543196636024056e-06,0,0,0
SITE0096,2026-06-25,8.639945151255754e-06,0,0,0
SITE0096,2026-06-26,1.1121656492634323e-05,0,0,0
SITE0096,2026-06-27,9.158468468882357e-06,0,0,0
SITE0096,2026-06-28,9.16050792080187e-06,0,0,0
SITE0096,2026-06-29,1.0930482410304658e-05,0,0,0
SITE0097,2026-04-01,2.3055884072286564e-05,0,0,0
SITE0097,2026-04-02,2.307251636114289e-05,0,0,0
SITE0097,2026-04-03,1.0008741601238574e-05,0,0,0
SITE0097,2026-04-04,1.1577611806477134e-05,0,0,0
SITE0097,2026-04-05,8.455855187998653e-06,0,0,0
SITE0097,2026-04-06,1.1176888376625404e-05,0,0,0
SITE0097,2026-04-07,6.669350210976249e-06,0,0,0
SITE0097,2026-04-08,6.854556077856599e-06,0,0,0
SITE0097,2026-04-09,6.3028261617163844e-06,0,0,0
SITE0097,2026-04-10,7.653033871317171e-06,0,0,0
SITE0097,2026-04-11,6.738952245580601e-06,0,0,0
SITE0097,2026-04-12,9.526614054935851e-06,0,0,0
SITE0097,2026-04-13,1.2308249261112018e-05,0,0,0
SITE0097,2026-04-14,1.0545419004250826e-05,0,0,0
SITE0097,2026-04-15,9.532604362600461e-06,0,0,0
SITE0097,2026-04-16,9.272677822530124e-06,0,0,0
SITE0097,2026-04-17,1.0200654502554485e-05,0,0,0
SITE0097,2026-04-18,8.318730606810859e-06,0,0,0
SITE0097,2026-04-19,1.1819791033548775e-05,0,0,0
SITE0097,2026-04-20,7.376891575148442e-06,0,0,0
SITE0097,2026-04-21,8.018357947183221e-06,0,0,0
SITE0097,2026-04-22,9.895726142481181e-06,0,0,0
SITE0097,2026-04-23,9.893549142231967e-06,0,0,0
SITE0097,2026-04-24,1.3879051438330068e-05,0,0,0
SITE0097,2026-04-25,1.2505859280825037e-05,0,0,0
SITE0097,2026-04-26,1.2311051015749326e-05,0,0,0
SITE0097,2026-04-27,1.1354971267381323e-05,0,0,0
SITE0097,2026-04-28,9.378872729759273e-06,0,0,0
SITE0097,2026-04-29,8.589092260546833e-06,0,0,0
SITE0097,2026-04-30,7.5121136923965196e-06,0,0,0
SITE0097,2026-05-01,7.823179927689633e-06,0,0,0
SITE0097,2026-05-02,6.2015068620442765e-06,0,0,0
SITE0097,2026-05-03,8.084512040627862e-06,0,0,0
SITE0097,2026-05-04,1.0045804814467606e-05,0,0,0
SITE0097,2026-05-05,9.25636122271679e-06,0,0,0
SITE0097,2026-05-06,1.0196718841905468e-05,0,0,0
SITE0097,2026-05-07,1.0542779446629342e-05,0,0,0
SITE0097,2026-05-08,1.075813750061546e-05,0,0,0
SITE0097,2026-05-09,9.228032234199346e-06,0,0,0
SITE0097,2026-05-10,7.777242062438136e-06,0,0,0
SITE0097,2026-05-11,7.67535881249394e-06,0,0,0
SITE0097,2026-05-12,9.257244168216761e-06,0,0,0
SITE0097,2026-05-13,7.036771985384008e-06,0,0,0
SITE0097,2026-05-14,7.783448974722309e-06,0,0,0
SITE0097,2026-05-15,8.83496019708661e-06,0,0,0
SITE0097,2026-05-16,1.7141194962640688e-05,0,0,0
SITE0097,2026-05-17,6.1511807185364796e-06,0,0,0
SITE0097,2026-05-18,5.8277533631752425e-06,0,0,0
SITE0097,2026-05-19,8.717809524808854e-06,0,0,0
SITE0097,2026-05-20,7.911224682518097e-06,0,0,0
SITE0097,2026-05-21,1.271444598891978e-05,0,0,0
SITE0097,2026-05-22,7.180789836477598e-06,0,0,0
SITE0097,2026-05-23,7.551637614091044e-06,0,0,0
SITE0097,2026-05-24,7.780506263032935e-06,0,0,0
SITE0097,2026-05-25,8.621122759958744e-06,0,0,0
SITE0097,2026-05-26,9.131437210768233e-06,0,0,0
SITE0097,2026-05-27,1.0218390098225137e-05,0,0,0
SITE0097,2026-05-28,9.94198623514726e-06,0,0,0
SITE0097,2026-05-29,9.714688270771347e-06,0,0,0
SITE0097,2026-05-30,7.417781376911578e-06,0,0,0
SITE0097,2026-05-31,7.632036123044413e-06,0,0,0
SITE0097,2026-06-01,1.2999396806380714e-05,0,0,0
SITE0097,2026-06-02,8.938473927824458e-06,0,0,0
SITE0097,2026-06-03,1.2694956801752225e-05,0,0,0
SITE0097,2026-06-04,8.365403134428302e-06,0,0,0
SITE0097,2026-06-05,1.0821492408276677e-05,0,0,0
SITE0097,2026-06-06,9.51923342165448e-06,0,0,0
SITE0097,2026-06-07,9.791074547882144e-06,0,0,0
SITE0097,2026-06-08,9.492876217304727e-06,0,0,0
SITE0097,2026-06-09,1.1127789969443625e-05,0,0,0
SITE0097,2026-06-10,7.3183474572883025e-06,0,0,0
SITE0097,2026-06-11,1.811943220267852e-05,0,0,0
SITE0097,2026-06-12,1.2347541869261847e-05,0,0,0
SITE0097,2026-06-13,1.1359970392770952e-05,0,0,0
SITE0097,2026-06-14,9.515316636099664e-06,0,0,0
SITE0097,2026-06-15,8.574136576510588e-06,0,0,0
SITE0097,2026-06-16,6.903783550378752e-06,0,0,0
SITE0097,2026-06-17,8.34627855762504e-06,0,0,0
SITE0097,2026-06-18,8.701871043533083e-06,0,0,0
SITE0097,2026-06-19,8.816992335976227e-06,0,0,0
SITE0097,2026-06-20,8.408390439184987e-06,0,0,0
SITE0097,2026-06-21,9.690762093385973e-06,0,0,0
SITE0097,2026-06-22,1.0681448867334538e-05,0,0,0
SITE0097,2026-06-23,1.4674460632768335e-05,0,0,0
SITE0097,2026-06-24,1.2505950323578875e-05,0,0,0
SITE0097,2026-06-25,1.0666447313392618e-05,0,0,0
SITE0097,2026-06-26,9.819535467959766e-06,0,0,0
SITE0097,2026-06-27,9.245924085414394e-06,0,0,0
SITE0097,2026-06-28,9.545451917798184e-06,0,0,0
SITE0097,2026-06-29,6.754267856208057e-06,0,0,0
SITE0098,2026-04-01,0.00017719230745217316,0,0,0
SITE0098,2026-04-02,3.4047740504604434e-05,0,0,0
SITE0098,2026-04-03,3.4158733510166696e-05,0,0,0
SITE0098,2026-04-04,3.2424001701787745e-05,0,0,0
SITE0098,2026-04-05,3.422809259745558e-05,0,0,0
SITE0098,2026-04-06,3.3411613309563274e-05,0,0,0
SITE0098,2026-04-07,1.2206245977091366e-05,0,0,0
SITE0098,2026-04-08,1.3209496779648476e-05,0,0,0
SITE0098,2026-04-09,1.193429035776168e-05,0,0,0
SITE0098,2026-04-10,3.3918417218032e-05,0,0,0
SITE0098,2026-04-11,1.543036591090842e-05,0,0,0
SITE0098,2026-04-12,1.650051743796244e-05,0,0,0
SITE0098,2026-04-13,1.643841336271557e-05,0,0,0
SITE0098,2026-04-14,1.5555210983154598e-05,0,0,0
SITE0098,2026-04-15,1.4757872438920857e-05,0,0,0
SITE0098,2026-04-16,1.5256342752247455e-05,0,0,0
SITE0098,2026-04-17,3.6071120298597887e-05,0,0,0
SITE0098,2026-04-18,2.241910873324997e-05,0,0,0
SITE0098,2026-04-19,3.528012075358929e-05,0,0,0
SITE0098,2026-04-20,3.1928323687064683e-05,0,0,0
SITE0098,2026-04-21,5.1890398008543515e-05,0,0,0
SITE0098,2026-04-22,1.762488380599077e-05,0,0,0
SITE0098,2026-04-23,1.6757596100841284e-05,0,0,0
SITE0098,2026-04-24,1.6878847064248666e-05,0,0,0
SITE0098,2026-04-25,2.194466962431756e-05,0,0,0
SITE0098,2026-04-26,3.793145115963047e-05,0,0,0
SITE0098,2026-04-27,1.7669102300718345e-05,0,0,0
SITE0098,2026-04-28,2.650376193123588e-05,0,0,0
SITE0098,2026-04-29,2.241078364376692e-05,0,0,0
SITE0098,2026-04-30,3.4912258909520776e-05,0,0,0
SITE0098,2026-05-01,3.514704601498516e-05,0,0,0
SITE0098,2026-05-02,4.7003502522093386e-05,0,0,0
SITE0098,2026-05-03,1.9223877126086337e-05,0,0,0
SITE0098,2026-05-04,8.002425296272042e-06,0,0,0
SITE0098,2026-05-05,1.0369358674459274e-05,0,0,0
SITE0098,2026-05-06,1.0691452641372332e-05,0,0,0
SITE0098,2026-05-07,1.2398045135432357e-05,0,0,0
SITE0098,2026-05-08,2.179132617893833e-05,0,0,0
SITE0098,2026-05-09,1.9926655443390716e-05,0,0,0
SITE0098,2026-05-10,2.4958978153174256e-05,0,0,0
SITE0098,2026-05-11,1.4454411014650633e-05,0,0,0
SITE0098,2026-05-12,1.469368880866096e-05,0,0,0
SITE0098,2026-05-13,2.8806270319320115e-05,0,0,0
SITE0098,2026-05-14,1.7188594702831003e-05,0,0,0
SITE0098,2026-05-15,1.484294670765921e-05,0,0,0
SITE0098,2026-05-16,1.5064018569223118e-05,0,0,0
SITE0098,2026-05-17,1.590241864273162e-05,0,0,0
SITE0098,2026-05-18,3.1370221453937524e-05,0,0,0
SITE0098,2026-05-19,3.201867759230268e-05,0,0,0
SITE0098,2026-05-20,1.4156311289417198e-05,0,0,0
SITE0098,2026-05-21,1.4351040928587585e-05,0,0,0
SITE0098,2026-05-22,1.4244857871679716e-05,0,0,0
SITE0098,2026-05-23,1.3575606742691528e-05,0,0,0
SITE0098,2026-05-24,1.403539965687677e-05,0,0,0
SITE0098,2026-05-25,1.0531906343484103e-05,0,0,0
SITE0098,2026-05-26,1.4759328993461592e-05,0,0,0
SITE0098,2026-05-27,1.5578206006440014e-05,0,0,0
SITE0098,2026-05-28,3.915619747187128e-05,0,0,0
SITE0098,2026-05-29,3.349012284111379e-05,0,0,0
SITE0098,2026-05-30,4.4520699177831483e-05,0,0,0
SITE0098,2026-05-31,1.6734369789448468e-05,0,0,0
SITE0098,2026-06-01,1.5547755243350022e-05,0,0,0
SITE0098,2026-06-02,2.5783293944570145e-05,0,0,0
SITE0098,2026-06-03,3.1014255742580106e-05,0,0,0
SITE0098,2026-06-04,1.9619433162488083e-05,0,0,0
SITE0098,2026-06-05,1.6022769102465054e-05,0,0,0
SITE0098,2026-06-06,3.063648434411713e-05,0,0,0
SITE0098,2026-06-07,3.069397649970191e-05,0,0,0
SITE0098,2026-06-08,2.7388651138277848e-05,0,0,0
SITE0098,2026-06-09,1.6206234060745866e-05,0,0,0
SITE0098,2026-06-10,2.3074365349763236e-05,0,0,0
SITE0098,2026-06-11,1.8352269833718334e-05,0,0,0
SITE0098,2026-06-12,4.603243090139151e-05,0,0,0
SITE0098,2026-06-13,3.409947505290549e-05,0,0,0
SITE0098,2026-06-14,3.48478843071199e-05,0,0,0
SITE0098,2026-06-15,1.904941939014226e-05,0,0,0
SITE0098,2026-06-16,1.694108052003773e-05,0,0,0
SITE0098,2026-06-17,1.2987696932208727e-05,0,0,0
SITE0098,2026-06-18,1.2440479124125414e-05,0,0,0
SITE0098,2026-06-19,1.569718957267063e-05,0,0,0
SITE0098,2026-06-20,9.770826122504551e-06,0,0,0
SITE0098,2026-06-21,9.682394207249166e-06,0,0,0
SITE0098,2026-06-22,1.2541033630889303e-05,0,0,0
SITE0098,2026-06-23,2.301301487429125e-05,0,0,0
SITE0098,2026-06-24,6.381189989500883e-05,0,0,0
SITE0098,2026-06-25,2.5975827803765146e-05,0,0,0
SITE0098,2026-06-26,1.6381226340018418e-05,0,0,0
SITE0098,2026-06-27,1.6093133173784713e-05,0,0,0
SITE0098,2026-06-28,1.4913113271629185e-05,0,0,0
SITE0098,2026-06-29,4.062691475530133e-05,0,0,0
SITE0099,2026-04-01,9.82870305259222e-06,0,0,0
SITE0099,2026-04-02,1.1964247564752568e-05,0,0,0
SITE0099,2026-04-03,1.1136319768467229e-05,0,0,0
SITE0099,2026-04-04,1.3192881960584627e-05,0,0,0
SITE0099,2026-04-05,1.2835975988123888e-05,0,0,0
SITE0099,2026-04-06,1.2895362583077862e-05,0,0,0
SITE0099,2026-04-07,1.3737294693552154e-05,0,0,0
SITE0099,2026-04-08,1.5768799032946987e-05,0,0,0
SITE0099,2026-04-09,1.0571461422646834e-05,0,0,0
SITE0099,2026-04-10,9.028848228820572e-06,0,0,0
SITE0099,2026-04-11,1.1293559719916049e-05,0,0,0
SITE0099,2026-04-12,1.0250116349771728e-05,0,0,0
SITE0099,2026-04-13,1.0352077783430576e-05,0,0,0
SITE0099,2026-04-14,1.1437465452215933e-05,0,0,0
SITE0099,2026-04-15,1.6079205625924355e-05,0,0,0
SITE0099,2026-04-16,8.330578914552975e-06,0,0,0
SITE0099,2026-04-17,9.212435664249176e-06,0,0,0
SITE0099,2026-04-18,9.42560988443884e-06,0,0,0
SITE0099,2026-04-19,1.2624762304778566e-05,0,0,0
SITE0099,2026-04-20,8.768043705407352e-06,0,0,0
SITE0099,2026-04-21,9.81411086622189e-06,0,0,0
SITE0099,2026-04-22,1.029069797751062e-05,0,0,0
SITE0099,2026-04-23,1.432895437068941e-05,0,0,0
SITE0099,2026-04-24,1.29779254885944e-05,0,0,0
SITE0099,2026-04-25,1.2650969307812739e-05,0,0,0
SITE0099,2026-04-26,1.1557988898870375e-05,0,0,0
SITE0099,2026-04-27,1.8667809947154074e-05,0,0,0
SITE0099,2026-04-28,1.6192211479741247e-05,0,0,0
SITE0099,2026-04-29,1.0815587661252397e-05,0,0,0
SITE0099,2026-04-30,1.0812949037306469e-05,0,0,0
SITE0099,2026-05-01,1.0445008028634832e-05,0,0,0
SITE0099,2026-05-02,1.4200880327839854e-05,0,0,0
SITE0099,2026-05-03,1.0655286603527776e-05,0,0,0
SITE0099,2026-05-04,9.229617125019455e-06,0,0,0
SITE0099,2026-05-05,7.691931913269878e-06,0,0,0
SITE0099,2026-05-06,8.470749971536684e-06,0,0,0
SITE0099,2026-05-07,1.0116602124297478e-05,0,0,0
SITE0099,2026-05-08,9.019815636834307e-06,0,0,0
SITE0099,2026-05-09,8.166364514609336e-06,0,0,0
SITE0099,2026-05-10,9.286609004136489e-06,0,0,0
SITE0099,2026-05-11,8.467844330853437e-06,0,0,0
SITE0099,2026-05-12,1.109379576528172e-05,0,0,0
SITE0099,2026-05-13,9.820273262757514e-06,0,0,0
SITE0099,2026-05-14,9.991568768494985e-06,0,0,0
SITE0099,2026-05-15,1.0539732123509368e-05,0,0,0
SITE0099,2026-05-16,1.2934900907480724e-05,0,0,0
SITE0099,2026-05-17,8.286824810139825e-06,0,0,0
SITE0099,2026-05-18,9.22072314894737e-06,0,0,0
SITE0099,2026-05-19,7.547345026505405e-06,0,0,0
SITE0099,2026-05-20,9.58413191354773e-06,0,0,0
SITE0099,2026-05-21,8.525010530703089e-06,0,0,0
SITE0099,2026-05-22,8.144565122261543e-06,0,0,0
SITE0099,2026-05-23,8.402685103756558e-06,0,0,0
SITE0099,2026-05-24,8.674100834564745e-06,0,0,0
SITE0099,2026-05-25,1.0129081535273703e-05,0,0,0
SITE0099,2026-05-26,1.0944864494701504e-05,0,0,0
SITE0099,2026-05-27,8.912832242506225e-06,0,0,0
SITE0099,2026-05-28,1.0652677391132418e-05,0,0,0
SITE0099,2026-05-29,8.83327654272452e-06,0,0,0
SITE0099,2026-05-30,1.0022644272512876e-05,0,0,0
SITE0099,2026-05-31,1.1906195587873802e-05,0,0,0
SITE0099,2026-06-01,1.0785833680125455e-05,0,0,0
SITE0099,2026-06-02,1.0814826603109257e-05,0,0,0
SITE0099,2026-06-03,8.506274163513389e-06,0,0,0
SITE0099,2026-06-04,8.525008649505764e-06,0,0,0
SITE0099,2026-06-05,8.348829507115605e-06,0,0,0
SITE0099,2026-06-06,1.3820483932291995e-05,0,0,0
SITE0099,2026-06-07,1.2608482743983953e-05,0,0,0
SITE0099,2026-06-08,1.2606450161777745e-05,0,0,0
SITE0099,2026-06-09,1.3500756146116752e-05,0,0,0
SITE0099,2026-06-10,9.770990881106695e-06,0,0,0
SITE0099,2026-06-11,1.6431220665509796e-05,0,0,0
SITE0099,2026-06-12,9.523738193799289e-06,0,0,0
SITE0099,2026-06-13,1.3967577452258853e-05,0,0,0
SITE0099,2026-06-14,1.0639981909517624e-05,0,0,0
SITE0099,2026-06-15,1.0075888594921378e-05,0,0,0
SITE0099,2026-06-16,7.474614119480894e-06,0,0,0
SITE0099,2026-06-17,7.792525706778435e-06,0,0,0
SITE0099,2026-06-18,1.132412621976408e-05,0,0,0
SITE0099,2026-06-19,1.2670794289129517e-05,0,0,0
SITE0099,2026-06-20,8.002877518752106e-06,0,0,0
SITE0099,2026-06-21,7.373463676724393e-06,0,0,0
SITE0099,2026-06-22,7.483241098062334e-06,0,0,0
SITE0099,2026-06-23,1.0335358645270517e-05,0,0,0
SITE0099,2026-06-24,9.55413947418281e-06,0,0,0
SITE0099,2026-06-25,1.0183268920578631e-05,0,0,0
SITE0099,2026-06-26,8.632142770236056e-06,0,0,0
SITE0099,2026-06-27,8.264850871325757e-06,0,0,0
SITE0099,2026-06-28,8.654252601746698e-06,0,0,0
SITE0099,2026-06-29,8.706727443373174e-06,0,0,0
SITE0100,2026-04-01,1.0868833569840772e-05,0,0,0
SITE0100,2026-04-02,1.1913651078989205e-05,0,0,0
SITE0100,2026-04-03,1.1913651078989958e-05,0,0,0
SITE0100,2026-04-04,1.1910966197470048e-05,0,0,0
SITE0100,2026-04-05,1.1913651078823895e-05,0,0,0
SITE0100,2026-04-06,1.1793574133821276e-05,0,0,0
SITE0100,2026-04-07,1.1917717291567822e-05,0,0,0
SITE0100,2026-04-08,1.1912035677571495e-05,0,0,0
SITE0100,2026-04-09,1.387905266920163e-05,0,0,0
SITE0100,2026-04-10,1.4026676373604285e-05,0,0,0
SITE0100,2026-04-11,1.1640686432734637e-05,0,0,0
SITE0100,2026-04-12,1.1569059957427719e-05,0,0,0
SITE0100,2026-04-13,1.1844534099052588e-05,0,0,0
SITE0100,2026-04-14,1.1911756563958893e-05,0,0,0
SITE0100,2026-04-15,1.4011108384991212e-05,0,0,0
SITE0100,2026-04-16,1.2203697569909813e-05,0,0,0
SITE0100,2026-04-17,1.2983545048899629e-05,0,0,0
SITE0100,2026-04-18,1.3351084904689851e-05,0,0,0
SITE0100,2026-04-19,1.238972182352836e-05,0,0,0
SITE0100,2026-04-20,1.220369850962023e-05,0,0,0
SITE0100,2026-04-21,1.2136145621077339e-05,0,0,0
SITE0100,2026-04-22,1.2078087775637748e-05,0,0,0
SITE0100,2026-04-23,1.2076189667249165e-05,0,0,0
SITE0100,2026-04-24,1.2460345696267357e-05,0,0,0
SITE0100,2026-04-25,1.2009226325971173e-05,0,0,0
SITE0100,2026-04-26,1.2520687212112711e-05,0,0,0
SITE0100,2026-04-27,1.2203867316308211e-05,0,0,0
SITE0100,2026-04-28,1.220290356521172e-05,0,0,0
SITE0100,2026-04-29,1.3212461578411272e-05,0,0,0
SITE0100,2026-04-30,1.252054993228899e-05,0,0,0
SITE0100,2026-05-01,1.2202901632113903e-05,0,0,0
SITE0100,2026-05-02,1.1853217816289009e-05,0,0,0
SITE0100,2026-05-03,1.2136183249932307e-05,0,0,0
SITE0100,2026-05-04,1.2146629131499352e-05,0,0,0
SITE0100,2026-05-05,1.2873410945992493e-05,0,0,0
SITE0100,2026-05-06,1.2518679166844959e-05,0,0,0
SITE0100,2026-05-07,1.2203437514999065e-05,0,0,0
SITE0100,2026-05-08,1.2203438023407354e-05,0,0,0
SITE0100,2026-05-09,1.2209398251034799e-05,0,0,0
SITE0100,2026-05-10,1.2203717544039256e-05,0,0,0
SITE0100,2026-05-11,1.2900676464877319e-05,0,0,0
SITE0100,2026-05-12,1.2992783521389615e-05,0,0,0
SITE0100,2026-05-13,1.2524774411123333e-05,0,0,0
SITE0100,2026-05-14,1.2078108295305383e-05,0,0,0
SITE0100,2026-05-15,1.2453382716510378e-05,0,0,0
SITE0100,2026-05-16,1.2898779387921769e-05,0,0,0
SITE0100,2026-05-17,1.2134551560998047e-05,0,0,0
SITE0100,2026-05-18,1.213616489816505e-05,0,0,0
SITE0100,2026-05-19,1.2136165610232264e-05,0,0,0
SITE0100,2026-05-20,1.2013450120745325e-05,0,0,0
SITE0100,2026-05-21,1.220371816091928e-05,0,0,0
SITE0100,2026-05-22,1.2290794894439072e-05,0,0,0
SITE0100,2026-05-23,1.2081889868944367e-05,0,0,0
SITE0100,2026-05-24,1.3619066959542663e-05,0,0,0
SITE0100,2026-05-25,1.4893667002086216e-05,0,0,0
SITE0100,2026-05-26,1.1447968218451444e-05,0,0,0
SITE0100,2026-05-27,1.1571950972592883e-05,0,0,0
SITE0100,2026-05-28,1.2013448309097603e-05,0,0,0
SITE0100,2026-05-29,1.220343815712608e-05,0,0,0
SITE0100,2026-05-30,1.2205615965141427e-05,0,0,0
SITE0100,2026-05-31,1.2134139252908488e-05,0,0,0
SITE0100,2026-06-01,1.1921313597264177e-05,0,0,0
SITE0100,2026-06-02,1.3448790723021063e-05,0,0,0
SITE0100,2026-06-03,1.276585588747616e-05,0,0,0
SITE0100,2026-06-04,1.220358385403602e-05,0,0,0
SITE0100,2026-06-05,1.2009668989729119e-05,0,0,0
SITE0100,2026-06-06,1.2203718916566648e-05,0,0,0
SITE0100,2026-06-07,1.2900678368374585e-05,0,0,0
SITE0100,2026-06-08,1.207810874858476e-05,0,0,0
SITE0100,2026-06-09,1.1851593103247366e-05,0,0,0
SITE0100,2026-06-10,1.1919137637101996e-05,0,0,0
SITE0100,2026-06-11,1.6267747701307873e-05,0,0,0
SITE0100,2026-06-12,1.1921304447772576e-05,0,0,0
SITE0100,2026-06-13,1.1919820767635167e-05,0,0,0
SITE0100,2026-06-14,1.2137064813364849e-05,0,0,0
SITE0100,2026-06-15,1.2205349249237155e-05,0,0,0
SITE0100,2026-06-16,1.2081888844943933e-05,0,0,0
SITE0100,2026-06-17,1.2205064272930364e-05,0,0,0
SITE0100,2026-06-18,1.220939899121218e-05,0,0,0
SITE0100,2026-06-19,1.2203439493722573e-05,0,0,0
SITE0100,2026-06-20,1.2205194680783717e-05,0,0,0
SITE0100,2026-06-21,1.3346119931593953e-05,0,0,0
SITE0100,2026-06-22,1.207810802686238e-05,0,0,0
SITE0100,2026-06-23,1.1851572577326515e-05,0,0,0
SITE0100,2026-06-24,1.273635726309442e-05,0,0,0
SITE0100,2026-06-25,1.2150834638248586e-05,0,0,0
SITE0100,2026-06-26,1.2203717281164572e-05,0,0,0
SITE0100,2026-06-27,1.2206341615631929e-05,0,0,0
SITE0100,2026-06-28,1.2205616950667932e-05,0,0,0
SITE0100,2026-06-29,1.3066105351524444e-05,0,0,0
SITE0101,2026-04-01,1.2094546461439369e-05,0,0,0
SITE0101,2026-04-02,9.157121493706885e-06,0,0,0
SITE0101,2026-04-03,8.844024231277443e-06,0,0,0
SITE0101,2026-04-04,9.428390939635141e-06,0,0,0
SITE0101,2026-04-05,8.091493904348297e-06,0,0,0
SITE0101,2026-04-06,1.180435854236737e-05,0,0,0
SITE0101,2026-04-07,8.549833984762228e-06,0,0,0
SITE0101,2026-04-08,1.1914200499789548e-05,0,0,0
SITE0101,2026-04-09,1.0254537392028658e-05,0,0,0
SITE0101,2026-04-10,9.12730287991518e-06,0,0,0
SITE0101,2026-04-11,8.844911280456697e-06,0,0,0
SITE0101,2026-04-12,1.0141300921927782e-05,0,0,0
SITE0101,2026-04-13,1.2208060865800809e-05,0,0,0
SITE0101,2026-04-14,8.315348741331848e-06,0,0,0
SITE0101,2026-04-15,8.949666946471775e-06,0,0,0
SITE0101,2026-04-16,8.855427484412112e-06,0,0,0
SITE0101,2026-04-17,1.1905481773435486e-05,0,0,0
SITE0101,2026-04-18,9.239502701190512e-06,0,0,0
SITE0101,2026-04-19,1.050123381640601e-05,0,0,0
SITE0101,2026-04-20,9.026171732493506e-06,0,0,0
SITE0101,2026-04-21,1.3845709088691922e-05,0,0,0
SITE0101,2026-04-22,1.011671563007104e-05,0,0,0
SITE0101,2026-04-23,1.1362612671732374e-05,0,0,0
SITE0101,2026-04-24,1.0370043202717498e-05,0,0,0
SITE0101,2026-04-25,9.810940410411053e-06,0,0,0
SITE0101,2026-04-26,1.5619739665592987e-05,0,0,0
SITE0101,2026-04-27,1.2820805189350739e-05,0,0,0
SITE0101,2026-04-28,8.66252550664676e-06,0,0,0
SITE0101,2026-04-29,8.835067556362174e-06,0,0,0
SITE0101,2026-04-30,7.724601549290499e-06,0,0,0
SITE0101,2026-05-01,1.1722269951877105e-05,0,0,0
SITE0101,2026-05-02,9.367590825270129e-06,0,0,0
SITE0101,2026-05-03,8.749639680954223e-06,0,0,0
SITE0101,2026-05-04,1.1806651515432463e-05,0,0,0
SITE0101,2026-05-05,9.157731800268148e-06,0,0,0
SITE0101,2026-05-06,8.86020145434162e-06,0,0,0
SITE0101,2026-05-07,1.815036744463218e-05,0,0,0
SITE0101,2026-05-08,1.655866300699184e-05,0,0,0
SITE0101,2026-05-09,9.230393500824923e-06,0,0,0
SITE0101,2026-05-10,9.582481785032063e-06,0,0,0
SITE0101,2026-05-11,1.0767421532097238e-05,0,0,0
SITE0101,2026-05-12,9.595390031192533e-06,0,0,0
SITE0101,2026-05-13,9.304125133662403e-06,0,0,0
SITE0101,2026-05-14,1.0016682318219871e-05,0,0,0
SITE0101,2026-05-15,8.456075686385826e-06,0,0,0
SITE0101,2026-05-16,1.3720586070647173e-05,0,0,0
SITE0101,2026-05-17,8.708693576918582e-06,0,0,0
SITE0101,2026-05-18,1.372538364206872e-05,0,0,0
SITE0101,2026-05-19,9.536348612848134e-06,0,0,0
SITE0101,2026-05-20,9.105168803460484e-06,0,0,0
SITE0101,2026-05-21,1.1214105068307436e-05,0,0,0
SITE0101,2026-05-22,9.333635702833647e-06,0,0,0
SITE0101,2026-05-23,1.2128267071664009e-05,0,0,0
SITE0101,2026-05-24,9.339054363135758e-06,0,0,0
SITE0101,2026-05-25,1.3525598755646015e-05,0,0,0
SITE0101,2026-05-26,8.763588094794648e-06,0,0,0
SITE0101,2026-05-27,1.650695651115862e-05,0,0,0
SITE0101,2026-05-28,8.310054502069436e-06,0,0,0
SITE0101,2026-05-29,8.233643974340867e-06,0,0,0
SITE0101,2026-05-30,9.130872111581776e-06,0,0,0
SITE0101,2026-05-31,9.159129806556911e-06,0,0,0
SITE0101,2026-06-01,9.037046477087687e-06,0,0,0
SITE0101,2026-06-02,9.547417944175357e-06,0,0,0
SITE0101,2026-06-03,9.62075803878935e-06,0,0,0
SITE0101,2026-06-04,1.1891965466207434e-05,0,0,0
SITE0101,2026-06-05,9.447137236068764e-06,0,0,0
SITE0101,2026-06-06,1.3756845504616056e-05,0,0,0
SITE0101,2026-06-07,8.188656614207009e-06,0,0,0
SITE0101,2026-06-08,8.779104612772392e-06,0,0,0
SITE0101,2026-06-09,9.807315730196974e-06,0,0,0
SITE0101,2026-06-10,8.850942380615587e-06,0,0,0
SITE0101,2026-06-11,1.1100104091225747e-05,0,0,0
SITE0101,2026-06-12,1.2855870000638603e-05,0,0,0
SITE0101,2026-06-13,1.2700316101780907e-05,0,0,0
SITE0101,2026-06-14,9.969766841301656e-06,0,0,0
SITE0101,2026-06-15,1.0347142086106777e-05,0,0,0
SITE0101,2026-06-16,1.0115811187543893e-05,0,0,0
SITE0101,2026-06-17,9.85245972833352e-06,0,0,0
SITE0101,2026-06-18,1.0104799010019826e-05,0,0,0
SITE0101,2026-06-19,9.619269624784104e-06,0,0,0
SITE0101,2026-06-20,1.0121474223589087e-05,0,0,0
SITE0101,2026-06-21,1.671258216876719e-05,0,0,0
SITE0101,2026-06-22,1.820286834117204e-05,0,0,0
SITE0101,2026-06-23,1.0165342254467153e-05,0,0,0
SITE0101,2026-06-24,1.0128380472237963e-05,0,0,0
SITE0101,2026-06-25,1.1730796916097536e-05,0,0,0
SITE0101,2026-06-26,1.2377902922213392e-05,0,0,0
SITE0101,2026-06-27,1.257359365885792e-05,0,0,0
SITE0101,2026-06-28,8.545717882234483e-06,0,0,0
SITE0101,2026-06-29,9.845147089790875e-06,0,0,0
SITE0102,2026-04-01,9.180214128201929e-06,0,0,0
SITE0102,2026-04-02,7.102173412144515e-06,0,0,0
SITE0102,2026-04-03,6.892560615938788e-06,0,0,0
SITE0102,2026-04-04,7.283660579517678e-06,0,0,0
SITE0102,2026-04-05,7.90212885119958e-06,0,0,0
SITE0102,2026-04-06,6.723972963904611e-06,0,0,0
SITE0102,2026-04-07,6.5291115523633545e-06,0,0,0
SITE0102,2026-04-08,6.6369731238988554e-06,0,0,0
SITE0102,2026-04-09,9.663486031610231e-06,0,0,0
SITE0102,2026-04-10,8.837386168830908e-06,0,0,0
SITE0102,2026-04-11,7.233054112740738e-06,0,0,0
SITE0102,2026-04-12,6.938239384545256e-06,0,0,0
SITE0102,2026-04-13,1.1298440245734009e-05,0,0,0
SITE0102,2026-04-14,1.0666230984877607e-05,0,0,0
SITE0102,2026-04-15,7.769510510707035e-06,0,0,0
SITE0102,2026-04-16,7.5211560501131286e-06,0,0,0
SITE0102,2026-04-17,1.272354718549244e-05,0,0,0
SITE0102,2026-04-18,6.6894271770256275e-06,0,0,0
SITE0102,2026-04-19,7.159972579187008e-06,0,0,0
SITE0102,2026-04-20,6.620418320691726e-06,0,0,0
SITE0102,2026-04-21,8.450152020792897e-06,0,0,0
SITE0102,2026-04-22,8.728605351637932e-06,0,0,0
SITE0102,2026-04-23,6.313651989789485e-06,0,0,0
SITE0102,2026-04-24,7.8717443902557e-06,0,0,0
SITE0102,2026-04-25,5.722406824657277e-06,0,0,0
SITE0102,2026-04-26,6.972550033687036e-06,0,0,0
SITE0102,2026-04-27,8.475613563032144e-06,0,0,0
SITE0102,2026-04-28,7.631205968755201e-06,0,0,0
SITE0102,2026-04-29,1.011460605827186e-05,0,0,0
SITE0102,2026-04-30,8.846191733051771e-06,0,0,0
SITE0102,2026-05-01,7.101924318332564e-06,0,0,0
SITE0102,2026-05-02,7.216928926762198e-06,0,0,0
SITE0102,2026-05-03,7.566830739985699e-06,0,0,0
SITE0102,2026-05-04,9.890946003616307e-06,0,0,0
SITE0102,2026-05-05,6.843577852880977e-06,0,0,0
SITE0102,2026-05-06,9.156212680769453e-06,0,0,0
SITE0102,2026-05-07,9.175082307928352e-06,0,0,0
SITE0102,2026-05-08,1.0339006080574528e-05,0,0,0
SITE0102,2026-05-09,1.3526521739779266e-05,0,0,0
SITE0102,2026-05-10,7.431977808076137e-06,0,0,0
SITE0102,2026-05-11,8.192788133552221e-06,0,0,0
SITE0102,2026-05-12,7.3458236303239024e-06,0,0,0
SITE0102,2026-05-13,1.1036453533754029e-05,0,0,0
SITE0102,2026-05-14,8.026057057383577e-06,0,0,0
SITE0102,2026-05-15,1.0087260124901931e-05,0,0,0
SITE0102,2026-05-16,9.337176015829676e-06,0,0,0
SITE0102,2026-05-17,9.952895526645282e-06,0,0,0
SITE0102,2026-05-18,1.0231261732974972e-05,0,0,0
SITE0102,2026-05-19,1.0084036864712536e-05,0,0,0
SITE0102,2026-05-20,9.203568079359129e-06,0,0,0
SITE0102,2026-05-21,1.0739487607587667e-05,0,0,0
SITE0102,2026-05-22,5.69849078708729e-06,0,0,0
SITE0102,2026-05-23,5.920951662600099e-06,0,0,0
SITE0102,2026-05-24,6.975824609591223e-06,0,0,0
SITE0102,2026-05-25,6.833340641504213e-06,0,0,0
SITE0102,2026-05-26,8.933015359989379e-06,0,0,0
SITE0102,2026-05-27,7.91105940475033e-06,0,0,0
SITE0102,2026-05-28,8.765647257525558e-06,0,0,0
SITE0102,2026-05-29,7.0057982846212885e-06,0,0,0
SITE0102,2026-05-30,1.0177943740334767e-05,0,0,0
SITE0102,2026-05-31,7.974181460709057e-06,0,0,0
SITE0102,2026-06-01,7.174107295653543e-06,0,0,0
SITE0102,2026-06-02,6.638855218282843e-06,0,0,0
SITE0102,2026-06-03,5.72957972636912e-06,0,0,0
SITE0102,2026-06-04,5.562508411750231e-06,0,0,0
SITE0102,2026-06-05,6.142156939078649e-06,0,0,0
SITE0102,2026-06-06,7.748425673974679e-06,0,0,0
SITE0102,2026-06-07,7.458807232608621e-06,0,0,0
SITE0102,2026-06-08,1.2713473652997536e-05,0,0,0
SITE0102,2026-06-09,1.2337326080992871e-05,0,0,0
SITE0102,2026-06-10,9.33976025910413e-06,0,0,0
SITE0102,2026-06-11,9.20029812557062e-06,0,0,0
SITE0102,2026-06-12,7.796736765970164e-06,0,0,0
SITE0102,2026-06-13,7.442354338199163e-06,0,0,0
SITE0102,2026-06-14,9.768279247959881e-06,0,0,0
SITE0102,2026-06-15,8.755344911792766e-06,0,0,0
SITE0102,2026-06-16,7.433483465804157e-06,0,0,0
SITE0102,2026-06-17,8.833123480583827e-06,0,0,0
SITE0102,2026-06-18,6.892685715252499e-06,0,0,0
SITE0102,2026-06-19,6.0060941387804025e-06,0,0,0
SITE0102,2026-06-20,5.883500589319047e-06,0,0,0
SITE0102,2026-06-21,7.999405385823293e-06,0,0,0
SITE0102,2026-06-22,8.307774190318336e-06,0,0,0
SITE0102,2026-06-23,7.542838375151038e-06,0,0,0
SITE0102,2026-06-24,9.409506799400048e-06,0,0,0
SITE0102,2026-06-25,8.562737208137772e-06,0,0,0
SITE0102,2026-06-26,9.076832046010042e-06,0,0,0
SITE0102,2026-06-27,1.1133793557193683e-05,0,0,0
SITE0102,2026-06-28,1.2258162886981931e-05,0,0,0
SITE0102,2026-06-29,9.321066359011782e-06,0,0,0
SITE0103,2026-04-01,2.630862995502165e-05,0,0,0
SITE0103,2026-04-02,8.399054321040796e-06,0,0,0
SITE0103,2026-04-03,7.151224201764719e-06,0,0,0
SITE0103,2026-04-04,5.462199232540375e-06,0,0,0
SITE0103,2026-04-05,5.682472711567641e-06,0,0,0
SITE0103,2026-04-06,5.810136637061129e-06,0,0,0
SITE0103,2026-04-07,5.713933736945799e-06,0,0,0
SITE0103,2026-04-08,5.71393933866236e-06,0,0,0
SITE0103,2026-04-09,6.2291853455055644e-06,0,0,0
SITE0103,2026-04-10,6.1348581641779495e-06,0,0,0
SITE0103,2026-04-11,5.475745175563507e-06,0,0,0
SITE0103,2026-04-12,5.167665958878293e-06,0,0,0
SITE0103,2026-04-13,6.100591829620249e-06,0,0,0
SITE0103,2026-04-14,5.974162213981006e-06,0,0,0
SITE0103,2026-04-15,9.902477404460212e-06,0,0,0
SITE0103,2026-04-16,5.5030466565532806e-06,0,0,0
SITE0103,2026-04-17,5.5638605854153806e-06,0,0,0
SITE0103,2026-04-18,5.576648598223895e-06,0,0,0
SITE0103,2026-04-19,5.974794191984633e-06,0,0,0
SITE0103,2026-04-20,5.846768670457344e-06,0,0,0
SITE0103,2026-04-21,5.610630211877669e-06,0,0,0
SITE0103,2026-04-22,5.666805425300724e-06,0,0,0
SITE0103,2026-04-23,5.865812695771049e-06,0,0,0
SITE0103,2026-04-24,6.139706876478486e-06,0,0,0
SITE0103,2026-04-25,6.708726545681384e-06,0,0,0
SITE0103,2026-04-26,6.58798016945639e-06,0,0,0
SITE0103,2026-04-27,1.602196297282806e-05,0,0,0
SITE0103,2026-04-28,5.053554078663114e-06,0,0,0
SITE0103,2026-04-29,5.434208762804105e-06,0,0,0
SITE0103,2026-04-30,5.682286977358541e-06,0,0,0
SITE0103,2026-05-01,6.525598327190563e-06,0,0,0
SITE0103,2026-05-02,6.394278422001101e-06,0,0,0
SITE0103,2026-05-03,7.1651540525007305e-06,0,0,0
SITE0103,2026-05-04,6.033320784557182e-06,0,0,0
SITE0103,2026-05-05,6.125143676674511e-06,0,0,0
SITE0103,2026-05-06,5.844630380644291e-06,0,0,0
SITE0103,2026-05-07,6.6503649197397725e-06,0,0,0
SITE0103,2026-05-08,5.726082861032752e-06,0,0,0
SITE0103,2026-05-09,5.761649939390039e-06,0,0,0
SITE0103,2026-05-10,1.162404694048312e-05,0,0,0
SITE0103,2026-05-11,1.4026147525352415e-05,0,0,0
SITE0103,2026-05-12,5.987975064697659e-06,0,0,0
SITE0103,2026-05-13,6.24334023853313e-06,0,0,0
SITE0103,2026-05-14,5.987082299161577e-06,0,0,0
SITE0103,2026-05-15,6.150090849308771e-06,0,0,0
SITE0103,2026-05-16,8.944664867887121e-06,0,0,0
SITE0103,2026-05-17,1.0148583119539967e-05,0,0,0
SITE0103,2026-05-18,6.278893892641164e-06,0,0,0
SITE0103,2026-05-19,5.8045700731406545e-06,0,0,0
SITE0103,2026-05-20,5.981913279004222e-06,0,0,0
SITE0103,2026-05-21,7.266015919439686e-06,0,0,0
SITE0103,2026-05-22,7.0015749226079396e-06,0,0,0
SITE0103,2026-05-23,7.014578543714562e-06,0,0,0
SITE0103,2026-05-24,6.965930620658141e-06,0,0,0
SITE0103,2026-05-25,8.067036350958069e-06,0,0,0
SITE0103,2026-05-26,6.511691341133746e-06,0,0,0
SITE0103,2026-05-27,6.157743392708444e-06,0,0,0
SITE0103,2026-05-28,6.892655916392033e-06,0,0,0
SITE0103,2026-05-29,6.262572726793683e-06,0,0,0
SITE0103,2026-05-30,6.533382308293251e-06,0,0,0
SITE0103,2026-05-31,5.9747986646465514e-06,0,0,0
SITE0103,2026-06-01,8.116412364682385e-06,0,0,0
SITE0103,2026-06-02,5.885336948319337e-06,0,0,0
SITE0103,2026-06-03,5.60635197234704e-06,0,0,0
SITE0103,2026-06-04,5.829729050489203e-06,0,0,0
SITE0103,2026-06-05,5.942555725444387e-06,0,0,0
SITE0103,2026-06-06,1.1252173385846928e-05,0,0,0
SITE0103,2026-06-07,5.942596353068057e-06,0,0,0
SITE0103,2026-06-08,5.830622753672692e-06,0,0,0
SITE0103,2026-06-09,8.194314268982677e-06,0,0,0
SITE0103,2026-06-10,6.046924246122582e-06,0,0,0
SITE0103,2026-06-11,1.730637309009719e-05,0,0,0
SITE0103,2026-06-12,5.682895924642694e-06,0,0,0
SITE0103,2026-06-13,5.326278387327867e-06,0,0,0
SITE0103,2026-06-14,5.669816698467709e-06,0,0,0
SITE0103,2026-06-15,6.369286991050634e-06,0,0,0
SITE0103,2026-06-16,1.3468213288544153e-05,0,0,0
SITE0103,2026-06-17,6.144275782284099e-06,0,0,0
SITE0103,2026-06-18,6.236330814110081e-06,0,0,0
SITE0103,2026-06-19,6.864639607548992e-06,0,0,0
SITE0103,2026-06-20,5.476134708888014e-06,0,0,0
SITE0103,2026-06-21,5.853905847885691e-06,0,0,0
SITE0103,2026-06-22,5.618923535114365e-06,0,0,0
SITE0103,2026-06-23,5.24010300875022e-06,0,0,0
SITE0103,2026-06-24,5.054470453238529e-06,0,0,0
SITE0103,2026-06-25,5.906578706769522e-06,0,0,0
SITE0103,2026-06-26,5.388172813618475e-06,0,0,0
SITE0103,2026-06-27,5.349663957566149e-06,0,0,0
SITE0103,2026-06-28,5.621100367453018e-06,0,0,0
SITE0103,2026-06-29,5.2063106156864665e-06,0,0,0
SITE0104,2026-04-01,1.6373668059653903e-05,0,0,0
SITE0104,2026-04-02,1.5581081074620022e-05,0,0,0
SITE0104,2026-04-03,1.8077849366665783e-05,0,0,0
SITE0104,2026-04-04,1.7527562880030055e-05,0,0,0
SITE0104,2026-04-05,1.54187087940766e-05,0,0,0
SITE0104,2026-04-06,2.376894264447605e-05,0,0,0
SITE0104,2026-04-07,1.6822878681150775e-05,0,0,0
SITE0104,2026-04-08,1.688785418165444e-05,0,0,0
SITE0104,2026-04-09,1.7344810313035718e-05,0,0,0
SITE0104,2026-04-10,2.0393044042035768e-05,0,0,0
SITE0104,2026-04-11,1.447642676848277e-05,0,0,0
SITE0104,2026-04-12,1.8371451336071494e-05,0,0,0
SITE0104,2026-04-13,1.420823133118978e-05,0,0,0
SITE0104,2026-04-14,1.5154557317530044e-05,0,0,0
SITE0104,2026-04-15,1.4919502228431288e-05,0,0,0
SITE0104,2026-04-16,2.1849490592482536e-05,0,0,0
SITE0104,2026-04-17,1.6054190352174004e-05,0,0,0
SITE0104,2026-04-18,2.1640493186426495e-05,0,0,0
SITE0104,2026-04-19,1.4194253492780796e-05,0,0,0
SITE0104,2026-04-20,1.531794926882628e-05,0,0,0
SITE0104,2026-04-21,1.4816172569932057e-05,0,0,0
SITE0104,2026-04-22,1.7005371044905606e-05,0,0,0
SITE0104,2026-04-23,1.7340016649105133e-05,0,0,0
SITE0104,2026-04-24,1.6165372677270627e-05,0,0,0
SITE0104,2026-04-25,1.663258252731163e-05,0,0,0
SITE0104,2026-04-26,1.7015118334828317e-05,0,0,0
SITE0104,2026-04-27,1.544861426145582e-05,0,0,0
SITE0104,2026-04-28,1.6239671946474822e-05,0,0,0
SITE0104,2026-04-29,1.7221754996854244e-05,0,0,0
SITE0104,2026-04-30,1.4448085309767828e-05,0,0,0
SITE0104,2026-05-01,1.298089558162254e-05,0,0,0
SITE0104,2026-05-02,1.4279544363617346e-05,0,0,0
SITE0104,2026-05-03,1.320959914256919e-05,0,0,0
SITE0104,2026-05-04,1.5502616160809422e-05,0,0,0
SITE0104,2026-05-05,1.6492202083103246e-05,0,0,0
SITE0104,2026-05-06,1.2987301797433459e-05,0,0,0
SITE0104,2026-05-07,1.4042225256133686e-05,0,0,0
SITE0104,2026-05-08,1.602640276087236e-05,0,0,0
SITE0104,2026-05-09,2.80807538046481e-05,0,0,0
SITE0104,2026-05-10,6.397814252324019e-05,0,0,0
SITE0104,2026-05-11,4.6548014823661886e-05,0,0,0
SITE0104,2026-05-12,0.002856066663156967,0,0,0
SITE0104,2026-05-13,0.21809026970711065,1,0,0
SITE0104,2026-05-14,0.9999011643623366,1,1,0
SITE0104,2026-05-15,0.9999733514019782,1,1,0
SITE0104,2026-05-16,0.9999908524542271,1,1,0
SITE0104,2026-05-17,0.9999924985623151,1,1,0
SITE0104,2026-05-18,0.9999875247382151,1,1,0
SITE0104,2026-05-19,0.9999160384074768,1,1,0
SITE0104,2026-05-20,0.9999891023962322,1,1,0
SITE0104,2026-05-21,0.9999780256054618,1,1,0
SITE0104,2026-05-22,0.9999767345261524,1,1,0
SITE0104,2026-05-23,0.9998466430425783,1,1,0
SITE0104,2026-05-24,0.9998329890041795,1,1,0
SITE0104,2026-05-25,0.9988934781882739,1,1,0
SITE0104,2026-05-26,0.9960903124975716,1,1,0
SITE0104,2026-05-27,0.994152895528189,1,1,0
SITE0104,2026-05-28,0.17339713261444506,1,0,1
SITE0104,2026-05-29,0.00046665292155376404,0,0,0
SITE0104,2026-05-30,0.00041557977025173003,0,0,0
SITE0104,2026-05-31,7.345979875400843e-05,0,0,0
SITE0104,2026-06-01,8.442775662347267e-05,0,0,0
SITE0104,2026-06-02,0.00011450272514269479,0,0,0
SITE0104,2026-06-03,0.00010536055587645197,0,0,0
SITE0104,2026-06-04,5.045383018537049e-05,0,0,0
SITE0104,2026-06-05,4.407086002147171e-05,0,0,0
SITE0104,2026-06-06,5.964341679024823e-05,0,0,0
SITE0104,2026-06-07,4.5611179542256904e-05,0,0,0
SITE0104,2026-06-08,5.4757410092201155e-05,0,0,0
SITE0104,2026-06-09,4.6758656723073616e-05,0,0,0
SITE0104,2026-06-10,4.79608517835836e-05,0,0,0
SITE0104,2026-06-11,3.0581258360729773e-05,0,0,0
SITE0104,2026-06-12,1.7671784230321257e-05,0,0,0
SITE0104,2026-06-13,2.072350574110067e-05,0,0,0
SITE0104,2026-06-14,1.532828561101101e-05,0,0,0
SITE0104,2026-06-15,1.1651370366471979e-05,0,0,0
SITE0104,2026-06-16,1.2164247506787833e-05,0,0,0
SITE0104,2026-06-17,1.3933454125632978e-05,0,0,0
SITE0104,2026-06-18,1.4183746610948683e-05,0,0,0
SITE0104,2026-06-19,1.3580480310420951e-05,0,0,0
SITE0104,2026-06-20,1.2664333975153713e-05,0,0,0
SITE0104,2026-06-21,1.3445321337204396e-05,0,0,0
SITE0104,2026-06-22,1.9505930605749718e-05,0,0,0
SITE0104,2026-06-23,1.7043346339609403e-05,0,0,0
SITE0104,2026-06-24,1.7692685833204138e-05,0,0,0
SITE0104,2026-06-25,1.5442030951774e-05,0,0,0
SITE0104,2026-06-26,1.4601883262887787e-05,0,0,0
SITE0104,2026-06-27,1.4736352532180991e-05,0,0,0
SITE0104,2026-06-28,1.9959055421397353e-05,0,0,0
SITE0104,2026-06-29,1.8475064229731988e-05,0,0,0
SITE0105,2026-04-01,9.460781574898016e-06,0,0,0
SITE0105,2026-04-02,7.71301979990188e-06,0,0,0
SITE0105,2026-04-03,7.709772123515088e-06,0,0,0
SITE0105,2026-04-04,9.401821684047695e-06,0,0,0
SITE0105,2026-04-05,9.760460474537735e-06,0,0,0
SITE0105,2026-04-06,1.028273876755399e-05,0,0,0
SITE0105,2026-04-07,1.2201845997192345e-05,0,0,0
SITE0105,2026-04-08,9.501707476070572e-06,0,0,0
SITE0105,2026-04-09,1.0045512489634836e-05,0,0,0
SITE0105,2026-04-10,1.4335265504804524e-05,0,0,0
SITE0105,2026-04-11,1.414295361175762e-05,0,0,0
SITE0105,2026-04-12,9.752414998657183e-06,0,0,0
SITE0105,2026-04-13,1.0870684141317761e-05,0,0,0
SITE0105,2026-04-14,1.076402606143141e-05,0,0,0
SITE0105,2026-04-15,1.1446462778976656e-05,0,0,0
SITE0105,2026-04-16,9.513983987081113e-06,0,0,0
SITE0105,2026-04-17,9.981141091916848e-06,0,0,0
SITE0105,2026-04-18,9.711908484678852e-06,0,0,0
SITE0105,2026-04-19,1.0066567218764339e-05,0,0,0
SITE0105,2026-04-20,9.756945125056588e-06,0,0,0
SITE0105,2026-04-21,1.0759703129035029e-05,0,0,0
SITE0105,2026-04-22,9.47321590518745e-06,0,0,0
SITE0105,2026-04-23,1.0412597441029918e-05,0,0,0
SITE0105,2026-04-24,9.69850417850311e-06,0,0,0
SITE0105,2026-04-25,9.990793044477314e-06,0,0,0
SITE0105,2026-04-26,1.4999318562247815e-05,0,0,0
SITE0105,2026-04-27,1.0889383687032784e-05,0,0,0
SITE0105,2026-04-28,1.1201330157668184e-05,0,0,0
SITE0105,2026-04-29,9.475686144078664e-06,0,0,0
SITE0105,2026-04-30,9.791752156023764e-06,0,0,0
SITE0105,2026-05-01,1.0279471611324064e-05,0,0,0
SITE0105,2026-05-02,1.039220481815648e-05,0,0,0
SITE0105,2026-05-03,9.717615598943827e-06,0,0,0
SITE0105,2026-05-04,8.861562380865313e-06,0,0,0
SITE0105,2026-05-05,1.0319070118678925e-05,0,0,0
SITE0105,2026-05-06,1.1698973155164115e-05,0,0,0
SITE0105,2026-05-07,1.1493403837452036e-05,0,0,0
SITE0105,2026-05-08,1.0038536914157648e-05,0,0,0
SITE0105,2026-05-09,1.2864869253273103e-05,0,0,0
SITE0105,2026-05-10,9.483964084505954e-06,0,0,0
SITE0105,2026-05-11,1.3416491397007508e-05,0,0,0
SITE0105,2026-05-12,1.0693553435612457e-05,0,0,0
SITE0105,2026-05-13,9.780480956895576e-06,0,0,0
SITE0105,2026-05-14,8.869590562206824e-06,0,0,0
SITE0105,2026-05-15,9.47929810788192e-06,0,0,0
SITE0105,2026-05-16,1.0111929241136106e-05,0,0,0
SITE0105,2026-05-17,9.752860427211365e-06,0,0,0
SITE0105,2026-05-18,1.0821459266427772e-05,0,0,0
SITE0105,2026-05-19,9.771807600460138e-06,0,0,0
SITE0105,2026-05-20,1.2673910464551093e-05,0,0,0
SITE0105,2026-05-21,8.976987530000712e-06,0,0,0
SITE0105,2026-05-22,9.510774679094228e-06,0,0,0
SITE0105,2026-05-23,9.745828490276186e-06,0,0,0
SITE0105,2026-05-24,1.2890978916604482e-05,0,0,0
SITE0105,2026-05-25,9.687323282631976e-06,0,0,0
SITE0105,2026-05-26,1.0327944129574584e-05,0,0,0
SITE0105,2026-05-27,1.0277094098616128e-05,0,0,0
SITE0105,2026-05-28,1.005163018425703e-05,0,0,0
SITE0105,2026-05-29,9.989529125191885e-06,0,0,0
SITE0105,2026-05-30,1.1253699968218155e-05,0,0,0
SITE0105,2026-05-31,9.489720263386011e-06,0,0,0
SITE0105,2026-06-01,9.698503865310111e-06,0,0,0
SITE0105,2026-06-02,1.2372306609692118e-05,0,0,0
SITE0105,2026-06-03,9.760460479158025e-06,0,0,0
SITE0105,2026-06-04,9.175474799807272e-06,0,0,0
SITE0105,2026-06-05,9.501705712186387e-06,0,0,0
SITE0105,2026-06-06,1.2716931987435772e-05,0,0,0
SITE0105,2026-06-07,1.0055633484990001e-05,0,0,0
SITE0105,2026-06-08,9.563786339529362e-06,0,0,0
SITE0105,2026-06-09,1.4948057921892519e-05,0,0,0
SITE0105,2026-06-10,1.2991398802199258e-05,0,0,0
SITE0105,2026-06-11,1.1444496454070205e-05,0,0,0
SITE0105,2026-06-12,9.088774818878982e-06,0,0,0
SITE0105,2026-06-13,9.70046655684363e-06,0,0,0
SITE0105,2026-06-14,1.0541270125308047e-05,0,0,0
SITE0105,2026-06-15,1.232316926960336e-05,0,0,0
SITE0105,2026-06-16,9.741598497361243e-06,0,0,0
SITE0105,2026-06-17,1.0407152055542716e-05,0,0,0
SITE0105,2026-06-18,9.706106257349397e-06,0,0,0
SITE0105,2026-06-19,2.68301872212097e-05,0,0,0
SITE0105,2026-06-20,9.354746007571964e-06,0,0,0
SITE0105,2026-06-21,8.796719605492443e-06,0,0,0
SITE0105,2026-06-22,8.4652017540399e-06,0,0,0
SITE0105,2026-06-23,8.73949298559674e-06,0,0,0
SITE0105,2026-06-24,8.744350793646013e-06,0,0,0
SITE0105,2026-06-25,9.99931591116816e-06,0,0,0
SITE0105,2026-06-26,8.701585689670984e-06,0,0,0
SITE0105,2026-06-27,4.389811582946327e-05,0,0,0
SITE0105,2026-06-28,8.522708729767418e-06,0,0,0
SITE0105,2026-06-29,8.420218454911957e-06,0,0,0
SITE0106,2026-04-01,1.2047763360378249e-05,0,0,0
SITE0106,2026-04-02,4.3421614765419184e-05,0,0,0
SITE0106,2026-04-03,1.6446817572217806e-05,0,0,0
SITE0106,2026-04-04,1.1771367733023699e-05,0,0,0
SITE0106,2026-04-05,9.475789228356432e-06,0,0,0
SITE0106,2026-04-06,1.0261116070051577e-05,0,0,0
SITE0106,2026-04-07,1.0757586597636878e-05,0,0,0
SITE0106,2026-04-08,1.123347622170782e-05,0,0,0
SITE0106,2026-04-09,1.269230290820328e-05,0,0,0
SITE0106,2026-04-10,1.1481212781432247e-05,0,0,0
SITE0106,2026-04-11,8.986768025970416e-06,0,0,0
SITE0106,2026-04-12,1.2173932978257329e-05,0,0,0
SITE0106,2026-04-13,1.024281472056525e-05,0,0,0
SITE0106,2026-04-14,1.1640844316327951e-05,0,0,0
SITE0106,2026-04-15,1.065582940222447e-05,0,0,0
SITE0106,2026-04-16,1.2681795923383397e-05,0,0,0
SITE0106,2026-04-17,9.51233441433381e-06,0,0,0
SITE0106,2026-04-18,9.154038041178752e-06,0,0,0
SITE0106,2026-04-19,7.835858665199e-06,0,0,0
SITE0106,2026-04-20,9.027579162710447e-06,0,0,0
SITE0106,2026-04-21,9.386073284561157e-06,0,0,0
SITE0106,2026-04-22,9.032952725820903e-06,0,0,0
SITE0106,2026-04-23,1.1733250930089149e-05,0,0,0
SITE0106,2026-04-24,1.0239968335266622e-05,0,0,0
SITE0106,2026-04-25,1.2945563432642131e-05,0,0,0
SITE0106,2026-04-26,9.152310521394532e-06,0,0,0
SITE0106,2026-04-27,9.457672161174833e-06,0,0,0
SITE0106,2026-04-28,9.261380851366738e-06,0,0,0
SITE0106,2026-04-29,1.1715479332534851e-05,0,0,0
SITE0106,2026-04-30,1.0639669890437602e-05,0,0,0
SITE0106,2026-05-01,8.96850130012181e-06,0,0,0
SITE0106,2026-05-02,9.182208348707008e-06,0,0,0
SITE0106,2026-05-03,9.679478059945153e-06,0,0,0
SITE0106,2026-05-04,1.0642733481962647e-05,0,0,0
SITE0106,2026-05-05,9.552131384236043e-06,0,0,0
SITE0106,2026-05-06,1.3680167692171631e-05,0,0,0
SITE0106,2026-05-07,1.1352179224594454e-05,0,0,0
SITE0106,2026-05-08,1.1432637210227895e-05,0,0,0
SITE0106,2026-05-09,9.132729236116943e-06,0,0,0
SITE0106,2026-05-10,1.005501275311691e-05,0,0,0
SITE0106,2026-05-11,9.322485043166095e-06,0,0,0
SITE0106,2026-05-12,9.215237697107811e-06,0,0,0
SITE0106,2026-05-13,1.0959872048126725e-05,0,0,0
SITE0106,2026-05-14,9.43272904547848e-06,0,0,0
SITE0106,2026-05-15,1.2776549850882025e-05,0,0,0
SITE0106,2026-05-16,1.0074219053427038e-05,0,0,0
SITE0106,2026-05-17,9.589480226714894e-06,0,0,0
SITE0106,2026-05-18,9.888353586424111e-06,0,0,0
SITE0106,2026-05-19,8.972760735428795e-06,0,0,0
SITE0106,2026-05-20,1.3847803049983809e-05,0,0,0
SITE0106,2026-05-21,1.3693653449260623e-05,0,0,0
SITE0106,2026-05-22,1.7499800147989085e-05,0,0,0
SITE0106,2026-05-23,8.879005183005979e-06,0,0,0
SITE0106,2026-05-24,1.0496207113752812e-05,0,0,0
SITE0106,2026-05-25,9.602920930724567e-06,0,0,0
SITE0106,2026-05-26,9.050760559109203e-06,0,0,0
SITE0106,2026-05-27,9.836093326302392e-06,0,0,0
SITE0106,2026-05-28,1.0188324792410318e-05,0,0,0
SITE0106,2026-05-29,9.56281774886973e-06,0,0,0
SITE0106,2026-05-30,1.0765697451987187e-05,0,0,0
SITE0106,2026-05-31,1.0765697452114118e-05,0,0,0
SITE0106,2026-06-01,1.2785725037137716e-05,0,0,0
SITE0106,2026-06-02,9.749825258464189e-06,0,0,0
SITE0106,2026-06-03,9.061337909201268e-06,0,0,0
SITE0106,2026-06-04,9.132159628726505e-06,0,0,0
SITE0106,2026-06-05,9.363825222210129e-06,0,0,0
SITE0106,2026-06-06,1.6375203007547857e-05,0,0,0
SITE0106,2026-06-07,1.7123529876529825e-05,0,0,0
SITE0106,2026-06-08,1.0494352184323014e-05,0,0,0
SITE0106,2026-06-09,1.0593094120437725e-05,0,0,0
SITE0106,2026-06-10,1.0361264605886772e-05,0,0,0
SITE0106,2026-06-11,1.2133175481256408e-05,0,0,0
SITE0106,2026-06-12,1.1996112561709875e-05,0,0,0
SITE0106,2026-06-13,8.945727164127228e-06,0,0,0
SITE0106,2026-06-14,8.798272538582376e-06,0,0,0
SITE0106,2026-06-15,9.962673431192715e-06,0,0,0
SITE0106,2026-06-16,1.113132416335128e-05,0,0,0
SITE0106,2026-06-17,1.2711222873641967e-05,0,0,0
SITE0106,2026-06-18,1.2056275317485741e-05,0,0,0
SITE0106,2026-06-19,8.791608732608079e-06,0,0,0
SITE0106,2026-06-20,1.2687762463841314e-05,0,0,0
SITE0106,2026-06-21,9.102291027839452e-06,0,0,0
SITE0106,2026-06-22,9.774413856513793e-06,0,0,0
SITE0106,2026-06-23,1.01423979342835e-05,0,0,0
SITE0106,2026-06-24,9.49663157566427e-06,0,0,0
SITE0106,2026-06-25,1.4348510826734566e-05,0,0,0
SITE0106,2026-06-26,8.847222421220614e-06,0,0,0
SITE0106,2026-06-27,1.1753348215969875e-05,0,0,0
SITE0106,2026-06-28,9.333356091970191e-06,0,0,0
SITE0106,2026-06-29,1.3058640279884587e-05,0,0,0
SITE0107,2026-04-01,8.645086067318863e-06,0,0,0
SITE0107,2026-04-02,5.602986025394029e-06,0,0,0
SITE0107,2026-04-03,7.389708310181142e-06,0,0,0
SITE0107,2026-04-04,6.7720330027159e-06,0,0,0
SITE0107,2026-04-05,7.921915072946895e-06,0,0,0
SITE0107,2026-04-06,1.3426710328225562e-05,0,0,0
SITE0107,2026-04-07,8.116193754272261e-06,0,0,0
SITE0107,2026-04-08,7.312028442803578e-06,0,0,0
SITE0107,2026-04-09,9.582859833775503e-06,0,0,0
SITE0107,2026-04-10,1.485820133051732e-05,0,0,0
SITE0107,2026-04-11,9.644496076377545e-06,0,0,0
SITE0107,2026-04-12,6.940882825453157e-06,0,0,0
SITE0107,2026-04-13,7.357029684695409e-06,0,0,0
SITE0107,2026-04-14,6.779972678562821e-06,0,0,0
SITE0107,2026-04-15,6.766305152026908e-06,0,0,0
SITE0107,2026-04-16,8.176215927300961e-06,0,0,0
SITE0107,2026-04-17,1.1347279247138969e-05,0,0,0
SITE0107,2026-04-18,8.688096664737704e-06,0,0,0
SITE0107,2026-04-19,1.1388343395473193e-05,0,0,0
SITE0107,2026-04-20,9.113441260631035e-06,0,0,0
SITE0107,2026-04-21,1.1465693143526753e-05,0,0,0
SITE0107,2026-04-22,1.2167600808905318e-05,0,0,0
SITE0107,2026-04-23,1.0205736612141298e-05,0,0,0
SITE0107,2026-04-24,8.409570101205415e-06,0,0,0
SITE0107,2026-04-25,7.228159316269749e-06,0,0,0
SITE0107,2026-04-26,6.855917743098189e-06,0,0,0
SITE0107,2026-04-27,6.778560463553882e-06,0,0,0
SITE0107,2026-04-28,1.543456148695483e-05,0,0,0
SITE0107,2026-04-29,6.842288447240333e-06,0,0,0
SITE0107,2026-04-30,7.587498188862656e-06,0,0,0
SITE0107,2026-05-01,6.952153803221978e-06,0,0,0
SITE0107,2026-05-02,9.482859201282331e-06,0,0,0
SITE0107,2026-05-03,1.4772795022141426e-05,0,0,0
SITE0107,2026-05-04,7.762062330978288e-06,0,0,0
SITE0107,2026-05-05,8.683260233772968e-06,0,0,0
SITE0107,2026-05-06,8.582006510439694e-06,0,0,0
SITE0107,2026-05-07,1.3452722459124988e-05,0,0,0
SITE0107,2026-05-08,9.345597802644424e-06,0,0,0
SITE0107,2026-05-09,1.0081696366858736e-05,0,0,0
SITE0107,2026-05-10,1.0184290148973369e-05,0,0,0
SITE0107,2026-05-11,8.938314246262267e-06,0,0,0
SITE0107,2026-05-12,1.6601729810130903e-05,0,0,0
SITE0107,2026-05-13,1.0775003904783436e-05,0,0,0
SITE0107,2026-05-14,1.1687790868795917e-05,0,0,0
SITE0107,2026-05-15,9.837961586957062e-06,0,0,0
SITE0107,2026-05-16,1.1261063016895292e-05,0,0,0
SITE0107,2026-05-17,6.419783623591732e-06,0,0,0
SITE0107,2026-05-18,6.525825854769866e-06,0,0,0
SITE0107,2026-05-19,9.538573772165221e-06,0,0,0
SITE0107,2026-05-20,9.353328671899725e-06,0,0,0
SITE0107,2026-05-21,1.32918450988784e-05,0,0,0
SITE0107,2026-05-22,1.1219127390332179e-05,0,0,0
SITE0107,2026-05-23,1.3286746512007395e-05,0,0,0
SITE0107,2026-05-24,1.3036754465268587e-05,0,0,0
SITE0107,2026-05-25,9.925973295855914e-06,0,0,0
SITE0107,2026-05-26,9.367555111833037e-06,0,0,0
SITE0107,2026-05-27,6.458437647618395e-06,0,0,0
SITE0107,2026-05-28,6.5690436071102875e-06,0,0,0
SITE0107,2026-05-29,7.648335135828594e-06,0,0,0
SITE0107,2026-05-30,1.4706606165061584e-05,0,0,0
SITE0107,2026-05-31,9.19779591457726e-06,0,0,0
SITE0107,2026-06-01,1.169011579751862e-05,0,0,0
SITE0107,2026-06-02,7.130485867296554e-06,0,0,0
SITE0107,2026-06-03,8.647726301413858e-06,0,0,0
SITE0107,2026-06-04,6.2147857529499705e-06,0,0,0
SITE0107,2026-06-05,7.892733260344828e-06,0,0,0
SITE0107,2026-06-06,9.785656362117572e-06,0,0,0
SITE0107,2026-06-07,9.320104017896729e-06,0,0,0
SITE0107,2026-06-08,7.641871184118049e-06,0,0,0
SITE0107,2026-06-09,1.0950371662946759e-05,0,0,0
SITE0107,2026-06-10,1.2160721732214265e-05,0,0,0
SITE0107,2026-06-11,7.685429316728914e-06,0,0,0
SITE0107,2026-06-12,7.607937183250694e-06,0,0,0
SITE0107,2026-06-13,9.426595653095992e-06,0,0,0
SITE0107,2026-06-14,8.13847499830212e-06,0,0,0
SITE0107,2026-06-15,9.037400062005942e-06,0,0,0
SITE0107,2026-06-16,6.68249789944842e-06,0,0,0
SITE0107,2026-06-17,1.0326141815221207e-05,0,0,0
SITE0107,2026-06-18,9.00342951788775e-06,0,0,0
SITE0107,2026-06-19,6.005180190494705e-06,0,0,0
SITE0107,2026-06-20,6.8679817974157094e-06,0,0,0
SITE0107,2026-06-21,6.182528195249905e-06,0,0,0
SITE0107,2026-06-22,7.852561701501628e-06,0,0,0
SITE0107,2026-06-23,6.233177467392094e-06,0,0,0
SITE0107,2026-06-24,6.449063711589785e-06,0,0,0
SITE0107,2026-06-25,6.903331073006825e-06,0,0,0
SITE0107,2026-06-26,7.642860141349997e-06,0,0,0
SITE0107,2026-06-27,8.406148470413981e-06,0,0,0
SITE0107,2026-06-28,8.649893550892517e-06,0,0,0
SITE0107,2026-06-29,1.0158153617928135e-05,0,0,0
SITE0108,2026-04-01,6.544160863961895e-05,0,0,0
SITE0108,2026-04-02,8.787946689667665e-06,0,0,0
SITE0108,2026-04-03,8.72231166269097e-06,0,0,0
SITE0108,2026-04-04,8.722311805624135e-06,0,0,0
SITE0108,2026-04-05,8.437172981429657e-06,0,0,0
SITE0108,2026-04-06,9.098596268756992e-06,0,0,0
SITE0108,2026-04-07,7.377473346037075e-06,0,0,0
SITE0108,2026-04-08,8.787989852279494e-06,0,0,0
SITE0108,2026-04-09,8.787146765837816e-06,0,0,0
SITE0108,2026-04-10,9.415823505243805e-06,0,0,0
SITE0108,2026-04-11,9.073477844674326e-06,0,0,0
SITE0108,2026-04-12,8.723209157283565e-06,0,0,0
SITE0108,2026-04-13,8.50055478043755e-06,0,0,0
SITE0108,2026-04-14,6.680490605596309e-06,0,0,0
SITE0108,2026-04-15,8.393369864529528e-06,0,0,0
SITE0108,2026-04-16,6.964969189417605e-06,0,0,0
SITE0108,2026-04-17,8.90148694245254e-06,0,0,0
SITE0108,2026-04-18,8.722311919682104e-06,0,0,0
SITE0108,2026-04-19,9.34674778572324e-06,0,0,0
SITE0108,2026-04-20,9.10005869999048e-06,0,0,0
SITE0108,2026-04-21,8.394721301261002e-06,0,0,0
SITE0108,2026-04-22,8.790276424932622e-06,0,0,0
SITE0108,2026-04-23,8.786308085264865e-06,0,0,0
SITE0108,2026-04-24,8.722311967665099e-06,0,0,0
SITE0108,2026-04-25,9.81011256601354e-06,0,0,0
SITE0108,2026-04-26,1.8102061377123003e-05,0,0,0
SITE0108,2026-04-27,6.4135192133073686e-06,0,0,0
SITE0108,2026-04-28,7.192946117527292e-06,0,0,0
SITE0108,2026-04-29,7.504940134600058e-06,0,0,0
SITE0108,2026-04-30,8.78637389148181e-06,0,0,0
SITE0108,2026-05-01,7.2890339325662134e-06,0,0,0
SITE0108,2026-05-02,9.030383369007128e-06,0,0,0
SITE0108,2026-05-03,9.032900951596921e-06,0,0,0
SITE0108,2026-05-04,7.93586813081067e-06,0,0,0
SITE0108,2026-05-05,7.4519348995498364e-06,0,0,0
SITE0108,2026-05-06,9.098545004503162e-06,0,0,0
SITE0108,2026-05-07,7.933471287090723e-06,0,0,0
SITE0108,2026-05-08,9.031986511392099e-06,0,0,0
SITE0108,2026-05-09,9.344731727105964e-06,0,0,0
SITE0108,2026-05-10,9.031212113493767e-06,0,0,0
SITE0108,2026-05-11,7.192951006662009e-06,0,0,0
SITE0108,2026-05-12,8.66768041712333e-06,0,0,0
SITE0108,2026-05-13,9.09312520468871e-06,0,0,0
SITE0108,2026-05-14,8.78937824217393e-06,0,0,0
SITE0108,2026-05-15,7.605900854029598e-06,0,0,0
SITE0108,2026-05-16,9.09754986303612e-06,0,0,0
SITE0108,2026-05-17,8.722353294775109e-06,0,0,0
SITE0108,2026-05-18,6.08166649327915e-06,0,0,0
SITE0108,2026-05-19,8.369731282532427e-06,0,0,0
SITE0108,2026-05-20,8.135834858387955e-06,0,0,0
SITE0108,2026-05-21,8.787356170763805e-06,0,0,0
SITE0108,2026-05-22,6.49340805328074e-06,0,0,0
SITE0108,2026-05-23,1.5996683207911246e-05,0,0,0
SITE0108,2026-05-24,6.337162576130726e-06,0,0,0
SITE0108,2026-05-25,9.095166124682853e-06,0,0,0
SITE0108,2026-05-26,7.670837290868733e-06,0,0,0
SITE0108,2026-05-27,7.663958154023707e-06,0,0,0
SITE0108,2026-05-28,8.762724023845415e-06,0,0,0
SITE0108,2026-05-29,9.040743750713149e-06,0,0,0
SITE0108,2026-05-30,6.916457960100654e-06,0,0,0
SITE0108,2026-05-31,9.032075615188042e-06,0,0,0
SITE0108,2026-06-01,7.765116006246095e-06,0,0,0
SITE0108,2026-06-02,9.1008784059075e-06,0,0,0
SITE0108,2026-06-03,7.211287948088053e-06,0,0,0
SITE0108,2026-06-04,8.559225543887637e-06,0,0,0
SITE0108,2026-06-05,8.650287129221817e-06,0,0,0
SITE0108,2026-06-06,7.87504506084011e-06,0,0,0
SITE0108,2026-06-07,8.615575675670114e-06,0,0,0
SITE0108,2026-06-08,8.5553733630978e-06,0,0,0
SITE0108,2026-06-09,9.16216654120186e-06,0,0,0
SITE0108,2026-06-10,9.81562541591787e-06,0,0,0
SITE0108,2026-06-11,9.4874876844719e-06,0,0,0
SITE0108,2026-06-12,9.09389765333207e-06,0,0,0
SITE0108,2026-06-13,9.276825928389651e-06,0,0,0
SITE0108,2026-06-14,7.606105998967626e-06,0,0,0
SITE0108,2026-06-15,8.787353965580556e-06,0,0,0
SITE0108,2026-06-16,8.789517129446564e-06,0,0,0
SITE0108,2026-06-17,8.786507532173723e-06,0,0,0
SITE0108,2026-06-18,8.787261720803716e-06,0,0,0
SITE0108,2026-06-19,9.598627453382483e-06,0,0,0
SITE0108,2026-06-20,7.39249562922251e-06,0,0,0
SITE0108,2026-06-21,8.040754066712684e-06,0,0,0
SITE0108,2026-06-22,8.724337455240968e-06,0,0,0
SITE0108,2026-06-23,7.097059233996787e-06,0,0,0
SITE0108,2026-06-24,6.691209027921376e-06,0,0,0
SITE0108,2026-06-25,7.988776142822979e-06,0,0,0
SITE0108,2026-06-26,9.028553088932712e-06,0,0,0
SITE0108,2026-06-27,1.753567200478165e-05,0,0,0
SITE0108,2026-06-28,1.0512584452024046e-05,0,0,0
SITE0108,2026-06-29,1.9787848762419877e-05,0,0,0
SITE0109,2026-04-01,4.3087160765319164e-05,0,0,0
SITE0109,2026-04-02,4.1358159813893225e-05,0,0,0
SITE0109,2026-04-03,3.621846865841255e-05,0,0,0
SITE0109,2026-04-04,1.0328495814473473e-05,0,0,0
SITE0109,2026-04-05,1.0423484339715786e-05,0,0,0
SITE0109,2026-04-06,9.352879137658105e-06,0,0,0
SITE0109,2026-04-07,1.1140067936747983e-05,0,0,0
SITE0109,2026-04-08,9.98261747854421e-06,0,0,0
SITE0109,2026-04-09,8.697592425930527e-06,0,0,0
SITE0109,2026-04-10,1.0525278345625374e-05,0,0,0
SITE0109,2026-04-11,1.0781082471653983e-05,0,0,0
SITE0109,2026-04-12,1.3054280892186198e-05,0,0,0
SITE0109,2026-04-13,1.1314556569572524e-05,0,0,0
SITE0109,2026-04-14,1.532223667589101e-05,0,0,0
SITE0109,2026-04-15,9.903136454235354e-06,0,0,0
SITE0109,2026-04-16,9.658784245168333e-06,0,0,0
SITE0109,2026-04-17,8.708742225785694e-06,0,0,0
SITE0109,2026-04-18,9.348595210308439e-06,0,0,0
SITE0109,2026-04-19,1.1586559880211222e-05,0,0,0
SITE0109,2026-04-20,1.2266987319086057e-05,0,0,0
SITE0109,2026-04-21,1.2738237639518002e-05,0,0,0
SITE0109,2026-04-22,1.1154455166464671e-05,0,0,0
SITE0109,2026-04-23,8.677103814145257e-06,0,0,0
SITE0109,2026-04-24,9.544131256300144e-06,0,0,0
SITE0109,2026-04-25,1.1956410757708629e-05,0,0,0
SITE0109,2026-04-26,8.999332587609545e-06,0,0,0
SITE0109,2026-04-27,1.749157090738321e-05,0,0,0
SITE0109,2026-04-28,1.2296267168550913e-05,0,0,0
SITE0109,2026-04-29,1.1833429443348094e-05,0,0,0
SITE0109,2026-04-30,1.0266744245794719e-05,0,0,0
SITE0109,2026-05-01,1.151970264723674e-05,0,0,0
SITE0109,2026-05-02,1.2002435848741414e-05,0,0,0
SITE0109,2026-05-03,8.76230610766933e-06,0,0,0
SITE0109,2026-05-04,1.0054369622828945e-05,0,0,0
SITE0109,2026-05-05,8.625541015132961e-06,0,0,0
SITE0109,2026-05-06,1.0713947707401366e-05,0,0,0
SITE0109,2026-05-07,1.1732248671593722e-05,0,0,0
SITE0109,2026-05-08,1.4802582497090064e-05,0,0,0
SITE0109,2026-05-09,1.2704036948810145e-05,0,0,0
SITE0109,2026-05-10,1.1148325338754782e-05,0,0,0
SITE0109,2026-05-11,9.737817732414326e-06,0,0,0
SITE0109,2026-05-12,8.560449453635626e-06,0,0,0
SITE0109,2026-05-13,1.1001773719384914e-05,0,0,0
SITE0109,2026-05-14,9.749865632274034e-06,0,0,0
SITE0109,2026-05-15,1.043546302018121e-05,0,0,0
SITE0109,2026-05-16,1.0424101792791392e-05,0,0,0
SITE0109,2026-05-17,1.0351921519709163e-05,0,0,0
SITE0109,2026-05-18,9.492123610673817e-06,0,0,0
SITE0109,2026-05-19,9.47019044140847e-06,0,0,0
SITE0109,2026-05-20,9.04340630617276e-06,0,0,0
SITE0109,2026-05-21,9.51056089699912e-06,0,0,0
SITE0109,2026-05-22,1.2698689774071953e-05,0,0,0
SITE0109,2026-05-23,1.301153907259507e-05,0,0,0
SITE0109,2026-05-24,1.1009558408331372e-05,0,0,0
SITE0109,2026-05-25,1.0948185535886238e-05,0,0,0
SITE0109,2026-05-26,1.0994202351498874e-05,0,0,0
SITE0109,2026-05-27,1.0966779529696972e-05,0,0,0
SITE0109,2026-05-28,1.590731634283701e-05,0,0,0
SITE0109,2026-05-29,1.2857406423688246e-05,0,0,0
SITE0109,2026-05-30,9.928851019839636e-06,0,0,0
SITE0109,2026-05-31,1.2662808104159576e-05,0,0,0
SITE0109,2026-06-01,1.039253922854338e-05,0,0,0
SITE0109,2026-06-02,9.671843833005847e-06,0,0,0
SITE0109,2026-06-03,9.780836271919141e-06,0,0,0
SITE0109,2026-06-04,1.3114605180058427e-05,0,0,0
SITE0109,2026-06-05,1.1816027399874658e-05,0,0,0
SITE0109,2026-06-06,1.3329647803251305e-05,0,0,0
SITE0109,2026-06-07,9.411819220167921e-06,0,0,0
SITE0109,2026-06-08,1.207715661667119e-05,0,0,0
SITE0109,2026-06-09,8.225783484457194e-06,0,0,0
SITE0109,2026-06-10,9.515891902702506e-06,0,0,0
SITE0109,2026-06-11,8.082423358993817e-06,0,0,0
SITE0109,2026-06-12,9.446395187357765e-06,0,0,0
SITE0109,2026-06-13,9.099612565521855e-06,0,0,0
SITE0109,2026-06-14,1.1193066759570729e-05,0,0,0
SITE0109,2026-06-15,1.1934842109048639e-05,0,0,0
SITE0109,2026-06-16,1.6432579852316046e-05,0,0,0
SITE0109,2026-06-17,1.0965036649321418e-05,0,0,0
SITE0109,2026-06-18,1.107307572574309e-05,0,0,0
SITE0109,2026-06-19,9.609155490369978e-06,0,0,0
SITE0109,2026-06-20,1.1583079865381792e-05,0,0,0
SITE0109,2026-06-21,8.486242526658229e-06,0,0,0
SITE0109,2026-06-22,9.915042111065968e-06,0,0,0
SITE0109,2026-06-23,1.2179909717387953e-05,0,0,0
SITE0109,2026-06-24,1.0689347106679764e-05,0,0,0
SITE0109,2026-06-25,1.4854366366389575e-05,0,0,0
SITE0109,2026-06-26,1.101102953360487e-05,0,0,0
SITE0109,2026-06-27,1.1338673420287367e-05,0,0,0
SITE0109,2026-06-28,1.3015420892189026e-05,0,0,0
SITE0109,2026-06-29,1.1742741568870582e-05,0,0,0
SITE0110,2026-04-01,2.99775169321159e-05,0,0,0
SITE0110,2026-04-02,3.441139767346826e-05,0,0,0
SITE0110,2026-04-03,9.031382872090166e-06,0,0,0
SITE0110,2026-04-04,7.856577018472871e-06,0,0,0
SITE0110,2026-04-05,8.29087444359061e-06,0,0,0
SITE0110,2026-04-06,8.350559991925e-06,0,0,0
SITE0110,2026-04-07,8.045507777033677e-06,0,0,0
SITE0110,2026-04-08,8.620096217579084e-06,0,0,0
SITE0110,2026-04-09,7.329588672874536e-06,0,0,0
SITE0110,2026-04-10,7.629044800542472e-06,0,0,0
SITE0110,2026-04-11,7.788102599864313e-06,0,0,0
SITE0110,2026-04-12,7.829495121175976e-06,0,0,0
SITE0110,2026-04-13,7.832861747269402e-06,0,0,0
SITE0110,2026-04-14,8.024199008090985e-06,0,0,0
SITE0110,2026-04-15,6.890299319026796e-06,0,0,0
SITE0110,2026-04-16,7.786957800150545e-06,0,0,0
SITE0110,2026-04-17,8.016030746209663e-06,0,0,0
SITE0110,2026-04-18,7.4698136382149725e-06,0,0,0
SITE0110,2026-04-19,8.817445902991379e-06,0,0,0
SITE0110,2026-04-20,7.410569023546994e-06,0,0,0
SITE0110,2026-04-21,8.37263188615995e-06,0,0,0
SITE0110,2026-04-22,7.804865642192952e-06,0,0,0
SITE0110,2026-04-23,7.167678476807779e-06,0,0,0
SITE0110,2026-04-24,7.5923096057805546e-06,0,0,0
SITE0110,2026-04-25,6.983133548772608e-06,0,0,0
SITE0110,2026-04-26,8.018008501324287e-06,0,0,0
SITE0110,2026-04-27,7.101851031498787e-06,0,0,0
SITE0110,2026-04-28,8.061505331514844e-06,0,0,0
SITE0110,2026-04-29,9.651689080206432e-06,0,0,0
SITE0110,2026-04-30,1.0457719450134906e-05,0,0,0
SITE0110,2026-05-01,8.725524201576754e-06,0,0,0
SITE0110,2026-05-02,7.683789142599964e-06,0,0,0
SITE0110,2026-05-03,7.570231750513549e-06,0,0,0
SITE0110,2026-05-04,7.708694540939716e-06,0,0,0
SITE0110,2026-05-05,8.191180782971086e-06,0,0,0
SITE0110,2026-05-06,6.595709742467968e-06,0,0,0
SITE0110,2026-05-07,6.7204641767620035e-06,0,0,0
SITE0110,2026-05-08,8.02439161211786e-06,0,0,0
SITE0110,2026-05-09,7.970589532435901e-06,0,0,0
SITE0110,2026-05-10,7.3651833197749585e-06,0,0,0
SITE0110,2026-05-11,7.6250768501162135e-06,0,0,0
SITE0110,2026-05-12,7.894510060264755e-06,0,0,0
SITE0110,2026-05-13,7.180282162225847e-06,0,0,0
SITE0110,2026-05-14,7.340831581510594e-06,0,0,0
SITE0110,2026-05-15,7.340610871876327e-06,0,0,0
SITE0110,2026-05-16,8.910698084361065e-06,0,0,0
SITE0110,2026-05-17,7.631389782204331e-06,0,0,0
SITE0110,2026-05-18,7.290298016825637e-06,0,0,0
SITE0110,2026-05-19,7.787294253421873e-06,0,0,0
SITE0110,2026-05-20,8.389108913547628e-06,0,0,0
SITE0110,2026-05-21,7.664088195029655e-06,0,0,0
SITE0110,2026-05-22,9.608156359108244e-06,0,0,0
SITE0110,2026-05-23,7.792702419097175e-06,0,0,0
SITE0110,2026-05-24,7.297624419829146e-06,0,0,0
SITE0110,2026-05-25,7.10870765223042e-06,0,0,0
SITE0110,2026-05-26,7.843274318783874e-06,0,0,0
SITE0110,2026-05-27,7.955651875443901e-06,0,0,0
SITE0110,2026-05-28,7.257591973152771e-06,0,0,0
SITE0110,2026-05-29,7.818028220084434e-06,0,0,0
SITE0110,2026-05-30,7.635555118351169e-06,0,0,0
SITE0110,2026-05-31,7.792171626416e-06,0,0,0
SITE0110,2026-06-01,7.247356786243565e-06,0,0,0
SITE0110,2026-06-02,7.8333635194352e-06,0,0,0
SITE0110,2026-06-03,7.821540602178528e-06,0,0,0
SITE0110,2026-06-04,8.01467633868575e-06,0,0,0
SITE0110,2026-06-05,7.82877789030668e-06,0,0,0
SITE0110,2026-06-06,7.782664172207228e-06,0,0,0
SITE0110,2026-06-07,7.286966048438221e-06,0,0,0
SITE0110,2026-06-08,7.783089996437326e-06,0,0,0
SITE0110,2026-06-09,7.822089631954405e-06,0,0,0
SITE0110,2026-06-10,8.302348277960597e-06,0,0,0
SITE0110,2026-06-11,8.012644219508931e-06,0,0,0
SITE0110,2026-06-12,8.078216035540881e-06,0,0,0
SITE0110,2026-06-13,7.1465705158537145e-06,0,0,0
SITE0110,2026-06-14,8.06120033295182e-06,0,0,0
SITE0110,2026-06-15,6.453553459744335e-06,0,0,0
SITE0110,2026-06-16,7.553610058572826e-06,0,0,0
SITE0110,2026-06-17,6.837574487770082e-06,0,0,0
SITE0110,2026-06-18,7.920962300344084e-06,0,0,0
SITE0110,2026-06-19,6.947118709043691e-06,0,0,0
SITE0110,2026-06-20,7.884698228448435e-06,0,0,0
SITE0110,2026-06-21,7.833466878493507e-06,0,0,0
SITE0110,2026-06-22,7.896936911833432e-06,0,0,0
SITE0110,2026-06-23,8.132955185251047e-06,0,0,0
SITE0110,2026-06-24,8.149550721327443e-06,0,0,0
SITE0110,2026-06-25,8.325743466677505e-06,0,0,0
SITE0110,2026-06-26,8.493419994505908e-06,0,0,0
SITE0110,2026-06-27,8.331307913619095e-06,0,0,0
SITE0110,2026-06-28,8.541362412808407e-06,0,0,0
SITE0110,2026-06-29,9.698517230017288e-06,0,0,0
SITE0111,2026-04-01,2.785677706232908e-05,0,0,0
SITE0111,2026-04-02,9.912781320923969e-06,0,0,0
SITE0111,2026-04-03,9.980920695067279e-06,0,0,0
SITE0111,2026-04-04,1.0509305974164515e-05,0,0,0
SITE0111,2026-04-05,1.2880739402837618e-05,0,0,0
SITE0111,2026-04-06,1.1068295238987083e-05,0,0,0
SITE0111,2026-04-07,1.1042339389689482e-05,0,0,0
SITE0111,2026-04-08,9.731607842348505e-06,0,0,0
SITE0111,2026-04-09,1.3252795446777448e-05,0,0,0
SITE0111,2026-04-10,1.6731810640763608e-05,0,0,0
SITE0111,2026-04-11,1.4896176010558265e-05,0,0,0
SITE0111,2026-04-12,9.823895350543683e-06,0,0,0
SITE0111,2026-04-13,1.0553836397523337e-05,0,0,0
SITE0111,2026-04-14,1.018645932018898e-05,0,0,0
SITE0111,2026-04-15,1.0138389975634552e-05,0,0,0
SITE0111,2026-04-16,1.0568851073961181e-05,0,0,0
SITE0111,2026-04-17,1.1099113105904103e-05,0,0,0
SITE0111,2026-04-18,1.416764700655854e-05,0,0,0
SITE0111,2026-04-19,9.82551824496227e-06,0,0,0
SITE0111,2026-04-20,1.3551803964574267e-05,0,0,0
SITE0111,2026-04-21,1.014035204382546e-05,0,0,0
SITE0111,2026-04-22,1.1497384057255391e-05,0,0,0
SITE0111,2026-04-23,2.2251190334069107e-05,0,0,0
SITE0111,2026-04-24,1.4277527040345801e-05,0,0,0
SITE0111,2026-04-25,1.0478939051422339e-05,0,0,0
SITE0111,2026-04-26,1.0772344128244783e-05,0,0,0
SITE0111,2026-04-27,1.0374180989520147e-05,0,0,0
SITE0111,2026-04-28,1.3011641111578176e-05,0,0,0
SITE0111,2026-04-29,9.993604166552173e-06,0,0,0
SITE0111,2026-04-30,1.1026545303213782e-05,0,0,0
SITE0111,2026-05-01,1.0492363456263033e-05,0,0,0
SITE0111,2026-05-02,1.1052959349081677e-05,0,0,0
SITE0111,2026-05-03,1.4644712922103116e-05,0,0,0
SITE0111,2026-05-04,9.596933283217572e-06,0,0,0
SITE0111,2026-05-05,1.184442043048062e-05,0,0,0
SITE0111,2026-05-06,1.0065812736616855e-05,0,0,0
SITE0111,2026-05-07,1.1857554583076992e-05,0,0,0
SITE0111,2026-05-08,1.6914151401005676e-05,0,0,0
SITE0111,2026-05-09,1.33128007121031e-05,0,0,0
SITE0111,2026-05-10,9.232308419978871e-06,0,0,0
SITE0111,2026-05-11,1.0379760010194029e-05,0,0,0
SITE0111,2026-05-12,1.1442891347622546e-05,0,0,0
SITE0111,2026-05-13,1.0635796963822075e-05,0,0,0
SITE0111,2026-05-14,9.42301613393426e-06,0,0,0
SITE0111,2026-05-15,1.230661285115903e-05,0,0,0
SITE0111,2026-05-16,9.88392180358434e-06,0,0,0
SITE0111,2026-05-17,1.1996064210836731e-05,0,0,0
SITE0111,2026-05-18,1.1118050793690991e-05,0,0,0
SITE0111,2026-05-19,1.134891407364349e-05,0,0,0
SITE0111,2026-05-20,1.1923458628110098e-05,0,0,0
SITE0111,2026-05-21,1.2564761269283099e-05,0,0,0
SITE0111,2026-05-22,1.0529535795472438e-05,0,0,0
SITE0111,2026-05-23,9.924664233599827e-06,0,0,0
SITE0111,2026-05-24,1.1018919720106038e-05,0,0,0
SITE0111,2026-05-25,1.0893974147982548e-05,0,0,0
SITE0111,2026-05-26,1.0655068459622484e-05,0,0,0
SITE0111,2026-05-27,1.0346164520585908e-05,0,0,0
SITE0111,2026-05-28,1.334289613682758e-05,0,0,0
SITE0111,2026-05-29,1.321471425791737e-05,0,0,0
SITE0111,2026-05-30,1.163607023406224e-05,0,0,0
SITE0111,2026-05-31,9.891550581696875e-06,0,0,0
SITE0111,2026-06-01,1.138794506199852e-05,0,0,0
SITE0111,2026-06-02,1.0626274763200325e-05,0,0,0
SITE0111,2026-06-03,1.1336426373714551e-05,0,0,0
SITE0111,2026-06-04,1.6701604159930968e-05,0,0,0
SITE0111,2026-06-05,1.0756589064639986e-05,0,0,0
SITE0111,2026-06-06,1.6117774008295955e-05,0,0,0
SITE0111,2026-06-07,1.168968315350459e-05,0,0,0
SITE0111,2026-06-08,1.037969403095051e-05,0,0,0
SITE0111,2026-06-09,1.0518836471229005e-05,0,0,0
SITE0111,2026-06-10,1.626457036994084e-05,0,0,0
SITE0111,2026-06-11,1.0541795852933742e-05,0,0,0
SITE0111,2026-06-12,1.6858185347125418e-05,0,0,0
SITE0111,2026-06-13,1.0213431525180857e-05,0,0,0
SITE0111,2026-06-14,1.1414654197076501e-05,0,0,0
SITE0111,2026-06-15,1.0943733429291107e-05,0,0,0
SITE0111,2026-06-16,1.323608946830927e-05,0,0,0
SITE0111,2026-06-17,1.0258526374019932e-05,0,0,0
SITE0111,2026-06-18,1.0664844264820443e-05,0,0,0
SITE0111,2026-06-19,1.0011805975562082e-05,0,0,0
SITE0111,2026-06-20,1.0176676766011437e-05,0,0,0
SITE0111,2026-06-21,1.1565168367868096e-05,0,0,0
SITE0111,2026-06-22,1.1295585511144685e-05,0,0,0
SITE0111,2026-06-23,1.5918990089837524e-05,0,0,0
SITE0111,2026-06-24,1.1330646328342036e-05,0,0,0
SITE0111,2026-06-25,1.1680041718655152e-05,0,0,0
SITE0111,2026-06-26,1.082188649397211e-05,0,0,0
SITE0111,2026-06-27,1.0011141141139831e-05,0,0,0
SITE0111,2026-06-28,1.0136058251489162e-05,0,0,0
SITE0111,2026-06-29,1.5266238438169375e-05,0,0,0
SITE0112,2026-04-01,4.381098788110944e-05,0,0,0
SITE0112,2026-04-02,1.6087782068233887e-05,0,0,0
SITE0112,2026-04-03,8.673412318580935e-06,0,0,0
SITE0112,2026-04-04,9.87080183852174e-06,0,0,0
SITE0112,2026-04-05,1.1809309084706609e-05,0,0,0
SITE0112,2026-04-06,1.1298858760482178e-05,0,0,0
SITE0112,2026-04-07,1.0332538074074961e-05,0,0,0
SITE0112,2026-04-08,7.2968222560325816e-06,0,0,0
SITE0112,2026-04-09,9.473608611458533e-06,0,0,0
SITE0112,2026-04-10,8.658925154605039e-06,0,0,0
SITE0112,2026-04-11,1.3515302132690535e-05,0,0,0
SITE0112,2026-04-12,9.706580209304155e-06,0,0,0
SITE0112,2026-04-13,9.744635386349471e-06,0,0,0
SITE0112,2026-04-14,9.428842111620428e-06,0,0,0
SITE0112,2026-04-15,9.735346033064169e-06,0,0,0
SITE0112,2026-04-16,9.497798795929353e-06,0,0,0
SITE0112,2026-04-17,8.239050105884084e-06,0,0,0
SITE0112,2026-04-18,8.000248926833923e-06,0,0,0
SITE0112,2026-04-19,7.999364811240252e-06,0,0,0
SITE0112,2026-04-20,7.229564561818924e-06,0,0,0
SITE0112,2026-04-21,7.078445243572447e-06,0,0,0
SITE0112,2026-04-22,1.174369226819806e-05,0,0,0
SITE0112,2026-04-23,9.189800079253974e-06,0,0,0
SITE0112,2026-04-24,9.263813739997939e-06,0,0,0
SITE0112,2026-04-25,8.67730734902609e-06,0,0,0
SITE0112,2026-04-26,7.69801319404093e-06,0,0,0
SITE0112,2026-04-27,7.955786806333413e-06,0,0,0
SITE0112,2026-04-28,1.0546179242490586e-05,0,0,0
SITE0112,2026-04-29,7.155491025694561e-06,0,0,0
SITE0112,2026-04-30,7.64947996672679e-06,0,0,0
SITE0112,2026-05-01,1.1610318815647606e-05,0,0,0
SITE0112,2026-05-02,1.396810558411497e-05,0,0,0
SITE0112,2026-05-03,9.070971344233918e-06,0,0,0
SITE0112,2026-05-04,8.849672907719938e-06,0,0,0
SITE0112,2026-05-05,9.00729258913835e-06,0,0,0
SITE0112,2026-05-06,8.875359346384621e-06,0,0,0
SITE0112,2026-05-07,1.0674872504387192e-05,0,0,0
SITE0112,2026-05-08,1.0767714339003042e-05,0,0,0
SITE0112,2026-05-09,1.3957333425450883e-05,0,0,0
SITE0112,2026-05-10,1.5848022994316478e-05,0,0,0
SITE0112,2026-05-11,9.99506434275598e-06,0,0,0
SITE0112,2026-05-12,9.7884060449004e-06,0,0,0
SITE0112,2026-05-13,1.1983666958307544e-05,0,0,0
SITE0112,2026-05-14,1.0083455777226692e-05,0,0,0
SITE0112,2026-05-15,9.92451389773209e-06,0,0,0
SITE0112,2026-05-16,7.585664969104633e-06,0,0,0
SITE0112,2026-05-17,7.585791438113555e-06,0,0,0
SITE0112,2026-05-18,9.00046813522243e-06,0,0,0
SITE0112,2026-05-19,1.3431784587480204e-05,0,0,0
SITE0112,2026-05-20,1.7502256440215796e-05,0,0,0
SITE0112,2026-05-21,9.803406500676674e-06,0,0,0
SITE0112,2026-05-22,7.354506086325432e-06,0,0,0
SITE0112,2026-05-23,7.006844704099097e-06,0,0,0
SITE0112,2026-05-24,7.3500785645484995e-06,0,0,0
SITE0112,2026-05-25,1.830671903904132e-05,0,0,0
SITE0112,2026-05-26,3.215532242849976e-05,0,0,0
SITE0112,2026-05-27,7.838020214359896e-05,0,0,0
SITE0112,2026-05-28,0.00024870535305413557,0,0,0
SITE0112,2026-05-29,0.004308935542796001,0,0,0
SITE0112,2026-05-30,0.9974423604966636,1,1,0
SITE0112,2026-05-31,0.998069628892459,1,1,0
SITE0112,2026-06-01,0.9998795920532111,1,1,0
SITE0112,2026-06-02,0.9999468961251573,1,1,0
SITE0112,2026-06-03,0.9999904723735785,1,1,0
SITE0112,2026-06-04,0.9999935668336952,1,1,0
SITE0112,2026-06-05,0.9999876751008581,1,1,0
SITE0112,2026-06-06,0.9999799399639118,1,1,0
SITE0112,2026-06-07,0.9999816744844499,1,1,0
SITE0112,2026-06-08,0.9999346710858216,1,1,0
SITE0112,2026-06-09,0.9991239618180787,1,1,0
SITE0112,2026-06-10,0.9998709167584816,1,1,0
SITE0112,2026-06-11,0.9994565797087511,1,1,0
SITE0112,2026-06-12,0.9993848019356449,1,1,0
SITE0112,2026-06-13,0.9990930857983953,1,0,1
SITE0112,2026-06-14,0.0010887334307311336,0,0,0
SITE0112,2026-06-15,0.0005769362336610552,0,0,0
SITE0112,2026-06-16,5.201620165905297e-05,0,0,0
SITE0112,2026-06-17,5.825800318728778e-05,0,0,0
SITE0112,2026-06-18,6.571041026896379e-05,0,0,0
SITE0112,2026-06-19,3.769824929429753e-05,0,0,0
SITE0112,2026-06-20,3.182708958192139e-05,0,0,0
SITE0112,2026-06-21,1.8280238404970462e-05,0,0,0
SITE0112,2026-06-22,1.697518325794281e-05,0,0,0
SITE0112,2026-06-23,2.3709553923594252e-05,0,0,0
SITE0112,2026-06-24,2.3143266278865533e-05,0,0,0
SITE0112,2026-06-25,1.716899012837728e-05,0,0,0
SITE0112,2026-06-26,1.4534924241228208e-05,0,0,0
SITE0112,2026-06-27,6.577805515517981e-06,0,0,0
SITE0112,2026-06-28,7.4104984680100394e-06,0,0,0
SITE0112,2026-06-29,9.763332483155953e-06,0,0,0
SITE0113,2026-04-01,9.053029500037248e-06,0,0,0
SITE0113,2026-04-02,7.684526970153926e-06,0,0,0
SITE0113,2026-04-03,7.47023689477503e-06,0,0,0
SITE0113,2026-04-04,7.063415180004788e-06,0,0,0
SITE0113,2026-04-05,7.241379133109311e-06,0,0,0
SITE0113,2026-04-06,7.202496719312364e-06,0,0,0
SITE0113,2026-04-07,7.202490746289748e-06,0,0,0
SITE0113,2026-04-08,7.517951749775098e-06,0,0,0
SITE0113,2026-04-09,7.478205926125725e-06,0,0,0
SITE0113,2026-04-10,7.4806837322307175e-06,0,0,0
SITE0113,2026-04-11,9.209647355915138e-06,0,0,0
SITE0113,2026-04-12,7.954938730739626e-06,0,0,0
SITE0113,2026-04-13,6.837391876736824e-06,0,0,0
SITE0113,2026-04-14,6.422476995286335e-06,0,0,0
SITE0113,2026-04-15,5.734619051724972e-06,0,0,0
SITE0113,2026-04-16,5.972542041477135e-06,0,0,0
SITE0113,2026-04-17,5.256059701073796e-06,0,0,0
SITE0113,2026-04-18,5.392837727631255e-06,0,0,0
SITE0113,2026-04-19,6.557010053337124e-06,0,0,0
SITE0113,2026-04-20,7.406071541700845e-06,0,0,0
SITE0113,2026-04-21,7.375864395134232e-06,0,0,0
SITE0113,2026-04-22,8.281776842249414e-06,0,0,0
SITE0113,2026-04-23,7.896363772644173e-06,0,0,0
SITE0113,2026-04-24,7.187838145034638e-06,0,0,0
SITE0113,2026-04-25,7.47205988765042e-06,0,0,0
SITE0113,2026-04-26,8.207356608762718e-06,0,0,0
SITE0113,2026-04-27,7.989309068490713e-06,0,0,0
SITE0113,2026-04-28,6.843830309801294e-06,0,0,0
SITE0113,2026-04-29,5.563770576758866e-06,0,0,0
SITE0113,2026-04-30,1.0176597367435198e-05,0,0,0
SITE0113,2026-05-01,5.591559582705876e-06,0,0,0
SITE0113,2026-05-02,6.141266927447809e-06,0,0,0
SITE0113,2026-05-03,6.191772373602667e-06,0,0,0
SITE0113,2026-05-04,1.3814310076396974e-05,0,0,0
SITE0113,2026-05-05,7.987807924280977e-06,0,0,0
SITE0113,2026-05-06,6.6021285565743405e-06,0,0,0
SITE0113,2026-05-07,6.394434508609086e-06,0,0,0
SITE0113,2026-05-08,6.613780354762148e-06,0,0,0
SITE0113,2026-05-09,6.818307156847274e-06,0,0,0
SITE0113,2026-05-10,8.529203279449177e-06,0,0,0
SITE0113,2026-05-11,8.03590861564068e-06,0,0,0
SITE0113,2026-05-12,7.117981365606298e-06,0,0,0
SITE0113,2026-05-13,1.7795977975370362e-05,0,0,0
SITE0113,2026-05-14,2.3440398313708936e-05,0,0,0
SITE0113,2026-05-15,0.01958570459161632,0,0,0
SITE0113,2026-05-16,0.9907889338542096,1,0,0
SITE0113,2026-05-17,0.9997142309379434,1,1,0
SITE0113,2026-05-18,0.9995364197468961,1,1,0
SITE0113,2026-05-19,0.9999047538727708,1,1,0
SITE0113,2026-05-20,0.9999783033443045,1,1,0
SITE0113,2026-05-21,0.999984709697499,1,1,0
SITE0113,2026-05-22,0.9999635052722902,1,1,0
SITE0113,2026-05-23,0.9999853007053269,1,1,0
SITE0113,2026-05-24,0.9999726858704779,1,1,0
SITE0113,2026-05-25,0.9999891107135909,1,1,0
SITE0113,2026-05-26,0.9999897590631487,1,1,0
SITE0113,2026-05-27,0.9999835190302623,1,1,0
SITE0113,2026-05-28,0.9999038393651721,1,1,0
SITE0113,2026-05-29,0.9982705196028033,1,1,0
SITE0113,2026-05-30,0.9930605348753745,1,1,0
SITE0113,2026-05-31,0.0749286297637549,1,0,1
SITE0113,2026-06-01,0.0002832578342447678,0,0,0
SITE0113,2026-06-02,0.0002181289063057581,0,0,0
SITE0113,2026-06-03,4.9793599027782465e-05,0,0,0
SITE0113,2026-06-04,4.696082024170482e-05,0,0,0
SITE0113,2026-06-05,4.5153351912130194e-05,0,0,0
SITE0113,2026-06-06,3.3881987303480856e-05,0,0,0
SITE0113,2026-06-07,1.3983995840170684e-05,0,0,0
SITE0113,2026-06-08,1.6440582706195804e-05,0,0,0
SITE0113,2026-06-09,1.6401186491415234e-05,0,0,0
SITE0113,2026-06-10,1.651051888217791e-05,0,0,0
SITE0113,2026-06-11,2.162076670646773e-05,0,0,0
SITE0113,2026-06-12,1.8169573560041968e-05,0,0,0
SITE0113,2026-06-13,1.7647764876431003e-05,0,0,0
SITE0113,2026-06-14,7.769157981322366e-06,0,0,0
SITE0113,2026-06-15,6.68756160874817e-06,0,0,0
SITE0113,2026-06-16,6.401495832914576e-06,0,0,0
SITE0113,2026-06-17,6.9221779116926675e-06,0,0,0
SITE0113,2026-06-18,7.476701143444371e-06,0,0,0
SITE0113,2026-06-19,7.660976208518316e-06,0,0,0
SITE0113,2026-06-20,6.5903633978637726e-06,0,0,0
SITE0113,2026-06-21,6.161603826376109e-06,0,0,0
SITE0113,2026-06-22,5.838463985857092e-06,0,0,0
SITE0113,2026-06-23,6.206720729523403e-06,0,0,0
SITE0113,2026-06-24,5.55931544225068e-06,0,0,0
SITE0113,2026-06-25,5.994537657373071e-06,0,0,0
SITE0113,2026-06-26,5.3940209818104955e-06,0,0,0
SITE0113,2026-06-27,6.903514334772855e-06,0,0,0
SITE0113,2026-06-28,5.535270126368265e-06,0,0,0
SITE0113,2026-06-29,5.994458565060912e-06,0,0,0
SITE0114,2026-04-01,1.0879619247866911e-05,0,0,0
SITE0114,2026-04-02,9.04137261694692e-06,0,0,0
SITE0114,2026-04-03,7.750327438218699e-06,0,0,0
SITE0114,2026-04-04,8.599919971699069e-06,0,0,0
SITE0114,2026-04-05,9.355700104263114e-06,0,0,0
SITE0114,2026-04-06,1.0520709687993039e-05,0,0,0
SITE0114,2026-04-07,8.52929452111061e-06,0,0,0
SITE0114,2026-04-08,1.209603382559107e-05,0,0,0
SITE0114,2026-04-09,8.343101189933268e-06,0,0,0
SITE0114,2026-04-10,7.700391884429937e-06,0,0,0
SITE0114,2026-04-11,8.238869682961038e-06,0,0,0
SITE0114,2026-04-12,8.907834813979466e-06,0,0,0
SITE0114,2026-04-13,1.1789426094353926e-05,0,0,0
SITE0114,2026-04-14,1.0068700874144917e-05,0,0,0
SITE0114,2026-04-15,1.2003277387987522e-05,0,0,0
SITE0114,2026-04-16,1.0344526417685743e-05,0,0,0
SITE0114,2026-04-17,1.1320053473861607e-05,0,0,0
SITE0114,2026-04-18,1.0734266047904623e-05,0,0,0
SITE0114,2026-04-19,9.122746980687136e-06,0,0,0
SITE0114,2026-04-20,1.0130458521685135e-05,0,0,0
SITE0114,2026-04-21,1.3330714909552696e-05,0,0,0
SITE0114,2026-04-22,8.29446416868195e-06,0,0,0
SITE0114,2026-04-23,1.3250029238726762e-05,0,0,0
SITE0114,2026-04-24,8.538182434486294e-06,0,0,0
SITE0114,2026-04-25,1.1236174079285892e-05,0,0,0
SITE0114,2026-04-26,9.286576972492966e-06,0,0,0
SITE0114,2026-04-27,1.0460921169051689e-05,0,0,0
SITE0114,2026-04-28,9.689462213671275e-06,0,0,0
SITE0114,2026-04-29,1.0154841349843183e-05,0,0,0
SITE0114,2026-04-30,9.321691566892793e-06,0,0,0
SITE0114,2026-05-01,1.0329590044407696e-05,0,0,0
SITE0114,2026-05-02,9.21644243199027e-06,0,0,0
SITE0114,2026-05-03,1.0339632275344603e-05,0,0,0
SITE0114,2026-05-04,1.1233779553451714e-05,0,0,0
SITE0114,2026-05-05,8.7755874994055e-06,0,0,0
SITE0114,2026-05-06,7.468968843703509e-06,0,0,0
SITE0114,2026-05-07,8.016740583269949e-06,0,0,0
SITE0114,2026-05-08,1.701998834092538e-05,0,0,0
SITE0114,2026-05-09,3.9323593261952655e-05,0,0,0
SITE0114,2026-05-10,4.876397381712016e-05,0,0,0
SITE0114,2026-05-11,0.0001729134827652586,0,0,0
SITE0114,2026-05-12,0.5614192371193409,1,0,0
SITE0114,2026-05-13,0.9941493301830289,1,1,0
SITE0114,2026-05-14,0.9999658090340866,1,1,0
SITE0114,2026-05-15,0.999975903003439,1,1,0
SITE0114,2026-05-16,0.9999738181423191,1,1,0
SITE0114,2026-05-17,0.9999852598060235,1,1,0
SITE0114,2026-05-18,0.9999745456088864,1,1,0
SITE0114,2026-05-19,0.999988116279966,1,1,0
SITE0114,2026-05-20,0.9999455761531786,1,1,0
SITE0114,2026-05-21,0.9998164093271802,1,1,0
SITE0114,2026-05-22,0.9997810848442413,1,1,0
SITE0114,2026-05-23,0.9971332679395402,1,1,0
SITE0114,2026-05-24,0.9438773194826933,1,1,0
SITE0114,2026-05-25,0.9681263846553902,1,1,0
SITE0114,2026-05-26,0.9631123013756564,1,1,0
SITE0114,2026-05-27,0.3712328503639607,1,0,1
SITE0114,2026-05-28,0.0003435703403394636,0,0,0
SITE0114,2026-05-29,0.0005331291335171656,0,0,0
SITE0114,2026-05-30,0.00010755425741404568,0,0,0
SITE0114,2026-05-31,7.658595116209521e-05,0,0,0
SITE0114,2026-06-01,5.5343725621659786e-05,0,0,0
SITE0114,2026-06-02,8.340667654993408e-05,0,0,0
SITE0114,2026-06-03,2.9925482371837565e-05,0,0,0
SITE0114,2026-06-04,3.866746537237681e-05,0,0,0
SITE0114,2026-06-05,3.599196391730573e-05,0,0,0
SITE0114,2026-06-06,3.390440651896694e-05,0,0,0
SITE0114,2026-06-07,3.0073900340068028e-05,0,0,0
SITE0114,2026-06-08,3.784516460994105e-05,0,0,0
SITE0114,2026-06-09,7.34635792020198e-05,0,0,0
SITE0114,2026-06-10,1.3415738852611676e-05,0,0,0
SITE0114,2026-06-11,1.5225467620124488e-05,0,0,0
SITE0114,2026-06-12,8.814333263179225e-06,0,0,0
SITE0114,2026-06-13,1.0121590082219322e-05,0,0,0
SITE0114,2026-06-14,8.885416586709836e-06,0,0,0
SITE0114,2026-06-15,1.0617808820449508e-05,0,0,0
SITE0114,2026-06-16,9.492225070302715e-06,0,0,0
SITE0114,2026-06-17,8.496113322928037e-06,0,0,0
SITE0114,2026-06-18,9.450354676929136e-06,0,0,0
SITE0114,2026-06-19,9.633931991138599e-06,0,0,0
SITE0114,2026-06-20,1.074323942953263e-05,0,0,0
SITE0114,2026-06-21,1.2089185835573672e-05,0,0,0
SITE0114,2026-06-22,1.0010322448550326e-05,0,0,0
SITE0114,2026-06-23,1.0817678775290588e-05,0,0,0
SITE0114,2026-06-24,7.78867986575453e-06,0,0,0
SITE0114,2026-06-25,9.003025027782118e-06,0,0,0
SITE0114,2026-06-26,1.0595118010769875e-05,0,0,0
SITE0114,2026-06-27,9.74939821452634e-06,0,0,0
SITE0114,2026-06-28,8.229744832273902e-06,0,0,0
SITE0114,2026-06-29,1.027498517771977e-05,0,0,0
SITE0115,2026-04-01,1.3724844664164256e-05,0,0,0
SITE0115,2026-04-02,1.0301943051036591e-05,0,0,0
SITE0115,2026-04-03,1.0479920661568459e-05,0,0,0
SITE0115,2026-04-04,1.0057343045484696e-05,0,0,0
SITE0115,2026-04-05,1.0627865098161323e-05,0,0,0
SITE0115,2026-04-06,1.0267923351287547e-05,0,0,0
SITE0115,2026-04-07,1.0685754419784629e-05,0,0,0
SITE0115,2026-04-08,1.041364813795113e-05,0,0,0
SITE0115,2026-04-09,1.0683831316491097e-05,0,0,0
SITE0115,2026-04-10,1.0685104926864755e-05,0,0,0
SITE0115,2026-04-11,1.1299506535416198e-05,0,0,0
SITE0115,2026-04-12,1.1013821501247388e-05,0,0,0
SITE0115,2026-04-13,1.1105031756779155e-05,0,0,0
SITE0115,2026-04-14,1.126630558015716e-05,0,0,0
SITE0115,2026-04-15,1.1748904682923486e-05,0,0,0
SITE0115,2026-04-16,1.1984951032649871e-05,0,0,0
SITE0115,2026-04-17,1.1529961618491798e-05,0,0,0
SITE0115,2026-04-18,1.1590394596177376e-05,0,0,0
SITE0115,2026-04-19,1.1216662383742998e-05,0,0,0
SITE0115,2026-04-20,1.1768781219611785e-05,0,0,0
SITE0115,2026-04-21,1.1420505566742761e-05,0,0,0
SITE0115,2026-04-22,1.1590902428744095e-05,0,0,0
SITE0115,2026-04-23,1.050709444688843e-05,0,0,0
SITE0115,2026-04-24,1.1441484012040853e-05,0,0,0
SITE0115,2026-04-25,1.1497504192376958e-05,0,0,0
SITE0115,2026-04-26,1.171266079763576e-05,0,0,0
SITE0115,2026-04-27,1.1528045265450482e-05,0,0,0
SITE0115,2026-04-28,1.253319748816518e-05,0,0,0
SITE0115,2026-04-29,1.165110967977816e-05,0,0,0
SITE0115,2026-04-30,1.109518557191994e-05,0,0,0
SITE0115,2026-05-01,1.1294700617834125e-05,0,0,0
SITE0115,2026-05-02,1.1767012701132732e-05,0,0,0
SITE0115,2026-05-03,1.1644989691462452e-05,0,0,0
SITE0115,2026-05-04,1.3649498093666143e-05,0,0,0
SITE0115,2026-05-05,1.1380159532758878e-05,0,0,0
SITE0115,2026-05-06,1.1594462317304324e-05,0,0,0
SITE0115,2026-05-07,1.1643333382643549e-05,0,0,0
SITE0115,2026-05-08,1.1208103874090936e-05,0,0,0
SITE0115,2026-05-09,1.1587378480026885e-05,0,0,0
SITE0115,2026-05-10,1.1235748646410146e-05,0,0,0
SITE0115,2026-05-11,1.1591623404812528e-05,0,0,0
SITE0115,2026-05-12,1.1414515432813876e-05,0,0,0
SITE0115,2026-05-13,1.2066708577739975e-05,0,0,0
SITE0115,2026-05-14,1.1591395559305615e-05,0,0,0
SITE0115,2026-05-15,1.159445964461408e-05,0,0,0
SITE0115,2026-05-16,1.1232279121920994e-05,0,0,0
SITE0115,2026-05-17,1.1572593760214246e-05,0,0,0
SITE0115,2026-05-18,1.1067841782619944e-05,0,0,0
SITE0115,2026-05-19,1.1594144742178788e-05,0,0,0
SITE0115,2026-05-20,1.1711077785449968e-05,0,0,0
SITE0115,2026-05-21,1.1712649406807439e-05,0,0,0
SITE0115,2026-05-22,1.1746682351198753e-05,0,0,0
SITE0115,2026-05-23,1.1417655739982612e-05,0,0,0
SITE0115,2026-05-24,1.1296015316372179e-05,0,0,0
SITE0115,2026-05-25,1.1424875530248982e-05,0,0,0
SITE0115,2026-05-26,1.1712650219668493e-05,0,0,0
SITE0115,2026-05-27,1.1646198032660267e-05,0,0,0
SITE0115,2026-05-28,1.1255092899910332e-05,0,0,0
SITE0115,2026-05-29,1.1956134517855299e-05,0,0,0
SITE0115,2026-05-30,1.1450996885785357e-05,0,0,0
SITE0115,2026-05-31,1.2204021233242224e-05,0,0,0
SITE0115,2026-06-01,1.1354628024371943e-05,0,0,0
SITE0115,2026-06-02,1.1438823872083854e-05,0,0,0
SITE0115,2026-06-03,1.3682311138513244e-05,0,0,0
SITE0115,2026-06-04,1.1265022708317819e-05,0,0,0
SITE0115,2026-06-05,1.1326795670432022e-05,0,0,0
SITE0115,2026-06-06,1.0752743428834823e-05,0,0,0
SITE0115,2026-06-07,1.1773465553591745e-05,0,0,0
SITE0115,2026-06-08,1.141671864873999e-05,0,0,0
SITE0115,2026-06-09,1.2815936683651668e-05,0,0,0
SITE0115,2026-06-10,1.1523389859867072e-05,0,0,0
SITE0115,2026-06-11,1.1440938621050322e-05,0,0,0
SITE0115,2026-06-12,1.4208804740990426e-05,0,0,0
SITE0115,2026-06-13,1.1651086030055752e-05,0,0,0
SITE0115,2026-06-14,1.1088298536138088e-05,0,0,0
SITE0115,2026-06-15,1.1362524617685957e-05,0,0,0
SITE0115,2026-06-16,1.1860377453643277e-05,0,0,0
SITE0115,2026-06-17,1.2244521470009879e-05,0,0,0
SITE0115,2026-06-18,1.1364708845824707e-05,0,0,0
SITE0115,2026-06-19,1.1952317256914214e-05,0,0,0
SITE0115,2026-06-20,1.2113742719106753e-05,0,0,0
SITE0115,2026-06-21,1.0304683045095965e-05,0,0,0
SITE0115,2026-06-22,1.1493432470707818e-05,0,0,0
SITE0115,2026-06-23,1.1620118659491328e-05,0,0,0
SITE0115,2026-06-24,1.1496975696142906e-05,0,0,0
SITE0115,2026-06-25,1.034059147221152e-05,0,0,0
SITE0115,2026-06-26,1.0994171561818678e-05,0,0,0
SITE0115,2026-06-27,1.1442160023276954e-05,0,0,0
SITE0115,2026-06-28,1.129723925564372e-05,0,0,0
SITE0115,2026-06-29,3.73897147465335e-05,0,0,0
SITE0116,2026-04-01,9.98557532580033e-06,0,0,0
SITE0116,2026-04-02,9.536159043113762e-06,0,0,0
SITE0116,2026-04-03,9.860873746603839e-06,0,0,0
SITE0116,2026-04-04,1.1088576674901234e-05,0,0,0
SITE0116,2026-04-05,1.0017850862876212e-05,0,0,0
SITE0116,2026-04-06,1.3381322985267991e-05,0,0,0
SITE0116,2026-04-07,1.0621521731805869e-05,0,0,0
SITE0116,2026-04-08,1.0202529786363144e-05,0,0,0
SITE0116,2026-04-09,1.5700822409631246e-05,0,0,0
SITE0116,2026-04-10,1.1406633385223344e-05,0,0,0
SITE0116,2026-04-11,1.1095656226032234e-05,0,0,0
SITE0116,2026-04-12,1.0737968148623544e-05,0,0,0
SITE0116,2026-04-13,1.085733020915649e-05,0,0,0
SITE0116,2026-04-14,1.2306413295780358e-05,0,0,0
SITE0116,2026-04-15,1.246372517313042e-05,0,0,0
SITE0116,2026-04-16,1.217692230310402e-05,0,0,0
SITE0116,2026-04-17,1.2462892190333069e-05,0,0,0
SITE0116,2026-04-18,9.224501087851393e-06,0,0,0
SITE0116,2026-04-19,1.1553212179723604e-05,0,0,0
SITE0116,2026-04-20,1.2833439975018472e-05,0,0,0
SITE0116,2026-04-21,1.146612964668154e-05,0,0,0
SITE0116,2026-04-22,1.3208259059574327e-05,0,0,0
SITE0116,2026-04-23,9.532526851488935e-06,0,0,0
SITE0116,2026-04-24,1.0577137323976711e-05,0,0,0
SITE0116,2026-04-25,1.4699468227667724e-05,0,0,0
SITE0116,2026-04-26,1.4707602503920138e-05,0,0,0
SITE0116,2026-04-27,1.0634384306047402e-05,0,0,0
SITE0116,2026-04-28,9.340207049814458e-06,0,0,0
SITE0116,2026-04-29,9.155428758158654e-06,0,0,0
SITE0116,2026-04-30,1.0555531324166823e-05,0,0,0
SITE0116,2026-05-01,9.983817836305489e-06,0,0,0
SITE0116,2026-05-02,9.20299124346205e-06,0,0,0
SITE0116,2026-05-03,9.9313950450914e-06,0,0,0
SITE0116,2026-05-04,1.3830182902123937e-05,0,0,0
SITE0116,2026-05-05,9.758283440286299e-06,0,0,0
SITE0116,2026-05-06,1.3022776184510265e-05,0,0,0
SITE0116,2026-05-07,1.0282768714792693e-05,0,0,0
SITE0116,2026-05-08,9.792639606370524e-06,0,0,0
SITE0116,2026-05-09,1.2069501810073415e-05,0,0,0
SITE0116,2026-05-10,1.2641430564350098e-05,0,0,0
SITE0116,2026-05-11,1.2136231700406173e-05,0,0,0
SITE0116,2026-05-12,1.168221204974614e-05,0,0,0
SITE0116,2026-05-13,1.045671345127788e-05,0,0,0
SITE0116,2026-05-14,1.0035057774133938e-05,0,0,0
SITE0116,2026-05-15,1.0101761200878294e-05,0,0,0
SITE0116,2026-05-16,1.3527456432676344e-05,0,0,0
SITE0116,2026-05-17,9.649132450038855e-06,0,0,0
SITE0116,2026-05-18,1.0352687736299367e-05,0,0,0
SITE0116,2026-05-19,9.519721250507215e-06,0,0,0
SITE0116,2026-05-20,9.531680232755288e-06,0,0,0
SITE0116,2026-05-21,9.535337936355991e-06,0,0,0
SITE0116,2026-05-22,9.861316823921694e-06,0,0,0
SITE0116,2026-05-23,1.4215043570511599e-05,0,0,0
SITE0116,2026-05-24,1.3342593520287781e-05,0,0,0
SITE0116,2026-05-25,1.2886826649646921e-05,0,0,0
SITE0116,2026-05-26,1.2669631257377473e-05,0,0,0
SITE0116,2026-05-27,9.239935621815882e-06,0,0,0
SITE0116,2026-05-28,9.697956095510138e-06,0,0,0
SITE0116,2026-05-29,1.0785630912278299e-05,0,0,0
SITE0116,2026-05-30,1.1206223197599724e-05,0,0,0
SITE0116,2026-05-31,1.8383000343081256e-05,0,0,0
SITE0116,2026-06-01,1.2167022862200105e-05,0,0,0
SITE0116,2026-06-02,1.0902582396924295e-05,0,0,0
SITE0116,2026-06-03,1.019832731615343e-05,0,0,0
SITE0116,2026-06-04,1.2901180033095139e-05,0,0,0
SITE0116,2026-06-05,1.2732224502742075e-05,0,0,0
SITE0116,2026-06-06,1.637195664614923e-05,0,0,0
SITE0116,2026-06-07,1.5791633198777423e-05,0,0,0
SITE0116,2026-06-08,1.0378116097381293e-05,0,0,0
SITE0116,2026-06-09,1.0195316587595349e-05,0,0,0
SITE0116,2026-06-10,1.005212409237059e-05,0,0,0
SITE0116,2026-06-11,1.2594372535151915e-05,0,0,0
SITE0116,2026-06-12,1.4704682335190869e-05,0,0,0
SITE0116,2026-06-13,9.802340740393002e-06,0,0,0
SITE0116,2026-06-14,1.2570947364031795e-05,0,0,0
SITE0116,2026-06-15,1.0327412729745679e-05,0,0,0
SITE0116,2026-06-16,9.169224618600348e-06,0,0,0
SITE0116,2026-06-17,9.475537038347816e-06,0,0,0
SITE0116,2026-06-18,1.1609966321280335e-05,0,0,0
SITE0116,2026-06-19,1.8407798307645153e-05,0,0,0
SITE0116,2026-06-20,9.935130601528506e-06,0,0,0
SITE0116,2026-06-21,1.7435255046690004e-05,0,0,0
SITE0116,2026-06-22,1.0832633164697886e-05,0,0,0
SITE0116,2026-06-23,1.4028688221334644e-05,0,0,0
SITE0116,2026-06-24,1.0275143806424948e-05,0,0,0
SITE0116,2026-06-25,1.0031765678362874e-05,0,0,0
SITE0116,2026-06-26,9.647559948638757e-06,0,0,0
SITE0116,2026-06-27,1.1887958184626947e-05,0,0,0
SITE0116,2026-06-28,9.86246535031952e-06,0,0,0
SITE0116,2026-06-29,1.2539915939063732e-05,0,0,0
SITE0117,2026-04-01,1.3442863300324068e-05,0,0,0
SITE0117,2026-04-02,1.3693033585234131e-05,0,0,0
SITE0117,2026-04-03,1.272823336030391e-05,0,0,0
SITE0117,2026-04-04,1.316281749753921e-05,0,0,0
SITE0117,2026-04-05,1.4803259270217541e-05,0,0,0
SITE0117,2026-04-06,1.4062876536065492e-05,0,0,0
SITE0117,2026-04-07,1.7194069446424426e-05,0,0,0
SITE0117,2026-04-08,1.3443802259742166e-05,0,0,0
SITE0117,2026-04-09,1.9157351565759943e-05,0,0,0
SITE0117,2026-04-10,1.7518568896570623e-05,0,0,0
SITE0117,2026-04-11,1.805465760175847e-05,0,0,0
SITE0117,2026-04-12,1.3167630081134804e-05,0,0,0
SITE0117,2026-04-13,1.3232427560415397e-05,0,0,0
SITE0117,2026-04-14,1.345602071075325e-05,0,0,0
SITE0117,2026-04-15,3.0238430910622787e-05,0,0,0
SITE0117,2026-04-16,1.4092721960143835e-05,0,0,0
SITE0117,2026-04-17,1.4208053865261415e-05,0,0,0
SITE0117,2026-04-18,1.3174565869261914e-05,0,0,0
SITE0117,2026-04-19,2.0985583668615074e-05,0,0,0
SITE0117,2026-04-20,1.4071126923216306e-05,0,0,0
SITE0117,2026-04-21,1.3926382368695629e-05,0,0,0
SITE0117,2026-04-22,1.3091767918075708e-05,0,0,0
SITE0117,2026-04-23,1.623894100932205e-05,0,0,0
SITE0117,2026-04-24,1.3196457938339486e-05,0,0,0
SITE0117,2026-04-25,1.2998295465739921e-05,0,0,0
SITE0117,2026-04-26,1.3153320079312917e-05,0,0,0
SITE0117,2026-04-27,1.2830092940204594e-05,0,0,0
SITE0117,2026-04-28,1.3445323399597398e-05,0,0,0
SITE0117,2026-04-29,1.344531329690045e-05,0,0,0
SITE0117,2026-04-30,1.3796849769829801e-05,0,0,0
SITE0117,2026-05-01,1.9037352271315397e-05,0,0,0
SITE0117,2026-05-02,1.3559806998740846e-05,0,0,0
SITE0117,2026-05-03,1.603302768103218e-05,0,0,0
SITE0117,2026-05-04,1.4066374989343583e-05,0,0,0
SITE0117,2026-05-05,1.2453655836072445e-05,0,0,0
SITE0117,2026-05-06,1.2154473107803457e-05,0,0,0
SITE0117,2026-05-07,1.2011530578868827e-05,0,0,0
SITE0117,2026-05-08,1.3559067065171369e-05,0,0,0
SITE0117,2026-05-09,1.4595980562182265e-05,0,0,0
SITE0117,2026-05-10,1.4858234127032334e-05,0,0,0
SITE0117,2026-05-11,1.370449690544303e-05,0,0,0
SITE0117,2026-05-12,1.3941630117658957e-05,0,0,0
SITE0117,2026-05-13,1.4296074150971726e-05,0,0,0
SITE0117,2026-05-14,1.3106927037076747e-05,0,0,0
SITE0117,2026-05-15,1.3561791624909868e-05,0,0,0
SITE0117,2026-05-16,1.5002357527325162e-05,0,0,0
SITE0117,2026-05-17,1.3563874130502852e-05,0,0,0
SITE0117,2026-05-18,1.3011830454811361e-05,0,0,0
SITE0117,2026-05-19,1.410010934509099e-05,0,0,0
SITE0117,2026-05-20,1.4674432686189567e-05,0,0,0
SITE0117,2026-05-21,1.8506104187252777e-05,0,0,0
SITE0117,2026-05-22,1.5618971067841083e-05,0,0,0
SITE0117,2026-05-23,1.9726241600045736e-05,0,0,0
SITE0117,2026-05-24,1.3563854336173985e-05,0,0,0
SITE0117,2026-05-25,1.322485325370831e-05,0,0,0
SITE0117,2026-05-26,1.3049279991273146e-05,0,0,0
SITE0117,2026-05-27,1.3441384090495229e-05,0,0,0
SITE0117,2026-05-28,1.980173034519757e-05,0,0,0
SITE0117,2026-05-29,1.3154405786684443e-05,0,0,0
SITE0117,2026-05-30,1.996725445059952e-05,0,0,0
SITE0117,2026-05-31,1.3800479614319468e-05,0,0,0
SITE0117,2026-06-01,1.2733757741894772e-05,0,0,0
SITE0117,2026-06-02,1.4308481266891574e-05,0,0,0
SITE0117,2026-06-03,1.698318607040625e-05,0,0,0
SITE0117,2026-06-04,1.690443806590008e-05,0,0,0
SITE0117,2026-06-05,1.4419435702791897e-05,0,0,0
SITE0117,2026-06-06,1.3795922478397698e-05,0,0,0
SITE0117,2026-06-07,1.3044842366380575e-05,0,0,0
SITE0117,2026-06-08,1.6484296492930715e-05,0,0,0
SITE0117,2026-06-09,1.2727237454420161e-05,0,0,0
SITE0117,2026-06-10,1.7446534655314283e-05,0,0,0
SITE0117,2026-06-11,1.3797949069144707e-05,0,0,0
SITE0117,2026-06-12,1.4490093194288661e-05,0,0,0
SITE0117,2026-06-13,1.8166776387243427e-05,0,0,0
SITE0117,2026-06-14,1.3584625874891783e-05,0,0,0
SITE0117,2026-06-15,1.8761265801388863e-05,0,0,0
SITE0117,2026-06-16,1.3443803480676034e-05,0,0,0
SITE0117,2026-06-17,1.9455845913872667e-05,0,0,0
SITE0117,2026-06-18,1.2640194159968247e-05,0,0,0
SITE0117,2026-06-19,1.3055170263868071e-05,0,0,0
SITE0117,2026-06-20,1.3910567293502756e-05,0,0,0
SITE0117,2026-06-21,1.923436687346858e-05,0,0,0
SITE0117,2026-06-22,1.3025563453777972e-05,0,0,0
SITE0117,2026-06-23,2.237954865990247e-05,0,0,0
SITE0117,2026-06-24,1.4744140866604148e-05,0,0,0
SITE0117,2026-06-25,3.194475130139131e-05,0,0,0
SITE0117,2026-06-26,1.3559974790257977e-05,0,0,0
SITE0117,2026-06-27,1.9232467491481315e-05,0,0,0
SITE0117,2026-06-28,1.3563863952912033e-05,0,0,0
SITE0117,2026-06-29,1.3228453953847243e-05,0,0,0
SITE0118,2026-04-01,8.301439017884267e-06,0,0,0
SITE0118,2026-04-02,7.4757902668306925e-06,0,0,0
SITE0118,2026-04-03,7.009301859023756e-06,0,0,0
SITE0118,2026-04-04,7.352922219463122e-06,0,0,0
SITE0118,2026-04-05,6.588895412989938e-06,0,0,0
SITE0118,2026-04-06,6.270960545947688e-06,0,0,0
SITE0118,2026-04-07,7.210551608816751e-06,0,0,0
SITE0118,2026-04-08,6.928312644363725e-06,0,0,0
SITE0118,2026-04-09,6.498169239002259e-06,0,0,0
SITE0118,2026-04-10,6.121414781554902e-06,0,0,0
SITE0118,2026-04-11,5.3912998648592996e-06,0,0,0
SITE0118,2026-04-12,6.033684539022892e-06,0,0,0
SITE0118,2026-04-13,6.634264750760775e-06,0,0,0
SITE0118,2026-04-14,6.646929681281713e-06,0,0,0
SITE0118,2026-04-15,6.979575649946473e-06,0,0,0
SITE0118,2026-04-16,7.281308992845498e-06,0,0,0
SITE0118,2026-04-17,8.995267354753548e-06,0,0,0
SITE0118,2026-04-18,6.897464643923842e-06,0,0,0
SITE0118,2026-04-19,4.928227854675837e-06,0,0,0
SITE0118,2026-04-20,5.597224941500809e-06,0,0,0
SITE0118,2026-04-21,5.597214532176478e-06,0,0,0
SITE0118,2026-04-22,6.402407978370899e-06,0,0,0
SITE0118,2026-04-23,6.155814534157498e-06,0,0,0
SITE0118,2026-04-24,6.830302126677712e-06,0,0,0
SITE0118,2026-04-25,6.128289480273253e-06,0,0,0
SITE0118,2026-04-26,5.935906063451961e-06,0,0,0
SITE0118,2026-04-27,7.649870002717965e-06,0,0,0
SITE0118,2026-04-28,5.422300450613952e-06,0,0,0
SITE0118,2026-04-29,6.174268876863583e-06,0,0,0
SITE0118,2026-04-30,6.437030530590714e-06,0,0,0
SITE0118,2026-05-01,7.0926331500536086e-06,0,0,0
SITE0118,2026-05-02,6.093278257560994e-06,0,0,0
SITE0118,2026-05-03,6.78896893247189e-06,0,0,0
SITE0118,2026-05-04,6.162335642214635e-06,0,0,0
SITE0118,2026-05-05,1.3425830495789007e-05,0,0,0
SITE0118,2026-05-06,6.522789478437946e-06,0,0,0
SITE0118,2026-05-07,6.698311986864315e-06,0,0,0
SITE0118,2026-05-08,6.877365508432732e-06,0,0,0
SITE0118,2026-05-09,5.686570462764776e-06,0,0,0
SITE0118,2026-05-10,5.896083797351087e-06,0,0,0
SITE0118,2026-05-11,5.552590310594641e-06,0,0,0
SITE0118,2026-05-12,5.846798753341625e-06,0,0,0
SITE0118,2026-05-13,6.166332876471235e-06,0,0,0
SITE0118,2026-05-14,6.746894946215005e-06,0,0,0
SITE0118,2026-05-15,6.890597438832739e-06,0,0,0
SITE0118,2026-05-16,6.99258857487043e-06,0,0,0
SITE0118,2026-05-17,6.619737816130822e-06,0,0,0
SITE0118,2026-05-18,6.271910964736819e-06,0,0,0
SITE0118,2026-05-19,5.979085829161972e-06,0,0,0
SITE0118,2026-05-20,6.672720118037042e-06,0,0,0
SITE0118,2026-05-21,5.694981643126416e-06,0,0,0
SITE0118,2026-05-22,5.598598340890752e-06,0,0,0
SITE0118,2026-05-23,5.2920199756165795e-06,0,0,0
SITE0118,2026-05-24,8.754869140181149e-06,0,0,0
SITE0118,2026-05-25,6.317996509588025e-06,0,0,0
SITE0118,2026-05-26,6.4294549984968946e-06,0,0,0
SITE0118,2026-05-27,6.463104287669205e-06,0,0,0
SITE0118,2026-05-28,6.493012367179618e-06,0,0,0
SITE0118,2026-05-29,6.811235700483872e-06,0,0,0
SITE0118,2026-05-30,6.031639519751978e-06,0,0,0
SITE0118,2026-05-31,6.378498772138288e-06,0,0,0
SITE0118,2026-06-01,5.985214501042431e-06,0,0,0
SITE0118,2026-06-02,5.9955632007772715e-06,0,0,0
SITE0118,2026-06-03,6.480965300331084e-06,0,0,0
SITE0118,2026-06-04,5.986244170046944e-06,0,0,0
SITE0118,2026-06-05,5.494516856734512e-06,0,0,0
SITE0118,2026-06-06,5.580748849395439e-06,0,0,0
SITE0118,2026-06-07,5.95909042130136e-06,0,0,0
SITE0118,2026-06-08,7.121061278632006e-06,0,0,0
SITE0118,2026-06-09,5.3391330462384805e-06,0,0,0
SITE0118,2026-06-10,5.315815899178237e-06,0,0,0
SITE0118,2026-06-11,5.680387273666702e-06,0,0,0
SITE0118,2026-06-12,5.9852408387145e-06,0,0,0
SITE0118,2026-06-13,6.7337483357427735e-06,0,0,0
SITE0118,2026-06-14,1.356611819592264e-05,0,0,0
SITE0118,2026-06-15,5.893242079528481e-06,0,0,0
SITE0118,2026-06-16,7.534694812123662e-06,0,0,0
SITE0118,2026-06-17,6.3733669924601646e-06,0,0,0
SITE0118,2026-06-18,5.835026081679683e-06,0,0,0
SITE0118,2026-06-19,6.4121351266931005e-06,0,0,0
SITE0118,2026-06-20,5.934985519182696e-06,0,0,0
SITE0118,2026-06-21,6.221841756471567e-06,0,0,0
SITE0118,2026-06-22,5.785133869237473e-06,0,0,0
SITE0118,2026-06-23,5.796921716482638e-06,0,0,0
SITE0118,2026-06-24,5.777212141132832e-06,0,0,0
SITE0118,2026-06-25,6.523730822474192e-06,0,0,0
SITE0118,2026-06-26,6.137204300447973e-06,0,0,0
SITE0118,2026-06-27,6.456773874573773e-06,0,0,0
SITE0118,2026-06-28,6.657923345744345e-06,0,0,0
SITE0118,2026-06-29,6.79133093002941e-06,0,0,0
SITE0119,2026-04-01,1.5615776721409624e-05,0,0,0
SITE0119,2026-04-02,1.3107457122887735e-05,0,0,0
SITE0119,2026-04-03,1.4115328036203039e-05,0,0,0
SITE0119,2026-04-04,1.4795031003461476e-05,0,0,0
SITE0119,2026-04-05,1.5743660217330863e-05,0,0,0
SITE0119,2026-04-06,1.774819665072458e-05,0,0,0
SITE0119,2026-04-07,1.6929084829266072e-05,0,0,0
SITE0119,2026-04-08,1.5468915289911722e-05,0,0,0
SITE0119,2026-04-09,1.8442411101212355e-05,0,0,0
SITE0119,2026-04-10,1.4939657510824831e-05,0,0,0
SITE0119,2026-04-11,1.9420871014723055e-05,0,0,0
SITE0119,2026-04-12,1.7105960283541324e-05,0,0,0
SITE0119,2026-04-13,2.0531914425717567e-05,0,0,0
SITE0119,2026-04-14,1.580294501010919e-05,0,0,0
SITE0119,2026-04-15,1.529991702435998e-05,0,0,0
SITE0119,2026-04-16,1.374927608540987e-05,0,0,0
SITE0119,2026-04-17,1.556451803738115e-05,0,0,0
SITE0119,2026-04-18,1.4420877095963552e-05,0,0,0
SITE0119,2026-04-19,1.979163591742721e-05,0,0,0
SITE0119,2026-04-20,2.562351521296125e-05,0,0,0
SITE0119,2026-04-21,2.546326269159829e-05,0,0,0
SITE0119,2026-04-22,1.941483015467598e-05,0,0,0
SITE0119,2026-04-23,1.7449013922974873e-05,0,0,0
SITE0119,2026-04-24,1.6253245871444286e-05,0,0,0
SITE0119,2026-04-25,1.542975932317969e-05,0,0,0
SITE0119,2026-04-26,1.5485762805600808e-05,0,0,0
SITE0119,2026-04-27,1.5616044852840535e-05,0,0,0
SITE0119,2026-04-28,1.68815921513754e-05,0,0,0
SITE0119,2026-04-29,1.595105374136383e-05,0,0,0
SITE0119,2026-04-30,1.627606379712537e-05,0,0,0
SITE0119,2026-05-01,2.888537239667508e-05,0,0,0
SITE0119,2026-05-02,2.0744872936686064e-05,0,0,0
SITE0119,2026-05-03,1.979436020003824e-05,0,0,0
SITE0119,2026-05-04,1.6592125317957993e-05,0,0,0
SITE0119,2026-05-05,1.9491184554489086e-05,0,0,0
SITE0119,2026-05-06,1.9244414088093727e-05,0,0,0
SITE0119,2026-05-07,1.6286240106546194e-05,0,0,0
SITE0119,2026-05-08,1.7767386750850178e-05,0,0,0
SITE0119,2026-05-09,1.695108834394521e-05,0,0,0
SITE0119,2026-05-10,1.861164714730565e-05,0,0,0
SITE0119,2026-05-11,1.454700945767838e-05,0,0,0
SITE0119,2026-05-12,1.3216635785213822e-05,0,0,0
SITE0119,2026-05-13,1.452795473152506e-05,0,0,0
SITE0119,2026-05-14,1.771976790383666e-05,0,0,0
SITE0119,2026-05-15,2.1741018096903764e-05,0,0,0
SITE0119,2026-05-16,2.1596266408625938e-05,0,0,0
SITE0119,2026-05-17,1.824510089857699e-05,0,0,0
SITE0119,2026-05-18,1.758700864103011e-05,0,0,0
SITE0119,2026-05-19,1.789654574176894e-05,0,0,0
SITE0119,2026-05-20,2.812642521124291e-05,0,0,0
SITE0119,2026-05-21,1.9846626905569356e-05,0,0,0
SITE0119,2026-05-22,1.4956447345536721e-05,0,0,0
SITE0119,2026-05-23,1.5399846276365655e-05,0,0,0
SITE0119,2026-05-24,1.551307111140542e-05,0,0,0
SITE0119,2026-05-25,1.7587009846206196e-05,0,0,0
SITE0119,2026-05-26,2.113566305378242e-05,0,0,0
SITE0119,2026-05-27,1.700838863258989e-05,0,0,0
SITE0119,2026-05-28,1.4780494034030567e-05,0,0,0
SITE0119,2026-05-29,2.4605085443929725e-05,0,0,0
SITE0119,2026-05-30,1.9791605538399758e-05,0,0,0
SITE0119,2026-05-31,1.6742605381352998e-05,0,0,0
SITE0119,2026-06-01,1.6427589291597382e-05,0,0,0
SITE0119,2026-06-02,1.875512462132284e-05,0,0,0
SITE0119,2026-06-03,1.5021132280128554e-05,0,0,0
SITE0119,2026-06-04,1.8383744061540778e-05,0,0,0
SITE0119,2026-06-05,1.8601505508035483e-05,0,0,0
SITE0119,2026-06-06,2.016949976417819e-05,0,0,0
SITE0119,2026-06-07,2.078889988591817e-05,0,0,0
SITE0119,2026-06-08,2.0959733133673517e-05,0,0,0
SITE0119,2026-06-09,1.508782746313694e-05,0,0,0
SITE0119,2026-06-10,1.5022339946599888e-05,0,0,0
SITE0119,2026-06-11,1.5556949028309824e-05,0,0,0
SITE0119,2026-06-12,2.192424767186886e-05,0,0,0
SITE0119,2026-06-13,2.192425157627291e-05,0,0,0
SITE0119,2026-06-14,1.544852492951845e-05,0,0,0
SITE0119,2026-06-15,1.7592402588505112e-05,0,0,0
SITE0119,2026-06-16,1.699708160920442e-05,0,0,0
SITE0119,2026-06-17,2.3796810436369917e-05,0,0,0
SITE0119,2026-06-18,1.4842229098371599e-05,0,0,0
SITE0119,2026-06-19,1.4195838161408792e-05,0,0,0
SITE0119,2026-06-20,1.625939517778495e-05,0,0,0
SITE0119,2026-06-21,2.5893331144075642e-05,0,0,0
SITE0119,2026-06-22,2.20590898331609e-05,0,0,0
SITE0119,2026-06-23,1.9248943706287505e-05,0,0,0
SITE0119,2026-06-24,1.997340090193473e-05,0,0,0
SITE0119,2026-06-25,1.9911421339560717e-05,0,0,0
SITE0119,2026-06-26,2.2365792840079576e-05,0,0,0
SITE0119,2026-06-27,2.3081433534407756e-05,0,0,0
SITE0119,2026-06-28,2.272962999913849e-05,0,0,0
SITE0119,2026-06-29,1.7671608515226303e-05,0,0,0
SITE0120,2026-04-01,1.0253227288544702e-05,0,0,0
SITE0120,2026-04-02,9.900048614052686e-06,0,0,0
SITE0120,2026-04-03,9.145811463146186e-06,0,0,0
SITE0120,2026-04-04,9.420094192093749e-06,0,0,0
SITE0120,2026-04-05,1.0986191656309998e-05,0,0,0
SITE0120,2026-04-06,9.409747161105698e-06,0,0,0
SITE0120,2026-04-07,1.0182971712528479e-05,0,0,0
SITE0120,2026-04-08,9.643619466437797e-06,0,0,0
SITE0120,2026-04-09,9.653931929223707e-06,0,0,0
SITE0120,2026-04-10,9.97931486997024e-06,0,0,0
SITE0120,2026-04-11,1.0436447235716116e-05,0,0,0
SITE0120,2026-04-12,1.017332911566798e-05,0,0,0
SITE0120,2026-04-13,1.028836926973494e-05,0,0,0
SITE0120,2026-04-14,9.938788491840939e-06,0,0,0
SITE0120,2026-04-15,9.880131864213501e-06,0,0,0
SITE0120,2026-04-16,1.0229703902596443e-05,0,0,0
SITE0120,2026-04-17,9.619952405015319e-06,0,0,0
SITE0120,2026-04-18,1.0100944574037946e-05,0,0,0
SITE0120,2026-04-19,1.0753515098921287e-05,0,0,0
SITE0120,2026-04-20,9.335151688605413e-06,0,0,0
SITE0120,2026-04-21,9.361112480533916e-06,0,0,0
SITE0120,2026-04-22,9.25942881180207e-06,0,0,0
SITE0120,2026-04-23,1.1011919844683834e-05,0,0,0
SITE0120,2026-04-24,9.821262704534634e-06,0,0,0
SITE0120,2026-04-25,8.967849125039676e-06,0,0,0
SITE0120,2026-04-26,9.151637424117264e-06,0,0,0
SITE0120,2026-04-27,8.76746280547637e-06,0,0,0
SITE0120,2026-04-28,9.553585235151217e-06,0,0,0
SITE0120,2026-04-29,1.0821039405949703e-05,0,0,0
SITE0120,2026-04-30,1.0056794634713853e-05,0,0,0
SITE0120,2026-05-01,9.768965657784586e-06,0,0,0
SITE0120,2026-05-02,8.977805194656165e-06,0,0,0
SITE0120,2026-05-03,9.476396500706451e-06,0,0,0
SITE0120,2026-05-04,9.379641689817096e-06,0,0,0
SITE0120,2026-05-05,1.0436929263078673e-05,0,0,0
SITE0120,2026-05-06,1.0284945720679855e-05,0,0,0
SITE0120,2026-05-07,9.527999584916713e-06,0,0,0
SITE0120,2026-05-08,1.0414916566417964e-05,0,0,0
SITE0120,2026-05-09,9.57611198044031e-06,0,0,0
SITE0120,2026-05-10,9.936789841805881e-06,0,0,0
SITE0120,2026-05-11,9.54935250801087e-06,0,0,0
SITE0120,2026-05-12,4.6340780037972427e-05,0,0,0
SITE0120,2026-05-13,1.3287922062698128e-05,0,0,0
SITE0120,2026-05-14,3.0358390359973932e-05,0,0,0
SITE0120,2026-05-15,0.00010288189567201552,0,0,0
SITE0120,2026-05-16,0.0012077796115596833,0,0,0
SITE0120,2026-05-17,0.4455249438976974,1,1,0
SITE0120,2026-05-18,0.9999531352399099,1,1,0
SITE0120,2026-05-19,0.9999292671192046,1,1,0
SITE0120,2026-05-20,0.999874239293689,1,1,0
SITE0120,2026-05-21,0.9999588861475259,1,1,0
SITE0120,2026-05-22,0.9999826755212863,1,1,0
SITE0120,2026-05-23,0.999980846159322,1,1,0
SITE0120,2026-05-24,0.9999321144656014,1,1,0
SITE0120,2026-05-25,0.9999313758766886,1,1,0
SITE0120,2026-05-26,0.9999778878913095,1,1,0
SITE0120,2026-05-27,0.9998370141722024,1,1,0
SITE0120,2026-05-28,0.9999182698603496,1,1,0
SITE0120,2026-05-29,0.9997466539160993,1,1,0
SITE0120,2026-05-30,0.9993862287155837,1,1,0
SITE0120,2026-05-31,0.9617245421220157,1,0,1
SITE0120,2026-06-01,0.0027171405386174196,0,0,0
SITE0120,2026-06-02,0.000765913620755918,0,0,0
SITE0120,2026-06-03,6.066015644663357e-05,0,0,0
SITE0120,2026-06-04,6.080561834310082e-05,0,0,0
SITE0120,2026-06-05,7.384000458576059e-05,0,0,0
SITE0120,2026-06-06,7.029700053200317e-05,0,0,0
SITE0120,2026-06-07,2.2060327388578685e-05,0,0,0
SITE0120,2026-06-08,2.3385316807806792e-05,0,0,0
SITE0120,2026-06-09,2.422951012776382e-05,0,0,0
SITE0120,2026-06-10,2.397818580315762e-05,0,0,0
SITE0120,2026-06-11,2.5431568083152176e-05,0,0,0
SITE0120,2026-06-12,2.412268747345146e-05,0,0,0
SITE0120,2026-06-13,2.1650354444032153e-05,0,0,0
SITE0120,2026-06-14,9.992050398065866e-06,0,0,0
SITE0120,2026-06-15,1.0783043814654263e-05,0,0,0
SITE0120,2026-06-16,9.926564078279211e-06,0,0,0
SITE0120,2026-06-17,9.59274558355936e-06,0,0,0
SITE0120,2026-06-18,9.946623483791511e-06,0,0,0
SITE0120,2026-06-19,1.0611855849287753e-05,0,0,0
SITE0120,2026-06-20,9.697213485874207e-06,0,0,0
SITE0120,2026-06-21,1.0170016927739955e-05,0,0,0
SITE0120,2026-06-22,9.880131384243507e-06,0,0,0
SITE0120,2026-06-23,1.2526745088967385e-05,0,0,0
SITE0120,2026-06-24,1.34856443301507e-05,0,0,0
SITE0120,2026-06-25,1.3934495732262824e-05,0,0,0
SITE0120,2026-06-26,1.3953599748473585e-05,0,0,0
SITE0120,2026-06-27,1.0227635132287292e-05,0,0,0
SITE0120,2026-06-28,9.973803540367426e-06,0,0,0
SITE0120,2026-06-29,9.695711057960795e-06,0,0,0
SITE0121,2026-04-01,1.9323958863480418e-05,0,0,0
SITE0121,2026-04-02,1.9365972395392114e-05,0,0,0
SITE0121,2026-04-03,2.015360762925515e-05,0,0,0
SITE0121,2026-04-04,2.1477714117571186e-05,0,0,0
SITE0121,2026-04-05,1.3484164278267107e-05,0,0,0
SITE0121,2026-04-06,1.549666756941959e-05,0,0,0
SITE0121,2026-04-07,2.1411386893601048e-05,0,0,0
SITE0121,2026-04-08,3.1590436574195266e-05,0,0,0
SITE0121,2026-04-09,2.2908918465365054e-05,0,0,0
SITE0121,2026-04-10,2.037158723807066e-05,0,0,0
SITE0121,2026-04-11,2.1735646487455123e-05,0,0,0
SITE0121,2026-04-12,2.0616715458193667e-05,0,0,0
SITE0121,2026-04-13,2.8023381167662116e-05,0,0,0
SITE0121,2026-04-14,2.5032749283806435e-05,0,0,0
SITE0121,2026-04-15,2.7416704715040205e-05,0,0,0
SITE0121,2026-04-16,2.7614375431250914e-05,0,0,0
SITE0121,2026-04-17,2.315665865510921e-05,0,0,0
SITE0121,2026-04-18,2.2507110208493003e-05,0,0,0
SITE0121,2026-04-19,1.7634740830718742e-05,0,0,0
SITE0121,2026-04-20,1.543094663361554e-05,0,0,0
SITE0121,2026-04-21,1.9719719078702357e-05,0,0,0
SITE0121,2026-04-22,1.0726602996997041e-05,0,0,0
SITE0121,2026-04-23,1.0244806878185645e-05,0,0,0
SITE0121,2026-04-24,9.636470349558872e-06,0,0,0
SITE0121,2026-04-25,1.2736117880352758e-05,0,0,0
SITE0121,2026-04-26,9.990424853341817e-06,0,0,0
SITE0121,2026-04-27,1.2905428456186936e-05,0,0,0
SITE0121,2026-04-28,9.844795758106777e-06,0,0,0
SITE0121,2026-04-29,1.1323470614509693e-05,0,0,0
SITE0121,2026-04-30,1.1585697502178274e-05,0,0,0
SITE0121,2026-05-01,1.1766597780792848e-05,0,0,0
SITE0121,2026-05-02,1.6773387859171054e-05,0,0,0
SITE0121,2026-05-03,2.67696116017591e-05,0,0,0
SITE0121,2026-05-04,1.4759573316277914e-05,0,0,0
SITE0121,2026-05-05,1.5627907277859962e-05,0,0,0
SITE0121,2026-05-06,2.2500999830296854e-05,0,0,0
SITE0121,2026-05-07,1.506786229033735e-05,0,0,0
SITE0121,2026-05-08,1.4495816346388601e-05,0,0,0
SITE0121,2026-05-09,1.60839871636791e-05,0,0,0
SITE0121,2026-05-10,1.5999924187192616e-05,0,0,0
SITE0121,2026-05-11,2.210724407011435e-05,0,0,0
SITE0121,2026-05-12,1.2670873771542876e-05,0,0,0
SITE0121,2026-05-13,1.8415520387280978e-05,0,0,0
SITE0121,2026-05-14,1.3744998829485595e-05,0,0,0
SITE0121,2026-05-15,2.0170087624055e-05,0,0,0
SITE0121,2026-05-16,1.5350272465568157e-05,0,0,0
SITE0121,2026-05-17,1.406292632381951e-05,0,0,0
SITE0121,2026-05-18,1.3414997754114805e-05,0,0,0
SITE0121,2026-05-19,1.447306992708712e-05,0,0,0
SITE0121,2026-05-20,1.2533756461435941e-05,0,0,0
SITE0121,2026-05-21,1.352800828639942e-05,0,0,0
SITE0121,2026-05-22,1.549023240585659e-05,0,0,0
SITE0121,2026-05-23,1.7066166829192898e-05,0,0,0
SITE0121,2026-05-24,2.907200650559528e-05,0,0,0
SITE0121,2026-05-25,3.626906651941784e-05,0,0,0
SITE0121,2026-05-26,2.2730239055940785e-05,0,0,0
SITE0121,2026-05-27,2.8397157195595658e-05,0,0,0
SITE0121,2026-05-28,2.3335292084186423e-05,0,0,0
SITE0121,2026-05-29,1.5819324852782646e-05,0,0,0
SITE0121,2026-05-30,1.5569739237823962e-05,0,0,0
SITE0121,2026-05-31,1.7053192006292258e-05,0,0,0
SITE0121,2026-06-01,2.301396849353617e-05,0,0,0
SITE0121,2026-06-02,1.3315043496075472e-05,0,0,0
SITE0121,2026-06-03,1.4185335623038454e-05,0,0,0
SITE0121,2026-06-04,1.4166127766720312e-05,0,0,0
SITE0121,2026-06-05,1.616044516043253e-05,0,0,0
SITE0121,2026-06-06,1.339861541890257e-05,0,0,0
SITE0121,2026-06-07,1.360342444431142e-05,0,0,0
SITE0121,2026-06-08,2.6423889709414382e-05,0,0,0
SITE0121,2026-06-09,3.3030563984259204e-05,0,0,0
SITE0121,2026-06-10,1.4324513801476981e-05,0,0,0
SITE0121,2026-06-11,1.4925028659436471e-05,0,0,0
SITE0121,2026-06-12,1.5484012595301798e-05,0,0,0
SITE0121,2026-06-13,2.6353255789014844e-05,0,0,0
SITE0121,2026-06-14,1.822346108029958e-05,0,0,0
SITE0121,2026-06-15,1.4836871499760929e-05,0,0,0
SITE0121,2026-06-16,8.868033454467226e-06,0,0,0
SITE0121,2026-06-17,1.0266709399757393e-05,0,0,0
SITE0121,2026-06-18,1.1843667389717987e-05,0,0,0
SITE0121,2026-06-19,1.0356238670845378e-05,0,0,0
SITE0121,2026-06-20,1.269852796718777e-05,0,0,0
SITE0121,2026-06-21,1.1306995120755555e-05,0,0,0
SITE0121,2026-06-22,2.047613844022311e-05,0,0,0
SITE0121,2026-06-23,2.87962778987161e-05,0,0,0
SITE0121,2026-06-24,2.655722100825143e-05,0,0,0
SITE0121,2026-06-25,4.0175659469913046e-05,0,0,0
SITE0121,2026-06-26,2.639432303844569e-05,0,0,0
SITE0121,2026-06-27,2.1766871867125803e-05,0,0,0
SITE0121,2026-06-28,1.074838962187879e-05,0,0,0
SITE0121,2026-06-29,1.051517443225613e-05,0,0,0
SITE0122,2026-04-01,7.397502181082045e-06,0,0,0
SITE0122,2026-04-02,7.044745603717384e-06,0,0,0
SITE0122,2026-04-03,7.140482357239976e-06,0,0,0
SITE0122,2026-04-04,8.531644964245448e-06,0,0,0
SITE0122,2026-04-05,6.925587010608887e-06,0,0,0
SITE0122,2026-04-06,6.756258223668836e-06,0,0,0
SITE0122,2026-04-07,6.946708192397796e-06,0,0,0
SITE0122,2026-04-08,8.33025709325191e-06,0,0,0
SITE0122,2026-04-09,8.704777284846328e-06,0,0,0
SITE0122,2026-04-10,6.96327805561241e-06,0,0,0
SITE0122,2026-04-11,5.819549827996114e-06,0,0,0
SITE0122,2026-04-12,5.735190750513639e-06,0,0,0
SITE0122,2026-04-13,7.164832225820826e-06,0,0,0
SITE0122,2026-04-14,6.551147322892446e-06,0,0,0
SITE0122,2026-04-15,6.616527839698086e-06,0,0,0
SITE0122,2026-04-16,7.560120648220217e-06,0,0,0
SITE0122,2026-04-17,7.817645663213451e-06,0,0,0
SITE0122,2026-04-18,7.967130916206287e-06,0,0,0
SITE0122,2026-04-19,7.084024807760043e-06,0,0,0
SITE0122,2026-04-20,6.66094511537197e-06,0,0,0
SITE0122,2026-04-21,6.800563558669666e-06,0,0,0
SITE0122,2026-04-22,9.988342723903109e-06,0,0,0
SITE0122,2026-04-23,8.914216046610863e-06,0,0,0
SITE0122,2026-04-24,8.00422850431293e-06,0,0,0
SITE0122,2026-04-25,1.1390337944390612e-05,0,0,0
SITE0122,2026-04-26,7.744005733003574e-06,0,0,0
SITE0122,2026-04-27,5.674152629514672e-06,0,0,0
SITE0122,2026-04-28,5.2639605267876814e-06,0,0,0
SITE0122,2026-04-29,5.28836740428361e-06,0,0,0
SITE0122,2026-04-30,5.152340920216456e-06,0,0,0
SITE0122,2026-05-01,8.490858831289319e-06,0,0,0
SITE0122,2026-05-02,5.883753135178527e-06,0,0,0
SITE0122,2026-05-03,6.166633758017754e-06,0,0,0
SITE0122,2026-05-04,8.09611909902953e-06,0,0,0
SITE0122,2026-05-05,1.4663441916112084e-05,0,0,0
SITE0122,2026-05-06,6.850698882054902e-06,0,0,0
SITE0122,2026-05-07,9.291111299234792e-06,0,0,0
SITE0122,2026-05-08,6.462309443722651e-06,0,0,0
SITE0122,2026-05-09,5.981722792770651e-06,0,0,0
SITE0122,2026-05-10,6.642782675765539e-06,0,0,0
SITE0122,2026-05-11,5.6222025897396445e-06,0,0,0
SITE0122,2026-05-12,8.439653909648992e-06,0,0,0
SITE0122,2026-05-13,5.970758744442222e-06,0,0,0
SITE0122,2026-05-14,1.1218946599664374e-05,0,0,0
SITE0122,2026-05-15,8.002979643723807e-06,0,0,0
SITE0122,2026-05-16,5.8183559864101565e-06,0,0,0
SITE0122,2026-05-17,5.8435602692205225e-06,0,0,0
SITE0122,2026-05-18,9.208931839792351e-06,0,0,0
SITE0122,2026-05-19,5.796075322490844e-06,0,0,0
SITE0122,2026-05-20,6.30717779137885e-06,0,0,0
SITE0122,2026-05-21,7.174292697731771e-06,0,0,0
SITE0122,2026-05-22,6.959119890435078e-06,0,0,0
SITE0122,2026-05-23,6.985784232097098e-06,0,0,0
SITE0122,2026-05-24,6.7526231247141716e-06,0,0,0
SITE0122,2026-05-25,5.572002552812113e-06,0,0,0
SITE0122,2026-05-26,9.119072514082997e-06,0,0,0
SITE0122,2026-05-27,6.753170044058864e-06,0,0,0
SITE0122,2026-05-28,7.773524273154112e-06,0,0,0
SITE0122,2026-05-29,7.528795619811648e-06,0,0,0
SITE0122,2026-05-30,7.066366037781967e-06,0,0,0
SITE0122,2026-05-31,9.553481090628286e-06,0,0,0
SITE0122,2026-06-01,5.6681305101956315e-06,0,0,0
SITE0122,2026-06-02,6.7496684449809305e-06,0,0,0
SITE0122,2026-06-03,7.349399348867447e-06,0,0,0
SITE0122,2026-06-04,6.681867762036096e-06,0,0,0
SITE0122,2026-06-05,1.1119521786495103e-05,0,0,0
SITE0122,2026-06-06,7.838972566927902e-06,0,0,0
SITE0122,2026-06-07,8.240069175818186e-06,0,0,0
SITE0122,2026-06-08,1.0483206388374369e-05,0,0,0
SITE0122,2026-06-09,1.4750051733837245e-05,0,0,0
SITE0122,2026-06-10,1.0370280497432695e-05,0,0,0
SITE0122,2026-06-11,8.041360665450831e-06,0,0,0
SITE0122,2026-06-12,7.980460105109834e-06,0,0,0
SITE0122,2026-06-13,6.819168527839812e-06,0,0,0
SITE0122,2026-06-14,5.797499489636833e-06,0,0,0
SITE0122,2026-06-15,5.544913511300062e-06,0,0,0
SITE0122,2026-06-16,6.340225872772778e-06,0,0,0
SITE0122,2026-06-17,7.994283890247427e-06,0,0,0
SITE0122,2026-06-18,1.0860391445249959e-05,0,0,0
SITE0122,2026-06-19,7.095518389328407e-06,0,0,0
SITE0122,2026-06-20,8.221718375286164e-06,0,0,0
SITE0122,2026-06-21,9.111759677598646e-06,0,0,0
SITE0122,2026-06-22,8.558877992464382e-06,0,0,0
SITE0122,2026-06-23,1.033679056967426e-05,0,0,0
SITE0122,2026-06-24,5.558475071951073e-06,0,0,0
SITE0122,2026-06-25,5.7980412944853815e-06,0,0,0
SITE0122,2026-06-26,5.993007207860366e-06,0,0,0
SITE0122,2026-06-27,8.67052788104002e-06,0,0,0
SITE0122,2026-06-28,1.0013525296769746e-05,0,0,0
SITE0122,2026-06-29,8.240510366608024e-06,0,0,0
SITE0123,2026-04-01,1.830565406003982e-05,0,0,0
SITE0123,2026-04-02,8.04481350419923e-06,0,0,0
SITE0123,2026-04-03,8.102235322895045e-06,0,0,0
SITE0123,2026-04-04,9.807104659703358e-06,0,0,0
SITE0123,2026-04-05,8.53116542025374e-06,0,0,0
SITE0123,2026-04-06,7.698889377049891e-06,0,0,0
SITE0123,2026-04-07,9.362300346097534e-06,0,0,0
SITE0123,2026-04-08,8.971788027828275e-06,0,0,0
SITE0123,2026-04-09,6.766904634352991e-06,0,0,0
SITE0123,2026-04-10,7.820054834964231e-06,0,0,0
SITE0123,2026-04-11,6.375303317832749e-06,0,0,0
SITE0123,2026-04-12,7.511256971089103e-06,0,0,0
SITE0123,2026-04-13,6.645797358671128e-06,0,0,0
SITE0123,2026-04-14,7.700434186846896e-06,0,0,0
SITE0123,2026-04-15,8.156571932921983e-06,0,0,0
SITE0123,2026-04-16,8.973183174873482e-06,0,0,0
SITE0123,2026-04-17,1.4721569045015461e-05,0,0,0
SITE0123,2026-04-18,8.375820919930708e-06,0,0,0
SITE0123,2026-04-19,8.820458434241457e-06,0,0,0
SITE0123,2026-04-20,1.1802296762726285e-05,0,0,0
SITE0123,2026-04-21,9.02151521611879e-06,0,0,0
SITE0123,2026-04-22,1.1740970296664507e-05,0,0,0
SITE0123,2026-04-23,1.004281275027361e-05,0,0,0
SITE0123,2026-04-24,1.0135055411000465e-05,0,0,0
SITE0123,2026-04-25,1.2796653311958582e-05,0,0,0
SITE0123,2026-04-26,1.9160092474041604e-05,0,0,0
SITE0123,2026-04-27,8.079990752994997e-06,0,0,0
SITE0123,2026-04-28,8.521602513393471e-06,0,0,0
SITE0123,2026-04-29,9.569847768873432e-06,0,0,0
SITE0123,2026-04-30,1.014722409483115e-05,0,0,0
SITE0123,2026-05-01,1.052551700741825e-05,0,0,0
SITE0123,2026-05-02,1.4153009204510224e-05,0,0,0
SITE0123,2026-05-03,7.999301153203013e-06,0,0,0
SITE0123,2026-05-04,8.342607015035358e-06,0,0,0
SITE0123,2026-05-05,8.72435602585784e-06,0,0,0
SITE0123,2026-05-06,7.5406496456419255e-06,0,0,0
SITE0123,2026-05-07,8.883219943109394e-06,0,0,0
SITE0123,2026-05-08,5.686577854477162e-06,0,0,0
SITE0123,2026-05-09,7.218795906725845e-06,0,0,0
SITE0123,2026-05-10,6.926725714494651e-06,0,0,0
SITE0123,2026-05-11,6.4440371613319735e-06,0,0,0
SITE0123,2026-05-12,9.737028017911023e-06,0,0,0
SITE0123,2026-05-13,9.332923239971898e-06,0,0,0
SITE0123,2026-05-14,1.4740466607161908e-05,0,0,0
SITE0123,2026-05-15,1.586034236295137e-05,0,0,0
SITE0123,2026-05-16,1.0140688889657309e-05,0,0,0
SITE0123,2026-05-17,1.0881621844787507e-05,0,0,0
SITE0123,2026-05-18,1.2509355144564104e-05,0,0,0
SITE0123,2026-05-19,1.1957955706343107e-05,0,0,0
SITE0123,2026-05-20,6.942757995557104e-06,0,0,0
SITE0123,2026-05-21,8.293528562262662e-06,0,0,0
SITE0123,2026-05-22,6.880091678249027e-06,0,0,0
SITE0123,2026-05-23,6.693063540379517e-06,0,0,0
SITE0123,2026-05-24,9.209515906979403e-06,0,0,0
SITE0123,2026-05-25,1.0227236126664685e-05,0,0,0
SITE0123,2026-05-26,7.460297197007831e-06,0,0,0
SITE0123,2026-05-27,8.823141821427984e-06,0,0,0
SITE0123,2026-05-28,9.743033214812216e-06,0,0,0
SITE0123,2026-05-29,7.866506282822461e-06,0,0,0
SITE0123,2026-05-30,8.243470755038497e-06,0,0,0
SITE0123,2026-05-31,7.660987514074188e-06,0,0,0
SITE0123,2026-06-01,8.51852598900952e-06,0,0,0
SITE0123,2026-06-02,6.926491600581525e-06,0,0,0
SITE0123,2026-06-03,9.042809507170773e-06,0,0,0
SITE0123,2026-06-04,9.602169169169403e-06,0,0,0
SITE0123,2026-06-05,9.196308266366003e-06,0,0,0
SITE0123,2026-06-06,7.674327459092197e-06,0,0,0
SITE0123,2026-06-07,7.731787387423021e-06,0,0,0
SITE0123,2026-06-08,8.345520372197437e-06,0,0,0
SITE0123,2026-06-09,7.529924992120161e-06,0,0,0
SITE0123,2026-06-10,9.069448289926704e-06,0,0,0
SITE0123,2026-06-11,1.3165356805066374e-05,0,0,0
SITE0123,2026-06-12,7.606130363574952e-06,0,0,0
SITE0123,2026-06-13,7.67347358665785e-06,0,0,0
SITE0123,2026-06-14,1.3148766227245181e-05,0,0,0
SITE0123,2026-06-15,8.237971652932205e-06,0,0,0
SITE0123,2026-06-16,8.00441192272172e-06,0,0,0
SITE0123,2026-06-17,7.372475884501627e-06,0,0,0
SITE0123,2026-06-18,8.673352013967163e-06,0,0,0
SITE0123,2026-06-19,8.44254727290364e-06,0,0,0
SITE0123,2026-06-20,9.587879910471066e-06,0,0,0
SITE0123,2026-06-21,7.674369251061928e-06,0,0,0
SITE0123,2026-06-22,8.662229299227336e-06,0,0,0
SITE0123,2026-06-23,8.48609545339264e-06,0,0,0
SITE0123,2026-06-24,1.0237160603717337e-05,0,0,0
SITE0123,2026-06-25,1.0178324440975465e-05,0,0,0
SITE0123,2026-06-26,7.209983339693813e-06,0,0,0
SITE0123,2026-06-27,8.964707840895077e-06,0,0,0
SITE0123,2026-06-28,8.304558162766575e-06,0,0,0
SITE0123,2026-06-29,8.242422077642455e-06,0,0,0
SITE0124,2026-04-01,1.2472991108783638e-05,0,0,0
SITE0124,2026-04-02,9.400664080679388e-06,0,0,0
SITE0124,2026-04-03,9.46247072316239e-06,0,0,0
SITE0124,2026-04-04,8.494896488115448e-06,0,0,0
SITE0124,2026-04-05,7.575078429221569e-06,0,0,0
SITE0124,2026-04-06,8.552113167552537e-06,0,0,0
SITE0124,2026-04-07,1.0102706531674413e-05,0,0,0
SITE0124,2026-04-08,7.499650803935303e-06,0,0,0
SITE0124,2026-04-09,8.383914605797745e-06,0,0,0
SITE0124,2026-04-10,8.490691646143178e-06,0,0,0
SITE0124,2026-04-11,1.2454659229026903e-05,0,0,0
SITE0124,2026-04-12,1.0550331664064426e-05,0,0,0
SITE0124,2026-04-13,1.0357648653564793e-05,0,0,0
SITE0124,2026-04-14,1.0513367465390506e-05,0,0,0
SITE0124,2026-04-15,9.396905764484132e-06,0,0,0
SITE0124,2026-04-16,7.763294389695008e-06,0,0,0
SITE0124,2026-04-17,8.322084352744093e-06,0,0,0
SITE0124,2026-04-18,1.0601860348196855e-05,0,0,0
SITE0124,2026-04-19,9.598623096817065e-06,0,0,0
SITE0124,2026-04-20,8.42980742050871e-06,0,0,0
SITE0124,2026-04-21,1.0148658113940334e-05,0,0,0
SITE0124,2026-04-22,1.0102115617171101e-05,0,0,0
SITE0124,2026-04-23,1.3425261373735158e-05,0,0,0
SITE0124,2026-04-24,9.655580132494554e-06,0,0,0
SITE0124,2026-04-25,8.193824465747825e-06,0,0,0
SITE0124,2026-04-26,8.140740623241106e-06,0,0,0
SITE0124,2026-04-27,1.879098334034762e-05,0,0,0
SITE0124,2026-04-28,1.2597052841846556e-05,0,0,0
SITE0124,2026-04-29,1.3121447171397264e-05,0,0,0
SITE0124,2026-04-30,1.0491432234069834e-05,0,0,0
SITE0124,2026-05-01,7.369596296838219e-06,0,0,0
SITE0124,2026-05-02,7.075498894495167e-06,0,0,0
SITE0124,2026-05-03,7.6096871907666754e-06,0,0,0
SITE0124,2026-05-04,7.596446929755198e-06,0,0,0
SITE0124,2026-05-05,1.2446071589424177e-05,0,0,0
SITE0124,2026-05-06,7.84918122664328e-06,0,0,0
SITE0124,2026-05-07,1.028079958654128e-05,0,0,0
SITE0124,2026-05-08,1.1118755588666332e-05,0,0,0
SITE0124,2026-05-09,7.812016022416906e-06,0,0,0
SITE0124,2026-05-10,8.188775294244164e-06,0,0,0
SITE0124,2026-05-11,8.896381057973406e-06,0,0,0
SITE0124,2026-05-12,1.1575648315016065e-05,0,0,0
SITE0124,2026-05-13,7.704540992703195e-06,0,0,0
SITE0124,2026-05-14,8.819157847419598e-06,0,0,0
SITE0124,2026-05-15,8.995132646554017e-06,0,0,0
SITE0124,2026-05-16,9.079833028994284e-06,0,0,0
SITE0124,2026-05-17,1.0284028815613764e-05,0,0,0
SITE0124,2026-05-18,9.137102716740674e-06,0,0,0
SITE0124,2026-05-19,9.739175993293313e-06,0,0,0
SITE0124,2026-05-20,1.716850933974116e-05,0,0,0
SITE0124,2026-05-21,1.1072118310403216e-05,0,0,0
SITE0124,2026-05-22,1.2512340148655107e-05,0,0,0
SITE0124,2026-05-23,8.8836119667807e-06,0,0,0
SITE0124,2026-05-24,8.319737759991385e-06,0,0,0
SITE0124,2026-05-25,7.055907027518899e-06,0,0,0
SITE0124,2026-05-26,9.773703423449859e-06,0,0,0
SITE0124,2026-05-27,9.848169641977125e-06,0,0,0
SITE0124,2026-05-28,9.624536572613957e-06,0,0,0
SITE0124,2026-05-29,9.543395121709326e-06,0,0,0
SITE0124,2026-05-30,9.76683469277477e-06,0,0,0
SITE0124,2026-05-31,1.0667609491921939e-05,0,0,0
SITE0124,2026-06-01,1.1692549622648474e-05,0,0,0
SITE0124,2026-06-02,1.424034440452391e-05,0,0,0
SITE0124,2026-06-03,1.0387614895130123e-05,0,0,0
SITE0124,2026-06-04,1.0008538411010535e-05,0,0,0
SITE0124,2026-06-05,9.672026199172165e-06,0,0,0
SITE0124,2026-06-06,1.2716604896398772e-05,0,0,0
SITE0124,2026-06-07,1.0457650439689307e-05,0,0,0
SITE0124,2026-06-08,1.3583866740503093e-05,0,0,0
SITE0124,2026-06-09,1.0746993016936881e-05,0,0,0
SITE0124,2026-06-10,9.830320584531592e-06,0,0,0
SITE0124,2026-06-11,9.270475947600668e-06,0,0,0
SITE0124,2026-06-12,1.3737923350402926e-05,0,0,0
SITE0124,2026-06-13,9.559304600027007e-06,0,0,0
SITE0124,2026-06-14,9.332046243608399e-06,0,0,0
SITE0124,2026-06-15,9.589809790420544e-06,0,0,0
SITE0124,2026-06-16,1.3152493063412087e-05,0,0,0
SITE0124,2026-06-17,9.77560036277388e-06,0,0,0
SITE0124,2026-06-18,7.831768611662655e-06,0,0,0
SITE0124,2026-06-19,7.465499679373254e-06,0,0,0
SITE0124,2026-06-20,1.048669954873856e-05,0,0,0
SITE0124,2026-06-21,8.394790396722132e-06,0,0,0
SITE0124,2026-06-22,1.0253032806576623e-05,0,0,0
SITE0124,2026-06-23,8.550329756099332e-06,0,0,0
SITE0124,2026-06-24,8.101422193890838e-06,0,0,0
SITE0124,2026-06-25,1.0191320138659656e-05,0,0,0
SITE0124,2026-06-26,1.0171907966135767e-05,0,0,0
SITE0124,2026-06-27,1.2868816152894604e-05,0,0,0
SITE0124,2026-06-28,8.417427728028735e-06,0,0,0
SITE0124,2026-06-29,1.2502383640103534e-05,0,0,0
SITE0125,2026-04-01,1.8802703104424008e-05,0,0,0
SITE0125,2026-04-02,2.400194103903303e-05,0,0,0
SITE0125,2026-04-03,2.607112697946286e-05,0,0,0
SITE0125,2026-04-04,4.057192582260687e-05,0,0,0
SITE0125,2026-04-05,3.356806131851138e-05,0,0,0
SITE0125,2026-04-06,3.420541449116607e-05,0,0,0
SITE0125,2026-04-07,3.0607438761718134e-05,0,0,0
SITE0125,2026-04-08,2.912017928762684e-05,0,0,0
SITE0125,2026-04-09,2.9667421969796323e-05,0,0,0
SITE0125,2026-04-10,2.6202698938428775e-05,0,0,0
SITE0125,2026-04-11,1.3304524308976672e-05,0,0,0
SITE0125,2026-04-12,1.3407172026919401e-05,0,0,0
SITE0125,2026-04-13,1.3333187650259903e-05,0,0,0
SITE0125,2026-04-14,1.3324224313289843e-05,0,0,0
SITE0125,2026-04-15,1.4707094431844389e-05,0,0,0
SITE0125,2026-04-16,4.3005347200727735e-05,0,0,0
SITE0125,2026-04-17,2.9269635663513248e-05,0,0,0
SITE0125,2026-04-18,1.2425415776084686e-05,0,0,0
SITE0125,2026-04-19,3.7810397759126694e-05,0,0,0
SITE0125,2026-04-20,4.0417395417262094e-05,0,0,0
SITE0125,2026-04-21,3.873001663244016e-05,0,0,0
SITE0125,2026-04-22,2.8945047640636026e-05,0,0,0
SITE0125,2026-04-23,4.329967685189658e-05,0,0,0
SITE0125,2026-04-24,0.0001005937723384439,0,0,0
SITE0125,2026-04-25,1.9018278409142382e-05,0,0,0
SITE0125,2026-04-26,1.5055169823286703e-05,0,0,0
SITE0125,2026-04-27,1.4785009252590979e-05,0,0,0
SITE0125,2026-04-28,1.5061565496304138e-05,0,0,0
SITE0125,2026-04-29,1.5061303479490497e-05,0,0,0
SITE0125,2026-04-30,2.663904115816205e-05,0,0,0
SITE0125,2026-05-01,2.6286685707434727e-05,0,0,0
SITE0125,2026-05-02,2.8003609748434076e-05,0,0,0
SITE0125,2026-05-03,2.6371261418333387e-05,0,0,0
SITE0125,2026-05-04,2.7073296246514048e-05,0,0,0
SITE0125,2026-05-05,4.2806863314858786e-05,0,0,0
SITE0125,2026-05-06,2.921463225092325e-05,0,0,0
SITE0125,2026-05-07,3.0971396941160394e-05,0,0,0
SITE0125,2026-05-08,2.5535115708888555e-05,0,0,0
SITE0125,2026-05-09,5.900925926845894e-05,0,0,0
SITE0125,2026-05-10,2.630406603374467e-05,0,0,0
SITE0125,2026-05-11,4.631205223797837e-05,0,0,0
SITE0125,2026-05-12,2.79914339608515e-05,0,0,0
SITE0125,2026-05-13,2.848590663066493e-05,0,0,0
SITE0125,2026-05-14,2.3564300522458095e-05,0,0,0
SITE0125,2026-05-15,2.287511264161224e-05,0,0,0
SITE0125,2026-05-16,2.258584984794875e-05,0,0,0
SITE0125,2026-05-17,6.553375927469985e-05,0,0,0
SITE0125,2026-05-18,2.7721049864090126e-05,0,0,0
SITE0125,2026-05-19,1.8625762207264734e-05,0,0,0
SITE0125,2026-05-20,1.806468722106282e-05,0,0,0
SITE0125,2026-05-21,2.139636355102008e-05,0,0,0
SITE0125,2026-05-22,2.8536641206704143e-05,0,0,0
SITE0125,2026-05-23,2.8413797098618437e-05,0,0,0
SITE0125,2026-05-24,2.0940842030019152e-05,0,0,0
SITE0125,2026-05-25,2.021685983338844e-05,0,0,0
SITE0125,2026-05-26,5.451720788624293e-05,0,0,0
SITE0125,2026-05-27,5.686218853570958e-05,0,0,0
SITE0125,2026-05-28,2.83285324066141e-05,0,0,0
SITE0125,2026-05-29,2.0764050328223817e-05,0,0,0
SITE0125,2026-05-30,5.575351637385937e-05,0,0,0
SITE0125,2026-05-31,5.574306789116994e-05,0,0,0
SITE0125,2026-06-01,5.421725246214779e-05,0,0,0
SITE0125,2026-06-02,2.993798812108396e-05,0,0,0
SITE0125,2026-06-03,1.5972848972422753e-05,0,0,0
SITE0125,2026-06-04,1.6691853662608033e-05,0,0,0
SITE0125,2026-06-05,1.534144238284284e-05,0,0,0
SITE0125,2026-06-06,2.815591023472258e-05,0,0,0
SITE0125,2026-06-07,3.8108628599178245e-05,0,0,0
SITE0125,2026-06-08,2.9005684678107627e-05,0,0,0
SITE0125,2026-06-09,7.061602006145172e-05,0,0,0
SITE0125,2026-06-10,2.0096034323225674e-05,0,0,0
SITE0125,2026-06-11,1.4091778324219819e-05,0,0,0
SITE0125,2026-06-12,1.51039082848126e-05,0,0,0
SITE0125,2026-06-13,3.313262160959711e-05,0,0,0
SITE0125,2026-06-14,4.6536579476581096e-05,0,0,0
SITE0125,2026-06-15,4.575980604463713e-05,0,0,0
SITE0125,2026-06-16,3.422296990687805e-05,0,0,0
SITE0125,2026-06-17,4.472399357812055e-05,0,0,0
SITE0125,2026-06-18,1.5533922107400915e-05,0,0,0
SITE0125,2026-06-19,1.583441938829495e-05,0,0,0
SITE0125,2026-06-20,1.4229178267123448e-05,0,0,0
SITE0125,2026-06-21,2.9584059212166888e-05,0,0,0
SITE0125,2026-06-22,2.961196991658463e-05,0,0,0
SITE0125,2026-06-23,2.7670021275389522e-05,0,0,0
SITE0125,2026-06-24,2.7572103719064122e-05,0,0,0
SITE0125,2026-06-25,3.002959098282018e-05,0,0,0
SITE0125,2026-06-26,4.786376544013014e-05,0,0,0
SITE0125,2026-06-27,3.177853603039622e-05,0,0,0
SITE0125,2026-06-28,2.8676132675721495e-05,0,0,0
SITE0125,2026-06-29,3.430043599789081e-05,0,0,0
SITE0126,2026-04-01,2.830543336099701e-05,0,0,0
SITE0126,2026-04-02,1.838002728917137e-05,0,0,0
SITE0126,2026-04-03,1.7854219199407783e-05,0,0,0
SITE0126,2026-04-04,1.0358161369392918e-05,0,0,0
SITE0126,2026-04-05,1.0569755666352819e-05,0,0,0
SITE0126,2026-04-06,1.0689380285390376e-05,0,0,0
SITE0126,2026-04-07,9.785626289051394e-06,0,0,0
SITE0126,2026-04-08,1.2800269598618877e-05,0,0,0
SITE0126,2026-04-09,1.1479635541359399e-05,0,0,0
SITE0126,2026-04-10,1.3982162832700883e-05,0,0,0
SITE0126,2026-04-11,1.1507805010857816e-05,0,0,0
SITE0126,2026-04-12,1.0432690189735724e-05,0,0,0
SITE0126,2026-04-13,1.3603181334473262e-05,0,0,0
SITE0126,2026-04-14,1.2812210538341166e-05,0,0,0
SITE0126,2026-04-15,1.0062477491679806e-05,0,0,0
SITE0126,2026-04-16,9.069982222275285e-06,0,0,0
SITE0126,2026-04-17,8.920098884028669e-06,0,0,0
SITE0126,2026-04-18,1.147206750038268e-05,0,0,0
SITE0126,2026-04-19,9.621851775916808e-06,0,0,0
SITE0126,2026-04-20,9.224793207108522e-06,0,0,0
SITE0126,2026-04-21,1.1109124053373041e-05,0,0,0
SITE0126,2026-04-22,1.0568056434636366e-05,0,0,0
SITE0126,2026-04-23,1.2812407333872953e-05,0,0,0
SITE0126,2026-04-24,1.170487838855048e-05,0,0,0
SITE0126,2026-04-25,1.0781459246996394e-05,0,0,0
SITE0126,2026-04-26,1.0123181971551962e-05,0,0,0
SITE0126,2026-04-27,1.294987508072856e-05,0,0,0
SITE0126,2026-04-28,1.0689689196675431e-05,0,0,0
SITE0126,2026-04-29,1.526339630589863e-05,0,0,0
SITE0126,2026-04-30,1.0097972090165042e-05,0,0,0
SITE0126,2026-05-01,1.1833205919160277e-05,0,0,0
SITE0126,2026-05-02,1.0109383510874688e-05,0,0,0
SITE0126,2026-05-03,1.003699836512608e-05,0,0,0
SITE0126,2026-05-04,1.07966716123576e-05,0,0,0
SITE0126,2026-05-05,1.0668443172852564e-05,0,0,0
SITE0126,2026-05-06,1.1161081601516963e-05,0,0,0
SITE0126,2026-05-07,1.5755502715707574e-05,0,0,0
SITE0126,2026-05-08,1.047876196647587e-05,0,0,0
SITE0126,2026-05-09,1.1007912135964849e-05,0,0,0
SITE0126,2026-05-10,1.0529393792501758e-05,0,0,0
SITE0126,2026-05-11,1.110871396319887e-05,0,0,0
SITE0126,2026-05-12,1.3138019634013123e-05,0,0,0
SITE0126,2026-05-13,1.4765603589103257e-05,0,0,0
SITE0126,2026-05-14,1.062170063244593e-05,0,0,0
SITE0126,2026-05-15,1.038520670065834e-05,0,0,0
SITE0126,2026-05-16,1.0379957322071296e-05,0,0,0
SITE0126,2026-05-17,1.0379957361829593e-05,0,0,0
SITE0126,2026-05-18,1.1924512195289787e-05,0,0,0
SITE0126,2026-05-19,9.94351516431271e-06,0,0,0
SITE0126,2026-05-20,1.314763257700442e-05,0,0,0
SITE0126,2026-05-21,1.0798075729785534e-05,0,0,0
SITE0126,2026-05-22,1.0430067668326278e-05,0,0,0
SITE0126,2026-05-23,1.0551504136664534e-05,0,0,0
SITE0126,2026-05-24,1.484114197683608e-05,0,0,0
SITE0126,2026-05-25,1.1272450647351543e-05,0,0,0
SITE0126,2026-05-26,1.4133382928081222e-05,0,0,0
SITE0126,2026-05-27,1.0308590849154381e-05,0,0,0
SITE0126,2026-05-28,1.4683689598735211e-05,0,0,0
SITE0126,2026-05-29,1.0238006466865242e-05,0,0,0
SITE0126,2026-05-30,1.142356277189804e-05,0,0,0
SITE0126,2026-05-31,9.70733601499136e-06,0,0,0
SITE0126,2026-06-01,1.3348216529591464e-05,0,0,0
SITE0126,2026-06-02,1.4735333678132541e-05,0,0,0
SITE0126,2026-06-03,1.0256329616384273e-05,0,0,0
SITE0126,2026-06-04,1.627436572421847e-05,0,0,0
SITE0126,2026-06-05,1.2129452326267947e-05,0,0,0
SITE0126,2026-06-06,1.3172702975611343e-05,0,0,0
SITE0126,2026-06-07,1.0838352332167302e-05,0,0,0
SITE0126,2026-06-08,1.1101279896466126e-05,0,0,0
SITE0126,2026-06-09,1.0346257886356989e-05,0,0,0
SITE0126,2026-06-10,1.149311984506227e-05,0,0,0
SITE0126,2026-06-11,1.2393125544804233e-05,0,0,0
SITE0126,2026-06-12,1.3400781141307203e-05,0,0,0
SITE0126,2026-06-13,1.0255181186957706e-05,0,0,0
SITE0126,2026-06-14,9.650036164168811e-06,0,0,0
SITE0126,2026-06-15,1.3979243986757697e-05,0,0,0
SITE0126,2026-06-16,9.682055892046543e-06,0,0,0
SITE0126,2026-06-17,9.697013788633447e-06,0,0,0
SITE0126,2026-06-18,1.0145780058858562e-05,0,0,0
SITE0126,2026-06-19,1.3213613790684547e-05,0,0,0
SITE0126,2026-06-20,1.541964886153939e-05,0,0,0
SITE0126,2026-06-21,9.939166837785838e-06,0,0,0
SITE0126,2026-06-22,1.0127792877035679e-05,0,0,0
SITE0126,2026-06-23,1.0007996877735212e-05,0,0,0
SITE0126,2026-06-24,1.3094460736144793e-05,0,0,0
SITE0126,2026-06-25,1.1316273377486211e-05,0,0,0
SITE0126,2026-06-26,1.3645810841621018e-05,0,0,0
SITE0126,2026-06-27,9.57287298354909e-06,0,0,0
SITE0126,2026-06-28,1.1386898669806611e-05,0,0,0
SITE0126,2026-06-29,1.2742680546374582e-05,0,0,0
SITE0127,2026-04-01,7.721138901848595e-06,0,0,0
SITE0127,2026-04-02,4.7710569094273936e-06,0,0,0
SITE0127,2026-04-03,5.545024564618883e-06,0,0,0
SITE0127,2026-04-04,9.80893652189857e-06,0,0,0
SITE0127,2026-04-05,1.0177097730156524e-05,0,0,0
SITE0127,2026-04-06,7.3060048167965774e-06,0,0,0
SITE0127,2026-04-07,7.091967450350921e-06,0,0,0
SITE0127,2026-04-08,7.726336413967466e-06,0,0,0
SITE0127,2026-04-09,1.0687424064934104e-05,0,0,0
SITE0127,2026-04-10,7.00623126874476e-06,0,0,0
SITE0127,2026-04-11,5.8575155600132806e-06,0,0,0
SITE0127,2026-04-12,5.005328080436033e-06,0,0,0
SITE0127,2026-04-13,6.311440054708384e-06,0,0,0
SITE0127,2026-04-14,5.609872231299116e-06,0,0,0
SITE0127,2026-04-15,1.0447518192933353e-05,0,0,0
SITE0127,2026-04-16,5.8835308661317674e-06,0,0,0
SITE0127,2026-04-17,5.39991607351538e-06,0,0,0
SITE0127,2026-04-18,7.486144360856031e-06,0,0,0
SITE0127,2026-04-19,6.209067941395942e-06,0,0,0
SITE0127,2026-04-20,7.235153489083511e-06,0,0,0
SITE0127,2026-04-21,6.574485373653424e-06,0,0,0
SITE0127,2026-04-22,8.334767287758646e-06,0,0,0
SITE0127,2026-04-23,5.702849819757731e-06,0,0,0
SITE0127,2026-04-24,5.5743491762663874e-06,0,0,0
SITE0127,2026-04-25,1.354377723973437e-05,0,0,0
SITE0127,2026-04-26,1.5920189801838146e-05,0,0,0
SITE0127,2026-04-27,1.1026957012686799e-05,0,0,0
SITE0127,2026-04-28,2.224657291439187e-05,0,0,0
SITE0127,2026-04-29,1.5085848624748497e-05,0,0,0
SITE0127,2026-04-30,2.0587845940627417e-05,0,0,0
SITE0127,2026-05-01,7.666150906475584e-06,0,0,0
SITE0127,2026-05-02,7.91943962948652e-06,0,0,0
SITE0127,2026-05-03,6.568195172804957e-06,0,0,0
SITE0127,2026-05-04,6.505253166777172e-06,0,0,0
SITE0127,2026-05-05,6.96322230538244e-06,0,0,0
SITE0127,2026-05-06,7.295132994398891e-06,0,0,0
SITE0127,2026-05-07,6.076536355889929e-06,0,0,0
SITE0127,2026-05-08,5.758643420026678e-06,0,0,0
SITE0127,2026-05-09,7.952151749862836e-06,0,0,0
SITE0127,2026-05-10,1.1313493341654854e-05,0,0,0
SITE0127,2026-05-11,8.160278027596102e-06,0,0,0
SITE0127,2026-05-12,6.0693687917723025e-06,0,0,0
SITE0127,2026-05-13,6.438984018066089e-06,0,0,0
SITE0127,2026-05-14,8.821061688164138e-06,0,0,0
SITE0127,2026-05-15,1.1250408581583377e-05,0,0,0
SITE0127,2026-05-16,8.621678011435218e-06,0,0,0
SITE0127,2026-05-17,5.956215546106678e-06,0,0,0
SITE0127,2026-05-18,6.334935280290828e-06,0,0,0
SITE0127,2026-05-19,7.570273750947281e-06,0,0,0
SITE0127,2026-05-20,7.695092566766867e-06,0,0,0
SITE0127,2026-05-21,7.973477612127407e-06,0,0,0
SITE0127,2026-05-22,6.925037835219631e-06,0,0,0
SITE0127,2026-05-23,9.976884861998646e-06,0,0,0
SITE0127,2026-05-24,6.7918730679722515e-06,0,0,0
SITE0127,2026-05-25,6.675728184352484e-06,0,0,0
SITE0127,2026-05-26,7.253145437483099e-06,0,0,0
SITE0127,2026-05-27,7.466611925724554e-06,0,0,0
SITE0127,2026-05-28,6.66375913244001e-06,0,0,0
SITE0127,2026-05-29,8.17365000370098e-06,0,0,0
SITE0127,2026-05-30,5.637516754994183e-06,0,0,0
SITE0127,2026-05-31,7.741870260759443e-06,0,0,0
SITE0127,2026-06-01,6.699968071464218e-06,0,0,0
SITE0127,2026-06-02,6.479685192594262e-06,0,0,0
SITE0127,2026-06-03,9.315188752580267e-06,0,0,0
SITE0127,2026-06-04,9.744825406689587e-06,0,0,0
SITE0127,2026-06-05,6.689110180853237e-06,0,0,0
SITE0127,2026-06-06,6.6979753208476304e-06,0,0,0
SITE0127,2026-06-07,8.1708724696449e-06,0,0,0
SITE0127,2026-06-08,6.63929365696562e-06,0,0,0
SITE0127,2026-06-09,6.6579391554414415e-06,0,0,0
SITE0127,2026-06-10,6.9945673630897976e-06,0,0,0
SITE0127,2026-06-11,1.1940643871707213e-05,0,0,0
SITE0127,2026-06-12,8.31495003532056e-06,0,0,0
SITE0127,2026-06-13,1.0216834813666427e-05,0,0,0
SITE0127,2026-06-14,5.055910292170843e-06,0,0,0
SITE0127,2026-06-15,6.171397894566365e-06,0,0,0
SITE0127,2026-06-16,5.611711538232542e-06,0,0,0
SITE0127,2026-06-17,7.239995938667273e-06,0,0,0
SITE0127,2026-06-18,6.55580480037538e-06,0,0,0
SITE0127,2026-06-19,8.80356467527028e-06,0,0,0
SITE0127,2026-06-20,8.463609698911157e-06,0,0,0
SITE0127,2026-06-21,8.055241808939867e-06,0,0,0
SITE0127,2026-06-22,6.902966286543652e-06,0,0,0
SITE0127,2026-06-23,7.871729273759196e-06,0,0,0
SITE0127,2026-06-24,7.1803151139417615e-06,0,0,0
SITE0127,2026-06-25,9.396613335218025e-06,0,0,0
SITE0127,2026-06-26,1.0314040804966192e-05,0,0,0
SITE0127,2026-06-27,4.997627792083385e-06,0,0,0
SITE0127,2026-06-28,6.326790192557787e-06,0,0,0
SITE0127,2026-06-29,5.360991739053068e-06,0,0,0
SITE0128,2026-04-01,1.0488016018047056e-05,0,0,0
SITE0128,2026-04-02,1.0057850254701271e-05,0,0,0
SITE0128,2026-04-03,1.1366632364895515e-05,0,0,0
SITE0128,2026-04-04,8.599046135162454e-06,0,0,0
SITE0128,2026-04-05,1.0382785945805594e-05,0,0,0
SITE0128,2026-04-06,8.232805718697429e-06,0,0,0
SITE0128,2026-04-07,1.4096489221699832e-05,0,0,0
SITE0128,2026-04-08,5.1752905595747605e-06,0,0,0
SITE0128,2026-04-09,6.466054467790164e-06,0,0,0
SITE0128,2026-04-10,6.357866986288697e-06,0,0,0
SITE0128,2026-04-11,7.5536782943832236e-06,0,0,0
SITE0128,2026-04-12,7.566595745438541e-06,0,0,0
SITE0128,2026-04-13,7.568827208006643e-06,0,0,0
SITE0128,2026-04-14,7.569704461810072e-06,0,0,0
SITE0128,2026-04-15,8.77678563298353e-06,0,0,0
SITE0128,2026-04-16,5.346338074083545e-06,0,0,0
SITE0128,2026-04-17,7.111463475144921e-06,0,0,0
SITE0128,2026-04-18,7.533136820926209e-06,0,0,0
SITE0128,2026-04-19,6.305052802148434e-06,0,0,0
SITE0128,2026-04-20,7.983326219642282e-06,0,0,0
SITE0128,2026-04-21,8.368556259705083e-06,0,0,0
SITE0128,2026-04-22,8.071545274375129e-06,0,0,0
SITE0128,2026-04-23,9.216146223230026e-06,0,0,0
SITE0128,2026-04-24,7.890676656046926e-06,0,0,0
SITE0128,2026-04-25,8.478775566550637e-06,0,0,0
SITE0128,2026-04-26,8.271955485041256e-06,0,0,0
SITE0128,2026-04-27,1.1295009525536299e-05,0,0,0
SITE0128,2026-04-28,8.468267620542347e-06,0,0,0
SITE0128,2026-04-29,9.117807033882221e-06,0,0,0
SITE0128,2026-04-30,8.850813309373169e-06,0,0,0
SITE0128,2026-05-01,8.989111577632838e-06,0,0,0
SITE0128,2026-05-02,9.080052814859146e-06,0,0,0
SITE0128,2026-05-03,9.073639104417916e-06,0,0,0
SITE0128,2026-05-04,8.120122997622197e-06,0,0,0
SITE0128,2026-05-05,8.572412463929417e-06,0,0,0
SITE0128,2026-05-06,5.808146938889221e-06,0,0,0
SITE0128,2026-05-07,6.605072466565933e-06,0,0,0
SITE0128,2026-05-08,5.581404016380771e-06,0,0,0
SITE0128,2026-05-09,6.8080808110157125e-06,0,0,0
SITE0128,2026-05-10,7.173074747354058e-06,0,0,0
SITE0128,2026-05-11,7.837634195128831e-06,0,0,0
SITE0128,2026-05-12,7.873057057195568e-06,0,0,0
SITE0128,2026-05-13,5.80533839078891e-06,0,0,0
SITE0128,2026-05-14,6.856781932683025e-06,0,0,0
SITE0128,2026-05-15,6.877888373730622e-06,0,0,0
SITE0128,2026-05-16,7.853844610951209e-06,0,0,0
SITE0128,2026-05-17,6.914187144596268e-06,0,0,0
SITE0128,2026-05-18,8.337366675926823e-06,0,0,0
SITE0128,2026-05-19,8.801179693070681e-06,0,0,0
SITE0128,2026-05-20,9.117806914055409e-06,0,0,0
SITE0128,2026-05-21,1.2598230721624422e-05,0,0,0
SITE0128,2026-05-22,8.708545797143213e-06,0,0,0
SITE0128,2026-05-23,1.1341196500916606e-05,0,0,0
SITE0128,2026-05-24,8.023591767629103e-06,0,0,0
SITE0128,2026-05-25,8.26928487927317e-06,0,0,0
SITE0128,2026-05-26,1.4195493126566852e-05,0,0,0
SITE0128,2026-05-27,8.836957956832714e-06,0,0,0
SITE0128,2026-05-28,8.835245853344201e-06,0,0,0
SITE0128,2026-05-29,8.650867630195591e-06,0,0,0
SITE0128,2026-05-30,7.699703591162737e-06,0,0,0
SITE0128,2026-05-31,7.314696100254833e-06,0,0,0
SITE0128,2026-06-01,5.345734995086387e-06,0,0,0
SITE0128,2026-06-02,6.978151865154229e-06,0,0,0
SITE0128,2026-06-03,7.165973595480977e-06,0,0,0
SITE0128,2026-06-04,7.563349568991012e-06,0,0,0
SITE0128,2026-06-05,8.050540857472325e-06,0,0,0
SITE0128,2026-06-06,7.969392230176338e-06,0,0,0
SITE0128,2026-06-07,7.77077967476648e-06,0,0,0
SITE0128,2026-06-08,8.167724075706611e-06,0,0,0
SITE0128,2026-06-09,8.800471613454556e-06,0,0,0
SITE0128,2026-06-10,7.885671233763543e-06,0,0,0
SITE0128,2026-06-11,6.426359229404027e-06,0,0,0
SITE0128,2026-06-12,7.569554437387117e-06,0,0,0
SITE0128,2026-06-13,7.787118485208461e-06,0,0,0
SITE0128,2026-06-14,7.512591734150096e-06,0,0,0
SITE0128,2026-06-15,7.5681605146335615e-06,0,0,0
SITE0128,2026-06-16,5.209665628047936e-06,0,0,0
SITE0128,2026-06-17,7.424311015464324e-06,0,0,0
SITE0128,2026-06-18,7.3687051545845486e-06,0,0,0
SITE0128,2026-06-19,5.730710120598601e-06,0,0,0
SITE0128,2026-06-20,7.1132003409274645e-06,0,0,0
SITE0128,2026-06-21,7.217122153684221e-06,0,0,0
SITE0128,2026-06-22,8.168401165158862e-06,0,0,0
SITE0128,2026-06-23,7.829834564357348e-06,0,0,0
SITE0128,2026-06-24,7.834698071156367e-06,0,0,0
SITE0128,2026-06-25,7.992537299173819e-06,0,0,0
SITE0128,2026-06-26,7.570447291929305e-06,0,0,0
SITE0128,2026-06-27,8.564775655678253e-06,0,0,0
SITE0128,2026-06-28,7.621838258438866e-06,0,0,0
SITE0128,2026-06-29,7.3180927130263525e-06,0,0,0
SITE0129,2026-04-01,1.3269402439878534e-05,0,0,0
SITE0129,2026-04-02,1.0200585046278066e-05,0,0,0
SITE0129,2026-04-03,1.288544489491202e-05,0,0,0
SITE0129,2026-04-04,1.4736261833636972e-05,0,0,0
SITE0129,2026-04-05,1.718165236350699e-05,0,0,0
SITE0129,2026-04-06,9.841745988466893e-06,0,0,0
SITE0129,2026-04-07,1.1277489397270268e-05,0,0,0
SITE0129,2026-04-08,8.840872507257556e-06,0,0,0
SITE0129,2026-04-09,7.290455343905506e-06,0,0,0
SITE0129,2026-04-10,7.17431134465665e-06,0,0,0
SITE0129,2026-04-11,1.0213395955319807e-05,0,0,0
SITE0129,2026-04-12,1.076360997311722e-05,0,0,0
SITE0129,2026-04-13,9.978657042242857e-06,0,0,0
SITE0129,2026-04-14,1.0946278330067437e-05,0,0,0
SITE0129,2026-04-15,9.632012950696217e-06,0,0,0
SITE0129,2026-04-16,1.0769491780601444e-05,0,0,0
SITE0129,2026-04-17,1.0409941325781606e-05,0,0,0
SITE0129,2026-04-18,1.0525302900182475e-05,0,0,0
SITE0129,2026-04-19,1.0622764889891518e-05,0,0,0
SITE0129,2026-04-20,8.72746232398737e-06,0,0,0
SITE0129,2026-04-21,1.4487495820862671e-05,0,0,0
SITE0129,2026-04-22,9.279354237585405e-06,0,0,0
SITE0129,2026-04-23,8.562097306133688e-06,0,0,0
SITE0129,2026-04-24,9.04887385677182e-06,0,0,0
SITE0129,2026-04-25,9.533860139506134e-06,0,0,0
SITE0129,2026-04-26,8.691362157237588e-06,0,0,0
SITE0129,2026-04-27,8.374840200536434e-06,0,0,0
SITE0129,2026-04-28,1.042176783905623e-05,0,0,0
SITE0129,2026-04-29,1.031252942222875e-05,0,0,0
SITE0129,2026-04-30,1.1144432856417497e-05,0,0,0
SITE0129,2026-05-01,8.54695418815649e-06,0,0,0
SITE0129,2026-05-02,8.463348961175996e-06,0,0,0
SITE0129,2026-05-03,8.965368377202064e-06,0,0,0
SITE0129,2026-05-04,1.0968247630255176e-05,0,0,0
SITE0129,2026-05-05,9.907151557639855e-06,0,0,0
SITE0129,2026-05-06,8.308803978698362e-06,0,0,0
SITE0129,2026-05-07,9.328304734417367e-06,0,0,0
SITE0129,2026-05-08,8.981671642229566e-06,0,0,0
SITE0129,2026-05-09,1.0082826253008554e-05,0,0,0
SITE0129,2026-05-10,1.0741769723105887e-05,0,0,0
SITE0129,2026-05-11,2.2326879618794564e-05,0,0,0
SITE0129,2026-05-12,1.2094243963750131e-05,0,0,0
SITE0129,2026-05-13,9.127465787990027e-06,0,0,0
SITE0129,2026-05-14,7.859666262851207e-06,0,0,0
SITE0129,2026-05-15,1.1554480001812365e-05,0,0,0
SITE0129,2026-05-16,1.117571078626957e-05,0,0,0
SITE0129,2026-05-17,1.0220796314187854e-05,0,0,0
SITE0129,2026-05-18,9.801092599409795e-06,0,0,0
SITE0129,2026-05-19,1.2203205257697449e-05,0,0,0
SITE0129,2026-05-20,7.452358177975601e-06,0,0,0
SITE0129,2026-05-21,7.615940350808997e-06,0,0,0
SITE0129,2026-05-22,1.0361183318563078e-05,0,0,0
SITE0129,2026-05-23,8.403787606958162e-06,0,0,0
SITE0129,2026-05-24,7.807264808651569e-06,0,0,0
SITE0129,2026-05-25,1.0784834265420464e-05,0,0,0
SITE0129,2026-05-26,1.0419430756383003e-05,0,0,0
SITE0129,2026-05-27,1.1426317368066586e-05,0,0,0
SITE0129,2026-05-28,9.915715187022972e-06,0,0,0
SITE0129,2026-05-29,9.149645178851913e-06,0,0,0
SITE0129,2026-05-30,8.777909662509038e-06,0,0,0
SITE0129,2026-05-31,1.2548131403046073e-05,0,0,0
SITE0129,2026-06-01,8.048597392931557e-06,0,0,0
SITE0129,2026-06-02,1.1404056236443538e-05,0,0,0
SITE0129,2026-06-03,9.110919423189857e-06,0,0,0
SITE0129,2026-06-04,1.1003001822885819e-05,0,0,0
SITE0129,2026-06-05,9.650133742893851e-06,0,0,0
SITE0129,2026-06-06,1.3541585760733786e-05,0,0,0
SITE0129,2026-06-07,1.2366047840574275e-05,0,0,0
SITE0129,2026-06-08,1.1468429866387053e-05,0,0,0
SITE0129,2026-06-09,1.0230314941178194e-05,0,0,0
SITE0129,2026-06-10,1.0721713821035324e-05,0,0,0
SITE0129,2026-06-11,1.1960116445730415e-05,0,0,0
SITE0129,2026-06-12,1.071056007022663e-05,0,0,0
SITE0129,2026-06-13,1.057720296323068e-05,0,0,0
SITE0129,2026-06-14,9.414169944955815e-06,0,0,0
SITE0129,2026-06-15,9.46496068268913e-06,0,0,0
SITE0129,2026-06-16,9.933237193922404e-06,0,0,0
SITE0129,2026-06-17,1.2074182379225798e-05,0,0,0
SITE0129,2026-06-18,1.3950789714702713e-05,0,0,0
SITE0129,2026-06-19,9.210094453405646e-06,0,0,0
SITE0129,2026-06-20,7.802400054129785e-06,0,0,0
SITE0129,2026-06-21,8.17488027909826e-06,0,0,0
SITE0129,2026-06-22,1.2709166162790751e-05,0,0,0
SITE0129,2026-06-23,1.0837078329279728e-05,0,0,0
SITE0129,2026-06-24,9.629796945477826e-06,0,0,0
SITE0129,2026-06-25,9.482644580658167e-06,0,0,0
SITE0129,2026-06-26,8.466316155684135e-06,0,0,0
SITE0129,2026-06-27,1.0911925593367823e-05,0,0,0
SITE0129,2026-06-28,1.044617318368176e-05,0,0,0
SITE0129,2026-06-29,1.0021799201013502e-05,0,0,0
SITE0130,2026-04-01,1.0923679193988574e-05,0,0,0
SITE0130,2026-04-02,1.1314752332337332e-05,0,0,0
SITE0130,2026-04-03,1.131475387135959e-05,0,0,0
SITE0130,2026-04-04,1.2110384836903795e-05,0,0,0
SITE0130,2026-04-05,1.0680285941063148e-05,0,0,0
SITE0130,2026-04-06,1.171290072127983e-05,0,0,0
SITE0130,2026-04-07,1.1662006354340285e-05,0,0,0
SITE0130,2026-04-08,1.1593688493591317e-05,0,0,0
SITE0130,2026-04-09,1.1590975690755499e-05,0,0,0
SITE0130,2026-04-10,1.206251048777969e-05,0,0,0
SITE0130,2026-04-11,1.2111972445687888e-05,0,0,0
SITE0130,2026-04-12,1.3238158590823875e-05,0,0,0
SITE0130,2026-04-13,1.2363423055730252e-05,0,0,0
SITE0130,2026-04-14,1.1534888623345675e-05,0,0,0
SITE0130,2026-04-15,1.1512291471569077e-05,0,0,0
SITE0130,2026-04-16,1.1595022571686965e-05,0,0,0
SITE0130,2026-04-17,1.1504247667678797e-05,0,0,0
SITE0130,2026-04-18,1.1298444153356364e-05,0,0,0
SITE0130,2026-04-19,1.1232056672851533e-05,0,0,0
SITE0130,2026-04-20,1.159141735364712e-05,0,0,0
SITE0130,2026-04-21,1.1527182280201812e-05,0,0,0
SITE0130,2026-04-22,1.1594181275189764e-05,0,0,0
SITE0130,2026-04-23,1.1589880643786122e-05,0,0,0
SITE0130,2026-04-24,1.1468430932933012e-05,0,0,0
SITE0130,2026-04-25,1.152409344518016e-05,0,0,0
SITE0130,2026-04-26,1.1599539627303764e-05,0,0,0
SITE0130,2026-04-27,1.1435073740533443e-05,0,0,0
SITE0130,2026-04-28,1.158469744128511e-05,0,0,0
SITE0130,2026-04-29,1.158944933048502e-05,0,0,0
SITE0130,2026-04-30,1.112819451788705e-05,0,0,0
SITE0130,2026-05-01,1.166472115157591e-05,0,0,0
SITE0130,2026-05-02,1.1593599350321762e-05,0,0,0
SITE0130,2026-05-03,1.1589449358607951e-05,0,0,0
SITE0130,2026-05-04,1.147616539474629e-05,0,0,0
SITE0130,2026-05-05,1.3867657044500245e-05,0,0,0
SITE0130,2026-05-06,1.1437227633899778e-05,0,0,0
SITE0130,2026-05-07,1.0418187556606004e-05,0,0,0
SITE0130,2026-05-08,1.1324799468725666e-05,0,0,0
SITE0130,2026-05-09,1.1035203640648147e-05,0,0,0
SITE0130,2026-05-10,1.1594565689058069e-05,0,0,0
SITE0130,2026-05-11,1.1523800131445132e-05,0,0,0
SITE0130,2026-05-12,1.1589449072648873e-05,0,0,0
SITE0130,2026-05-13,2.67394113646073e-05,0,0,0
SITE0130,2026-05-14,1.2358177570365608e-05,0,0,0
SITE0130,2026-05-15,1.2123614114880899e-05,0,0,0
SITE0130,2026-05-16,1.175899840539087e-05,0,0,0
SITE0130,2026-05-17,1.1382798913962284e-05,0,0,0
SITE0130,2026-05-18,1.1170651793756798e-05,0,0,0
SITE0130,2026-05-19,1.120217523433561e-05,0,0,0
SITE0130,2026-05-20,1.1184268264598737e-05,0,0,0
SITE0130,2026-05-21,1.1622594763679775e-05,0,0,0
SITE0130,2026-05-22,1.133957672488752e-05,0,0,0
SITE0130,2026-05-23,1.0922829773293873e-05,0,0,0
SITE0130,2026-05-24,1.1592616563297408e-05,0,0,0
SITE0130,2026-05-25,1.1525790153805688e-05,0,0,0
SITE0130,2026-05-26,1.1527483525512505e-05,0,0,0
SITE0130,2026-05-27,1.1233575677763804e-05,0,0,0
SITE0130,2026-05-28,1.1526069574600295e-05,0,0,0
SITE0130,2026-05-29,1.1474618391464731e-05,0,0,0
SITE0130,2026-05-30,1.1477881343580977e-05,0,0,0
SITE0130,2026-05-31,1.4173411316382717e-05,0,0,0
SITE0130,2026-06-01,1.1525474474720781e-05,0,0,0
SITE0130,2026-06-02,1.1297264232548567e-05,0,0,0
SITE0130,2026-06-03,1.1117729674456733e-05,0,0,0
SITE0130,2026-06-04,1.159274982679337e-05,0,0,0
SITE0130,2026-06-05,1.1181498367561578e-05,0,0,0
SITE0130,2026-06-06,1.1531854322530854e-05,0,0,0
SITE0130,2026-06-07,1.1300889228498678e-05,0,0,0
SITE0130,2026-06-08,1.1472136538003568e-05,0,0,0
SITE0130,2026-06-09,1.2723201106063856e-05,0,0,0
SITE0130,2026-06-10,1.1675873298057258e-05,0,0,0
SITE0130,2026-06-11,1.1496605454737928e-05,0,0,0
SITE0130,2026-06-12,1.161004537095499e-05,0,0,0
SITE0130,2026-06-13,1.1263460590501625e-05,0,0,0
SITE0130,2026-06-14,1.0595426315794386e-05,0,0,0
SITE0130,2026-06-15,3.393845511732348e-05,0,0,0
SITE0130,2026-06-16,1.1467972437149114e-05,0,0,0
SITE0130,2026-06-17,2.320369549727539e-05,0,0,0
SITE0130,2026-06-18,1.1418353728813542e-05,0,0,0
SITE0130,2026-06-19,2.3661166811326355e-05,0,0,0
SITE0130,2026-06-20,4.026663454213952e-05,0,0,0
SITE0130,2026-06-21,1.2132300204417821e-05,0,0,0
SITE0130,2026-06-22,1.2252220374848103e-05,0,0,0
SITE0130,2026-06-23,1.1414687288537395e-05,0,0,0
SITE0130,2026-06-24,1.1760270314528419e-05,0,0,0
SITE0130,2026-06-25,1.149512982436891e-05,0,0,0
SITE0130,2026-06-26,1.1624135526128044e-05,0,0,0
SITE0130,2026-06-27,1.1256072247060582e-05,0,0,0
SITE0130,2026-06-28,1.147605709162776e-05,0,0,0
SITE0130,2026-06-29,1.2549069406291074e-05,0,0,0
SITE0131,2026-04-01,2.9021858445039238e-05,0,0,0
SITE0131,2026-04-02,1.0096409884264938e-05,0,0,0
SITE0131,2026-04-03,9.973992404739733e-06,0,0,0
SITE0131,2026-04-04,9.183466042526766e-06,0,0,0
SITE0131,2026-04-05,9.657049757628276e-06,0,0,0
SITE0131,2026-04-06,9.872589273352861e-06,0,0,0
SITE0131,2026-04-07,1.0410996128478794e-05,0,0,0
SITE0131,2026-04-08,1.4018883452660173e-05,0,0,0
SITE0131,2026-04-09,1.2423095084823012e-05,0,0,0
SITE0131,2026-04-10,1.3934691851933583e-05,0,0,0
SITE0131,2026-04-11,1.2013835976850415e-05,0,0,0
SITE0131,2026-04-12,1.038583787424524e-05,0,0,0
SITE0131,2026-04-13,1.0942119079848205e-05,0,0,0
SITE0131,2026-04-14,1.1445421031478778e-05,0,0,0
SITE0131,2026-04-15,9.694754889999456e-06,0,0,0
SITE0131,2026-04-16,1.064582633021053e-05,0,0,0
SITE0131,2026-04-17,1.0512835007083375e-05,0,0,0
SITE0131,2026-04-18,1.3368994750619416e-05,0,0,0
SITE0131,2026-04-19,1.0395585087449989e-05,0,0,0
SITE0131,2026-04-20,1.4455693223686441e-05,0,0,0
SITE0131,2026-04-21,1.0446033558616855e-05,0,0,0
SITE0131,2026-04-22,1.4447845282439437e-05,0,0,0
SITE0131,2026-04-23,1.0390533325402322e-05,0,0,0
SITE0131,2026-04-24,1.0858479353285954e-05,0,0,0
SITE0131,2026-04-25,1.0948866350716743e-05,0,0,0
SITE0131,2026-04-26,9.78812744553735e-06,0,0,0
SITE0131,2026-04-27,1.3418872771116279e-05,0,0,0
SITE0131,2026-04-28,1.548078791115037e-05,0,0,0
SITE0131,2026-04-29,1.0165431195718637e-05,0,0,0
SITE0131,2026-04-30,1.054672750105059e-05,0,0,0
SITE0131,2026-05-01,1.0517893995718987e-05,0,0,0
SITE0131,2026-05-02,1.331893101591429e-05,0,0,0
SITE0131,2026-05-03,1.1753610948171627e-05,0,0,0
SITE0131,2026-05-04,1.5683541835456506e-05,0,0,0
SITE0131,2026-05-05,9.792452736366631e-06,0,0,0
SITE0131,2026-05-06,1.2551981207288277e-05,0,0,0
SITE0131,2026-05-07,1.0115275107808124e-05,0,0,0
SITE0131,2026-05-08,1.0255339880199154e-05,0,0,0
SITE0131,2026-05-09,1.009635794088201e-05,0,0,0
SITE0131,2026-05-10,1.041902425069824e-05,0,0,0
SITE0131,2026-05-11,1.092447199695696e-05,0,0,0
SITE0131,2026-05-12,1.0987132254941929e-05,0,0,0
SITE0131,2026-05-13,1.1808065404211062e-05,0,0,0
SITE0131,2026-05-14,9.58739578400937e-06,0,0,0
SITE0131,2026-05-15,9.908866002604106e-06,0,0,0
SITE0131,2026-05-16,1.0394173663218111e-05,0,0,0
SITE0131,2026-05-17,1.3625567016170423e-05,0,0,0
SITE0131,2026-05-18,1.1024441524095718e-05,0,0,0
SITE0131,2026-05-19,1.3783318910290188e-05,0,0,0
SITE0131,2026-05-20,1.0656132783689952e-05,0,0,0
SITE0131,2026-05-21,1.1361572439086498e-05,0,0,0
SITE0131,2026-05-22,1.0081287593584398e-05,0,0,0
SITE0131,2026-05-23,1.1322928900391125e-05,0,0,0
SITE0131,2026-05-24,1.0595050258207771e-05,0,0,0
SITE0131,2026-05-25,1.482406709835222e-05,0,0,0
SITE0131,2026-05-26,1.0661505432981286e-05,0,0,0
SITE0131,2026-05-27,1.4395890158809435e-05,0,0,0
SITE0131,2026-05-28,1.4285398165109139e-05,0,0,0
SITE0131,2026-05-29,1.051203510172891e-05,0,0,0
SITE0131,2026-05-30,1.0275871397915697e-05,0,0,0
SITE0131,2026-05-31,9.886049964661999e-06,0,0,0
SITE0131,2026-06-01,1.5627446357887556e-05,0,0,0
SITE0131,2026-06-02,1.0167455246519011e-05,0,0,0
SITE0131,2026-06-03,1.5807649056828103e-05,0,0,0
SITE0131,2026-06-04,1.0107779354042268e-05,0,0,0
SITE0131,2026-06-05,1.0860673174654765e-05,0,0,0
SITE0131,2026-06-06,1.045533602486711e-05,0,0,0
SITE0131,2026-06-07,1.2358698274720686e-05,0,0,0
SITE0131,2026-06-08,1.0721348886731555e-05,0,0,0
SITE0131,2026-06-09,1.2087135129889615e-05,0,0,0
SITE0131,2026-06-10,1.0886767736654473e-05,0,0,0
SITE0131,2026-06-11,1.0643731873579315e-05,0,0,0
SITE0131,2026-06-12,1.2975104491308935e-05,0,0,0
SITE0131,2026-06-13,1.035712278743642e-05,0,0,0
SITE0131,2026-06-14,1.222228273082033e-05,0,0,0
SITE0131,2026-06-15,1.1118111072062864e-05,0,0,0
SITE0131,2026-06-16,1.2593613746213958e-05,0,0,0
SITE0131,2026-06-17,9.794622759862223e-06,0,0,0
SITE0131,2026-06-18,1.0166536400413721e-05,0,0,0
SITE0131,2026-06-19,1.1011591456594142e-05,0,0,0
SITE0131,2026-06-20,1.0709033964385104e-05,0,0,0
SITE0131,2026-06-21,1.2148474877041435e-05,0,0,0
SITE0131,2026-06-22,1.0375092823184933e-05,0,0,0
SITE0131,2026-06-23,1.5760173669110544e-05,0,0,0
SITE0131,2026-06-24,1.5756446689091558e-05,0,0,0
SITE0131,2026-06-25,1.2141044320378083e-05,0,0,0
SITE0131,2026-06-26,9.904447835757145e-06,0,0,0
SITE0131,2026-06-27,1.1339873402457645e-05,0,0,0
SITE0131,2026-06-28,1.2173667053626447e-05,0,0,0
SITE0131,2026-06-29,1.127695519504648e-05,0,0,0
SITE0132,2026-04-01,4.706891119118891e-05,0,0,0
SITE0132,2026-04-02,3.7419362157693403e-05,0,0,0
SITE0132,2026-04-03,5.8009025822928075e-06,0,0,0
SITE0132,2026-04-04,6.338837526285058e-06,0,0,0
SITE0132,2026-04-05,8.74490141629236e-06,0,0,0
SITE0132,2026-04-06,9.296018012019987e-06,0,0,0
SITE0132,2026-04-07,6.984589985337287e-06,0,0,0
SITE0132,2026-04-08,5.760857500203042e-06,0,0,0
SITE0132,2026-04-09,7.155742478007821e-06,0,0,0
SITE0132,2026-04-10,6.3726614699308484e-06,0,0,0
SITE0132,2026-04-11,7.488327293583172e-06,0,0,0
SITE0132,2026-04-12,6.0669305904739044e-06,0,0,0
SITE0132,2026-04-13,6.2235591417276215e-06,0,0,0
SITE0132,2026-04-14,7.561077564369542e-06,0,0,0
SITE0132,2026-04-15,5.797241744624999e-06,0,0,0
SITE0132,2026-04-16,5.439152198190885e-06,0,0,0
SITE0132,2026-04-17,5.248547697901481e-06,0,0,0
SITE0132,2026-04-18,5.61186718025881e-06,0,0,0
SITE0132,2026-04-19,5.782734672168184e-06,0,0,0
SITE0132,2026-04-20,5.638994464221502e-06,0,0,0
SITE0132,2026-04-21,7.115966330476198e-06,0,0,0
SITE0132,2026-04-22,5.4265863319787274e-06,0,0,0
SITE0132,2026-04-23,1.0255564522324832e-05,0,0,0
SITE0132,2026-04-24,6.904245703404063e-06,0,0,0
SITE0132,2026-04-25,1.7165003267050458e-05,0,0,0
SITE0132,2026-04-26,9.338658318328118e-06,0,0,0
SITE0132,2026-04-27,7.64728271935463e-06,0,0,0
SITE0132,2026-04-28,6.019710090839909e-06,0,0,0
SITE0132,2026-04-29,5.582490654449581e-06,0,0,0
SITE0132,2026-04-30,5.578421927084581e-06,0,0,0
SITE0132,2026-05-01,5.850634587890271e-06,0,0,0
SITE0132,2026-05-02,5.616292512902091e-06,0,0,0
SITE0132,2026-05-03,6.187333425927731e-06,0,0,0
SITE0132,2026-05-04,5.863405898058551e-06,0,0,0
SITE0132,2026-05-05,1.0636001014256712e-05,0,0,0
SITE0132,2026-05-06,6.787803033429718e-06,0,0,0
SITE0132,2026-05-07,6.251602282223928e-06,0,0,0
SITE0132,2026-05-08,6.4784690173761864e-06,0,0,0
SITE0132,2026-05-09,5.353411914721275e-06,0,0,0
SITE0132,2026-05-10,7.527901426430943e-06,0,0,0
SITE0132,2026-05-11,7.361457852669046e-06,0,0,0
SITE0132,2026-05-12,8.658347369381405e-06,0,0,0
SITE0132,2026-05-13,6.44798139613073e-06,0,0,0
SITE0132,2026-05-14,6.412255983640214e-06,0,0,0
SITE0132,2026-05-15,4.69023189415429e-06,0,0,0
SITE0132,2026-05-16,7.73263799059998e-06,0,0,0
SITE0132,2026-05-17,5.615458201913139e-06,0,0,0
SITE0132,2026-05-18,5.778484290785138e-06,0,0,0
SITE0132,2026-05-19,5.738708372097883e-06,0,0,0
SITE0132,2026-05-20,7.32734821582426e-06,0,0,0
SITE0132,2026-05-21,5.08833808156432e-06,0,0,0
SITE0132,2026-05-22,1.063267113857912e-05,0,0,0
SITE0132,2026-05-23,7.2985190087515105e-06,0,0,0
SITE0132,2026-05-24,7.334964016722821e-06,0,0,0
SITE0132,2026-05-25,5.325214464046579e-06,0,0,0
SITE0132,2026-05-26,5.5731376412058465e-06,0,0,0
SITE0132,2026-05-27,7.219212692285984e-06,0,0,0
SITE0132,2026-05-28,6.331287744336972e-06,0,0,0
SITE0132,2026-05-29,6.434946317819261e-06,0,0,0
SITE0132,2026-05-30,8.394865842914977e-06,0,0,0
SITE0132,2026-05-31,6.9298420830756405e-06,0,0,0
SITE0132,2026-06-01,5.852487475771777e-06,0,0,0
SITE0132,2026-06-02,5.601333502242112e-06,0,0,0
SITE0132,2026-06-03,6.098215887156424e-06,0,0,0
SITE0132,2026-06-04,1.0565916908899748e-05,0,0,0
SITE0132,2026-06-05,1.3603467099596146e-05,0,0,0
SITE0132,2026-06-06,8.127484206121091e-06,0,0,0
SITE0132,2026-06-07,8.020382554910318e-06,0,0,0
SITE0132,2026-06-08,8.32971540329127e-06,0,0,0
SITE0132,2026-06-09,7.613683531873808e-06,0,0,0
SITE0132,2026-06-10,7.776996822280262e-06,0,0,0
SITE0132,2026-06-11,7.1614708109552395e-06,0,0,0
SITE0132,2026-06-12,6.726466045173885e-06,0,0,0
SITE0132,2026-06-13,7.430545354031617e-06,0,0,0
SITE0132,2026-06-14,7.497723811005918e-06,0,0,0
SITE0132,2026-06-15,8.404417416040917e-06,0,0,0
SITE0132,2026-06-16,1.0141563642898173e-05,0,0,0
SITE0132,2026-06-17,7.834917713375355e-06,0,0,0
SITE0132,2026-06-18,7.648805896138966e-06,0,0,0
SITE0132,2026-06-19,7.71053947176854e-06,0,0,0
SITE0132,2026-06-20,7.2475927682088596e-06,0,0,0
SITE0132,2026-06-21,8.192167149197826e-06,0,0,0
SITE0132,2026-06-22,8.269372025319894e-06,0,0,0
SITE0132,2026-06-23,6.876212101755249e-06,0,0,0
SITE0132,2026-06-24,5.949285007125756e-06,0,0,0
SITE0132,2026-06-25,5.596951427826204e-06,0,0,0
SITE0132,2026-06-26,6.567402219829114e-06,0,0,0
SITE0132,2026-06-27,6.9813082547442625e-06,0,0,0
SITE0132,2026-06-28,7.4965702056061975e-06,0,0,0
SITE0132,2026-06-29,5.287973589576887e-06,0,0,0
SITE0133,2026-04-01,2.5648280135274385e-05,0,0,0
SITE0133,2026-04-02,6.451787873005883e-06,0,0,0
SITE0133,2026-04-03,8.30019329970988e-06,0,0,0
SITE0133,2026-04-04,7.191550541088635e-06,0,0,0
SITE0133,2026-04-05,6.968654599290044e-06,0,0,0
SITE0133,2026-04-06,1.6393342640043712e-05,0,0,0
SITE0133,2026-04-07,7.622854121496812e-06,0,0,0
SITE0133,2026-04-08,7.459942865746291e-06,0,0,0
SITE0133,2026-04-09,7.5134155049357565e-06,0,0,0
SITE0133,2026-04-10,7.248522562162221e-06,0,0,0
SITE0133,2026-04-11,1.0251870015494913e-05,0,0,0
SITE0133,2026-04-12,7.97443561433229e-06,0,0,0
SITE0133,2026-04-13,7.296064928795922e-06,0,0,0
SITE0133,2026-04-14,8.326737149256237e-06,0,0,0
SITE0133,2026-04-15,7.430859679815684e-06,0,0,0
SITE0133,2026-04-16,8.322431421998275e-06,0,0,0
SITE0133,2026-04-17,8.549940641896347e-06,0,0,0
SITE0133,2026-04-18,5.829274926771777e-06,0,0,0
SITE0133,2026-04-19,6.970842904087659e-06,0,0,0
SITE0133,2026-04-20,6.442513691676447e-06,0,0,0
SITE0133,2026-04-21,7.42109905846233e-06,0,0,0
SITE0133,2026-04-22,1.3825250689593591e-05,0,0,0
SITE0133,2026-04-23,7.260511623113766e-06,0,0,0
SITE0133,2026-04-24,9.250948437159211e-06,0,0,0
SITE0133,2026-04-25,7.6058209480631085e-06,0,0,0
SITE0133,2026-04-26,9.994641317371927e-06,0,0,0
SITE0133,2026-04-27,6.9455461176804115e-06,0,0,0
SITE0133,2026-04-28,7.312757115161343e-06,0,0,0
SITE0133,2026-04-29,7.622854435408415e-06,0,0,0
SITE0133,2026-04-30,5.827010068671726e-06,0,0,0
SITE0133,2026-05-01,7.550238991792118e-06,0,0,0
SITE0133,2026-05-02,2.6720443744283575e-05,0,0,0
SITE0133,2026-05-03,7.84079445424377e-06,0,0,0
SITE0133,2026-05-04,6.701488322747289e-06,0,0,0
SITE0133,2026-05-05,6.7916887059104144e-06,0,0,0
SITE0133,2026-05-06,7.030703376369236e-06,0,0,0
SITE0133,2026-05-07,7.167198788590123e-06,0,0,0
SITE0133,2026-05-08,6.606059273906825e-06,0,0,0
SITE0133,2026-05-09,7.1977079342929894e-06,0,0,0
SITE0133,2026-05-10,7.065691069238951e-06,0,0,0
SITE0133,2026-05-11,6.127056474900796e-06,0,0,0
SITE0133,2026-05-12,1.1101901372661485e-05,0,0,0
SITE0133,2026-05-13,1.4118883232794722e-05,0,0,0
SITE0133,2026-05-14,7.718098243919347e-06,0,0,0
SITE0133,2026-05-15,6.161178803515358e-06,0,0,0
SITE0133,2026-05-16,7.771042990480014e-06,0,0,0
SITE0133,2026-05-17,7.938669682699605e-06,0,0,0
SITE0133,2026-05-18,7.002740110424964e-06,0,0,0
SITE0133,2026-05-19,6.035019255290674e-06,0,0,0
SITE0133,2026-05-20,7.032744199096873e-06,0,0,0
SITE0133,2026-05-21,7.329586775254088e-06,0,0,0
SITE0133,2026-05-22,1.6248141679873424e-05,0,0,0
SITE0133,2026-05-23,7.493039326592169e-06,0,0,0
SITE0133,2026-05-24,6.532261967965698e-06,0,0,0
SITE0133,2026-05-25,7.363817084060003e-06,0,0,0
SITE0133,2026-05-26,6.991296154880002e-06,0,0,0
SITE0133,2026-05-27,7.261104788793608e-06,0,0,0
SITE0133,2026-05-28,7.502431229879369e-06,0,0,0
SITE0133,2026-05-29,8.278984324183506e-06,0,0,0
SITE0133,2026-05-30,8.097057832964767e-06,0,0,0
SITE0133,2026-05-31,5.648566450259207e-06,0,0,0
SITE0133,2026-06-01,6.7430028668060565e-06,0,0,0
SITE0133,2026-06-02,5.833599546823824e-06,0,0,0
SITE0133,2026-06-03,7.012519873179096e-06,0,0,0
SITE0133,2026-06-04,8.284079506381141e-06,0,0,0
SITE0133,2026-06-05,6.492220356130857e-06,0,0,0
SITE0133,2026-06-06,9.046055597804067e-06,0,0,0
SITE0133,2026-06-07,8.62082028793353e-06,0,0,0
SITE0133,2026-06-08,1.0738380076412091e-05,0,0,0
SITE0133,2026-06-09,1.1734366610274448e-05,0,0,0
SITE0133,2026-06-10,8.010169159766425e-06,0,0,0
SITE0133,2026-06-11,7.546672761746083e-06,0,0,0
SITE0133,2026-06-12,9.926467979455209e-06,0,0,0
SITE0133,2026-06-13,6.977214686250582e-06,0,0,0
SITE0133,2026-06-14,6.877544965644932e-06,0,0,0
SITE0133,2026-06-15,7.787061995966144e-06,0,0,0
SITE0133,2026-06-16,9.263538817615623e-06,0,0,0
SITE0133,2026-06-17,6.370617308004543e-06,0,0,0
SITE0133,2026-06-18,7.842514607944608e-06,0,0,0
SITE0133,2026-06-19,7.534537186763271e-06,0,0,0
SITE0133,2026-06-20,6.9803184660975856e-06,0,0,0
SITE0133,2026-06-21,7.517450692894433e-06,0,0,0
SITE0133,2026-06-22,7.574414811689475e-06,0,0,0
SITE0133,2026-06-23,7.566434943550468e-06,0,0,0
SITE0133,2026-06-24,6.1780356239692786e-06,0,0,0
SITE0133,2026-06-25,6.579702133173623e-06,0,0,0
SITE0133,2026-06-26,7.485431150194319e-06,0,0,0
SITE0133,2026-06-27,6.498841831232787e-06,0,0,0
SITE0133,2026-06-28,1.389298973512758e-05,0,0,0
SITE0133,2026-06-29,1.4422603962373308e-05,0,0,0
SITE0134,2026-04-01,3.453268173979026e-05,0,0,0
SITE0134,2026-04-02,1.0857867512992068e-05,0,0,0
SITE0134,2026-04-03,1.1893134101737972e-05,0,0,0
SITE0134,2026-04-04,9.181877192183678e-06,0,0,0
SITE0134,2026-04-05,1.1556291213199541e-05,0,0,0
SITE0134,2026-04-06,9.662363115338321e-06,0,0,0
SITE0134,2026-04-07,1.2632583454383923e-05,0,0,0
SITE0134,2026-04-08,9.44660053447829e-06,0,0,0
SITE0134,2026-04-09,1.308255930865445e-05,0,0,0
SITE0134,2026-04-10,8.266844243506435e-06,0,0,0
SITE0134,2026-04-11,9.322024518921776e-06,0,0,0
SITE0134,2026-04-12,1.1217334201571427e-05,0,0,0
SITE0134,2026-04-13,1.3068540092818055e-05,0,0,0
SITE0134,2026-04-14,1.0722530216592882e-05,0,0,0
SITE0134,2026-04-15,9.880720840375646e-06,0,0,0
SITE0134,2026-04-16,9.042439231249007e-06,0,0,0
SITE0134,2026-04-17,1.0771972739131857e-05,0,0,0
SITE0134,2026-04-18,8.34570568464043e-06,0,0,0
SITE0134,2026-04-19,1.2107848875357566e-05,0,0,0
SITE0134,2026-04-20,8.913296592560994e-06,0,0,0
SITE0134,2026-04-21,1.1501718529679454e-05,0,0,0
SITE0134,2026-04-22,7.940510641990035e-06,0,0,0
SITE0134,2026-04-23,9.641128087871848e-06,0,0,0
SITE0134,2026-04-24,1.2670221484960239e-05,0,0,0
SITE0134,2026-04-25,9.324531716428485e-06,0,0,0
SITE0134,2026-04-26,9.711624100537069e-06,0,0,0
SITE0134,2026-04-27,1.057952403059321e-05,0,0,0
SITE0134,2026-04-28,1.0230612588093145e-05,0,0,0
SITE0134,2026-04-29,8.40741375864779e-06,0,0,0
SITE0134,2026-04-30,1.2092290266378494e-05,0,0,0
SITE0134,2026-05-01,9.26938931026753e-06,0,0,0
SITE0134,2026-05-02,8.92747731087405e-06,0,0,0
SITE0134,2026-05-03,8.033380533061443e-06,0,0,0
SITE0134,2026-05-04,1.1568111555634234e-05,0,0,0
SITE0134,2026-05-05,1.014637139578197e-05,0,0,0
SITE0134,2026-05-06,1.1527953488306358e-05,0,0,0
SITE0134,2026-05-07,8.460486047208063e-06,0,0,0
SITE0134,2026-05-08,9.881941333910749e-06,0,0,0
SITE0134,2026-05-09,8.527864420247689e-06,0,0,0
SITE0134,2026-05-10,8.461661463355937e-06,0,0,0
SITE0134,2026-05-11,1.0892901745226094e-05,0,0,0
SITE0134,2026-05-12,1.4598461466312562e-05,0,0,0
SITE0134,2026-05-13,1.5027537640640275e-05,0,0,0
SITE0134,2026-05-14,1.3305069198246355e-05,0,0,0
SITE0134,2026-05-15,5.505811082932381e-05,0,0,0
SITE0134,2026-05-16,0.0014614955419591073,0,0,0
SITE0134,2026-05-17,0.8610615714976321,1,1,0
SITE0134,2026-05-18,0.9997452541265519,1,1,0
SITE0134,2026-05-19,0.9999120202227069,1,1,0
SITE0134,2026-05-20,0.9999395740400121,1,1,0
SITE0134,2026-05-21,0.9998332277938531,1,1,0
SITE0134,2026-05-22,0.9999589467531582,1,1,0
SITE0134,2026-05-23,0.9997525858335062,1,1,0
SITE0134,2026-05-24,0.9999545304943817,1,1,0
SITE0134,2026-05-25,0.9999490540798361,1,1,0
SITE0134,2026-05-26,0.9996921278603859,1,1,0
SITE0134,2026-05-27,0.9996939578063624,1,1,0
SITE0134,2026-05-28,0.8148239475232489,1,1,0
SITE0134,2026-05-29,0.9382376536300225,1,1,0
SITE0134,2026-05-30,0.7855732211275244,1,1,0
SITE0134,2026-05-31,0.7201699416110685,1,0,1
SITE0134,2026-06-01,0.0002131168730507927,0,0,0
SITE0134,2026-06-02,0.00023903265697018675,0,0,0
SITE0134,2026-06-03,4.6358840863996846e-05,0,0,0
SITE0134,2026-06-04,6.13786671023903e-05,0,0,0
SITE0134,2026-06-05,4.7918811289779915e-05,0,0,0
SITE0134,2026-06-06,4.38625827292106e-05,0,0,0
SITE0134,2026-06-07,4.182713113586792e-05,0,0,0
SITE0134,2026-06-08,5.083913341934664e-05,0,0,0
SITE0134,2026-06-09,4.027244993929589e-05,0,0,0
SITE0134,2026-06-10,2.7308879217727557e-05,0,0,0
SITE0134,2026-06-11,2.8514010077364018e-05,0,0,0
SITE0134,2026-06-12,3.185407919932693e-05,0,0,0
SITE0134,2026-06-13,3.190429469707384e-05,0,0,0
SITE0134,2026-06-14,6.8579144714390406e-06,0,0,0
SITE0134,2026-06-15,8.830062281580447e-06,0,0,0
SITE0134,2026-06-16,6.67902258466706e-06,0,0,0
SITE0134,2026-06-17,7.656957441927857e-06,0,0,0
SITE0134,2026-06-18,7.349101829936568e-06,0,0,0
SITE0134,2026-06-19,1.1520728799152055e-05,0,0,0
SITE0134,2026-06-20,8.872471508170794e-06,0,0,0
SITE0134,2026-06-21,9.297501454237693e-06,0,0,0
SITE0134,2026-06-22,9.841907081515943e-06,0,0,0
SITE0134,2026-06-23,1.0652696556833235e-05,0,0,0
SITE0134,2026-06-24,9.11840855802808e-06,0,0,0
SITE0134,2026-06-25,1.3864645806312247e-05,0,0,0
SITE0134,2026-06-26,1.4111944866850992e-05,0,0,0
SITE0134,2026-06-27,1.1557306655224908e-05,0,0,0
SITE0134,2026-06-28,1.1501463255278287e-05,0,0,0
SITE0134,2026-06-29,1.1592213582299245e-05,0,0,0
SITE0135,2026-04-01,4.8860416925588004e-05,0,0,0
SITE0135,2026-04-02,1.3288244243991255e-05,0,0,0
SITE0135,2026-04-03,1.3424076623947058e-05,0,0,0
SITE0135,2026-04-04,1.3206397597265425e-05,0,0,0
SITE0135,2026-04-05,1.2973902856359351e-05,0,0,0
SITE0135,2026-04-06,1.3297993709519128e-05,0,0,0
SITE0135,2026-04-07,1.3610008616992987e-05,0,0,0
SITE0135,2026-04-08,1.3537993234990855e-05,0,0,0
SITE0135,2026-04-09,1.3963569234383285e-05,0,0,0
SITE0135,2026-04-10,1.4018287873979568e-05,0,0,0
SITE0135,2026-04-11,1.409579085693565e-05,0,0,0
SITE0135,2026-04-12,1.4091772292539098e-05,0,0,0
SITE0135,2026-04-13,1.3610720752124443e-05,0,0,0
SITE0135,2026-04-14,1.4013412076801504e-05,0,0,0
SITE0135,2026-04-15,1.640847107482951e-05,0,0,0
SITE0135,2026-04-16,1.5420002262997032e-05,0,0,0
SITE0135,2026-04-17,1.4893304405195308e-05,0,0,0
SITE0135,2026-04-18,1.3674509252281773e-05,0,0,0
SITE0135,2026-04-19,1.3533964435859903e-05,0,0,0
SITE0135,2026-04-20,1.3754546201527786e-05,0,0,0
SITE0135,2026-04-21,1.3613524103108931e-05,0,0,0
SITE0135,2026-04-22,1.4105697061321389e-05,0,0,0
SITE0135,2026-04-23,1.4095974280226957e-05,0,0,0
SITE0135,2026-04-24,1.4297508139461093e-05,0,0,0
SITE0135,2026-04-25,1.3617411560972097e-05,0,0,0
SITE0135,2026-04-26,1.4054600299674311e-05,0,0,0
SITE0135,2026-04-27,1.3218643098694087e-05,0,0,0
SITE0135,2026-04-28,1.3217519895289943e-05,0,0,0
SITE0135,2026-04-29,1.5055472285155522e-05,0,0,0
SITE0135,2026-04-30,1.3615842856211011e-05,0,0,0
SITE0135,2026-05-01,1.410006948502314e-05,0,0,0
SITE0135,2026-05-02,1.3538626645478033e-05,0,0,0
SITE0135,2026-05-03,1.355085601316794e-05,0,0,0
SITE0135,2026-05-04,1.4386695291872587e-05,0,0,0
SITE0135,2026-05-05,1.711665754285229e-05,0,0,0
SITE0135,2026-05-06,1.4095264153479609e-05,0,0,0
SITE0135,2026-05-07,1.321664816671238e-05,0,0,0
SITE0135,2026-05-08,1.3290475930935737e-05,0,0,0
SITE0135,2026-05-09,1.3531706299649571e-05,0,0,0
SITE0135,2026-05-10,1.4096692985039483e-05,0,0,0
SITE0135,2026-05-11,1.4567614154140612e-05,0,0,0
SITE0135,2026-05-12,1.4191524492968095e-05,0,0,0
SITE0135,2026-05-13,1.473364102041638e-05,0,0,0
SITE0135,2026-05-14,1.4820420358159013e-05,0,0,0
SITE0135,2026-05-15,1.5038691555113102e-05,0,0,0
SITE0135,2026-05-16,1.4815555339063131e-05,0,0,0
SITE0135,2026-05-17,1.4734895864133107e-05,0,0,0
SITE0135,2026-05-18,1.526053134444505e-05,0,0,0
SITE0135,2026-05-19,1.4735484361287342e-05,0,0,0
SITE0135,2026-05-20,1.4814759436539075e-05,0,0,0
SITE0135,2026-05-21,1.5260043106210434e-05,0,0,0
SITE0135,2026-05-22,1.4971317192562795e-05,0,0,0
SITE0135,2026-05-23,1.534755401610602e-05,0,0,0
SITE0135,2026-05-24,1.4816693733939364e-05,0,0,0
SITE0135,2026-05-25,1.4819197998726914e-05,0,0,0
SITE0135,2026-05-26,1.4971365534388705e-05,0,0,0
SITE0135,2026-05-27,1.4093924933747255e-05,0,0,0
SITE0135,2026-05-28,1.3533860689389909e-05,0,0,0
SITE0135,2026-05-29,1.5415150614268816e-05,0,0,0
SITE0135,2026-05-30,1.3536335273900675e-05,0,0,0
SITE0135,2026-05-31,1.3610870052143362e-05,0,0,0
SITE0135,2026-06-01,1.409024907336064e-05,0,0,0
SITE0135,2026-06-02,1.3728217538501037e-05,0,0,0
SITE0135,2026-06-03,1.4488889656520398e-05,0,0,0
SITE0135,2026-06-04,1.4552101527535621e-05,0,0,0
SITE0135,2026-06-05,1.4634966371555522e-05,0,0,0
SITE0135,2026-06-06,1.5456898901198562e-05,0,0,0
SITE0135,2026-06-07,1.4634516868934079e-05,0,0,0
SITE0135,2026-06-08,1.4551213088813162e-05,0,0,0
SITE0135,2026-06-09,1.552972997791786e-05,0,0,0
SITE0135,2026-06-10,1.3793272772155705e-05,0,0,0
SITE0135,2026-06-11,1.3863867960506862e-05,0,0,0
SITE0135,2026-06-12,1.3718812021375787e-05,0,0,0
SITE0135,2026-06-13,1.7996355117759717e-05,0,0,0
SITE0135,2026-06-14,1.3963814588126556e-05,0,0,0
SITE0135,2026-06-15,1.361845931910648e-05,0,0,0
SITE0135,2026-06-16,1.35377005381703e-05,0,0,0
SITE0135,2026-06-17,1.3760274046558694e-05,0,0,0
SITE0135,2026-06-18,1.3540153488140216e-05,0,0,0
SITE0135,2026-06-19,1.3611873242803733e-05,0,0,0
SITE0135,2026-06-20,1.4424088246921699e-05,0,0,0
SITE0135,2026-06-21,1.3611157899122975e-05,0,0,0
SITE0135,2026-06-22,1.3613053549481476e-05,0,0,0
SITE0135,2026-06-23,1.3611157084198982e-05,0,0,0
SITE0135,2026-06-24,1.4091898763552186e-05,0,0,0
SITE0135,2026-06-25,1.3617600098122094e-05,0,0,0
SITE0135,2026-06-26,1.353200068657167e-05,0,0,0
SITE0135,2026-06-27,1.401783705872943e-05,0,0,0
SITE0135,2026-06-28,1.3293620857008243e-05,0,0,0
SITE0135,2026-06-29,1.3218935648814436e-05,0,0,0
SITE0136,2026-04-01,9.03281652501817e-06,0,0,0
SITE0136,2026-04-02,9.03124975986392e-06,0,0,0
SITE0136,2026-04-03,8.78483377317301e-06,0,0,0
SITE0136,2026-04-04,9.112538703310521e-06,0,0,0
SITE0136,2026-04-05,1.3403457404097646e-05,0,0,0
SITE0136,2026-04-06,9.280000897666667e-06,0,0,0
SITE0136,2026-04-07,1.1360960652154626e-05,0,0,0
SITE0136,2026-04-08,9.529368257693879e-06,0,0,0
SITE0136,2026-04-09,8.98075214399208e-06,0,0,0
SITE0136,2026-04-10,8.678580843167953e-06,0,0,0
SITE0136,2026-04-11,1.162305167727536e-05,0,0,0
SITE0136,2026-04-12,1.2350808841101505e-05,0,0,0
SITE0136,2026-04-13,9.565543574180609e-06,0,0,0
SITE0136,2026-04-14,1.1389095262771142e-05,0,0,0
SITE0136,2026-04-15,9.531883499635599e-06,0,0,0
SITE0136,2026-04-16,1.3272896900223118e-05,0,0,0
SITE0136,2026-04-17,9.416220408663176e-06,0,0,0
SITE0136,2026-04-18,9.74062408651335e-06,0,0,0
SITE0136,2026-04-19,1.2861784477871554e-05,0,0,0
SITE0136,2026-04-20,9.897579595431339e-06,0,0,0
SITE0136,2026-04-21,1.000680367537467e-05,0,0,0
SITE0136,2026-04-22,9.263671555194525e-06,0,0,0
SITE0136,2026-04-23,1.2993458898801255e-05,0,0,0
SITE0136,2026-04-24,1.5852731312479205e-05,0,0,0
SITE0136,2026-04-25,1.1001995104094805e-05,0,0,0
SITE0136,2026-04-26,1.0179365786674074e-05,0,0,0
SITE0136,2026-04-27,9.774362953584466e-06,0,0,0
SITE0136,2026-04-28,9.54832096044892e-06,0,0,0
SITE0136,2026-04-29,9.811760639253602e-06,0,0,0
SITE0136,2026-04-30,1.0090077081143982e-05,0,0,0
SITE0136,2026-05-01,1.0415177364173178e-05,0,0,0
SITE0136,2026-05-02,1.12056426855332e-05,0,0,0
SITE0136,2026-05-03,1.6006659845596472e-05,0,0,0
SITE0136,2026-05-04,9.430901590557184e-06,0,0,0
SITE0136,2026-05-05,1.0947548342563805e-05,0,0,0
SITE0136,2026-05-06,9.071626968926846e-06,0,0,0
SITE0136,2026-05-07,1.3222967005524325e-05,0,0,0
SITE0136,2026-05-08,8.988456040532792e-06,0,0,0
SITE0136,2026-05-09,1.1421449680972519e-05,0,0,0
SITE0136,2026-05-10,9.647137709636676e-06,0,0,0
SITE0136,2026-05-11,1.3031366229284755e-05,0,0,0
SITE0136,2026-05-12,1.2165997452678217e-05,0,0,0
SITE0136,2026-05-13,9.201001650783311e-06,0,0,0
SITE0136,2026-05-14,8.849312010871518e-06,0,0,0
SITE0136,2026-05-15,1.0830574784027978e-05,0,0,0
SITE0136,2026-05-16,1.0171637953868685e-05,0,0,0
SITE0136,2026-05-17,1.0114898103181523e-05,0,0,0
SITE0136,2026-05-18,1.513459970964833e-05,0,0,0
SITE0136,2026-05-19,8.795218018376894e-06,0,0,0
SITE0136,2026-05-20,9.546092247817939e-06,0,0,0
SITE0136,2026-05-21,9.950684104556621e-06,0,0,0
SITE0136,2026-05-22,1.0981184672760572e-05,0,0,0
SITE0136,2026-05-23,1.2314149159271776e-05,0,0,0
SITE0136,2026-05-24,8.993208741785743e-06,0,0,0
SITE0136,2026-05-25,9.596324432243807e-06,0,0,0
SITE0136,2026-05-26,9.388489599635287e-06,0,0,0
SITE0136,2026-05-27,1.0312461164279612e-05,0,0,0
SITE0136,2026-05-28,1.0365245778587982e-05,0,0,0
SITE0136,2026-05-29,8.940845045220149e-06,0,0,0
SITE0136,2026-05-30,1.0092460654632628e-05,0,0,0
SITE0136,2026-05-31,1.2662535590052923e-05,0,0,0
SITE0136,2026-06-01,9.531052320061412e-06,0,0,0
SITE0136,2026-06-02,9.238606469736542e-06,0,0,0
SITE0136,2026-06-03,9.23308520744867e-06,0,0,0
SITE0136,2026-06-04,1.2727280673990485e-05,0,0,0
SITE0136,2026-06-05,1.6730858441616986e-05,0,0,0
SITE0136,2026-06-06,9.125098149602791e-06,0,0,0
SITE0136,2026-06-07,8.987509794574479e-06,0,0,0
SITE0136,2026-06-08,9.806165850332529e-06,0,0,0
SITE0136,2026-06-09,1.1001992055287894e-05,0,0,0
SITE0136,2026-06-10,9.094241782750056e-06,0,0,0
SITE0136,2026-06-11,1.1920218779060751e-05,0,0,0
SITE0136,2026-06-12,9.011174224542461e-06,0,0,0
SITE0136,2026-06-13,9.556807931092279e-06,0,0,0
SITE0136,2026-06-14,9.009360408334715e-06,0,0,0
SITE0136,2026-06-15,1.0202890139586764e-05,0,0,0
SITE0136,2026-06-16,9.972416988365982e-06,0,0,0
SITE0136,2026-06-17,1.0716093666410982e-05,0,0,0
SITE0136,2026-06-18,1.1935114073162556e-05,0,0,0
SITE0136,2026-06-19,8.849101812196956e-06,0,0,0
SITE0136,2026-06-20,1.189374606366328e-05,0,0,0
SITE0136,2026-06-21,8.8221217847034e-06,0,0,0
SITE0136,2026-06-22,1.032505318525719e-05,0,0,0
SITE0136,2026-06-23,9.318043990034886e-06,0,0,0
SITE0136,2026-06-24,7.858988735394919e-06,0,0,0
SITE0136,2026-06-25,1.0912175034945103e-05,0,0,0
SITE0136,2026-06-26,7.78095341481648e-06,0,0,0
SITE0136,2026-06-27,1.1262153594139745e-05,0,0,0
SITE0136,2026-06-28,9.584733256560959e-06,0,0,0
SITE0136,2026-06-29,1.1068540709329461e-05,0,0,0
SITE0137,2026-04-01,2.4079432904357755e-05,0,0,0
SITE0137,2026-04-02,2.165714360943835e-05,0,0,0
SITE0137,2026-04-03,1.4895175085835723e-05,0,0,0
SITE0137,2026-04-04,1.7073355585698453e-05,0,0,0
SITE0137,2026-04-05,7.262396449915343e-06,0,0,0
SITE0137,2026-04-06,8.389738762611605e-06,0,0,0
SITE0137,2026-04-07,9.966638160081967e-06,0,0,0
SITE0137,2026-04-08,8.755372122936732e-06,0,0,0
SITE0137,2026-04-09,9.894123724725401e-06,0,0,0
SITE0137,2026-04-10,6.757908743611573e-06,0,0,0
SITE0137,2026-04-11,8.588278497633847e-06,0,0,0
SITE0137,2026-04-12,1.0057293212194505e-05,0,0,0
SITE0137,2026-04-13,1.7249742933821268e-05,0,0,0
SITE0137,2026-04-14,1.0171181258625459e-05,0,0,0
SITE0137,2026-04-15,1.092398408485786e-05,0,0,0
SITE0137,2026-04-16,1.0287460825107806e-05,0,0,0
SITE0137,2026-04-17,1.3264217356610084e-05,0,0,0
SITE0137,2026-04-18,7.880161918219346e-06,0,0,0
SITE0137,2026-04-19,6.305669119084534e-06,0,0,0
SITE0137,2026-04-20,8.354438667649627e-06,0,0,0
SITE0137,2026-04-21,6.6050468376589805e-06,0,0,0
SITE0137,2026-04-22,8.836921034612938e-06,0,0,0
SITE0137,2026-04-23,8.880478408106133e-06,0,0,0
SITE0137,2026-04-24,1.1015008407138264e-05,0,0,0
SITE0137,2026-04-25,9.014982764249144e-06,0,0,0
SITE0137,2026-04-26,8.133251617320471e-06,0,0,0
SITE0137,2026-04-27,1.000984466319401e-05,0,0,0
SITE0137,2026-04-28,7.83007183673006e-06,0,0,0
SITE0137,2026-04-29,9.382622657427276e-06,0,0,0
SITE0137,2026-04-30,8.249979837868413e-06,0,0,0
SITE0137,2026-05-01,8.373672980712222e-06,0,0,0
SITE0137,2026-05-02,1.0571542702635284e-05,0,0,0
SITE0137,2026-05-03,9.331307288490481e-06,0,0,0
SITE0137,2026-05-04,8.733741372160591e-06,0,0,0
SITE0137,2026-05-05,7.644225869795694e-06,0,0,0
SITE0137,2026-05-06,8.04091785591589e-06,0,0,0
SITE0137,2026-05-07,1.0356948104889447e-05,0,0,0
SITE0137,2026-05-08,8.888705458309548e-06,0,0,0
SITE0137,2026-05-09,1.0006339773183654e-05,0,0,0
SITE0137,2026-05-10,1.3462282359463294e-05,0,0,0
SITE0137,2026-05-11,9.961984763715297e-06,0,0,0
SITE0137,2026-05-12,8.907027893058175e-06,0,0,0
SITE0137,2026-05-13,8.909374206379266e-06,0,0,0
SITE0137,2026-05-14,7.183493027356044e-06,0,0,0
SITE0137,2026-05-15,1.1907358081972287e-05,0,0,0
SITE0137,2026-05-16,8.287845638284686e-06,0,0,0
SITE0137,2026-05-17,1.042447967604449e-05,0,0,0
SITE0137,2026-05-18,9.642945385913166e-06,0,0,0
SITE0137,2026-05-19,8.890258398672898e-06,0,0,0
SITE0137,2026-05-20,7.873102751971386e-06,0,0,0
SITE0137,2026-05-21,1.0172324466201637e-05,0,0,0
SITE0137,2026-05-22,9.643458298975424e-06,0,0,0
SITE0137,2026-05-23,1.0169080144893896e-05,0,0,0
SITE0137,2026-05-24,1.0577920334777413e-05,0,0,0
SITE0137,2026-05-25,8.046618485195498e-06,0,0,0
SITE0137,2026-05-26,7.640238840593748e-06,0,0,0
SITE0137,2026-05-27,7.720467155526738e-06,0,0,0
SITE0137,2026-05-28,1.3790529384565798e-05,0,0,0
SITE0137,2026-05-29,9.648383324028547e-06,0,0,0
SITE0137,2026-05-30,7.821579543829722e-06,0,0,0
SITE0137,2026-05-31,7.830902935379824e-06,0,0,0
SITE0137,2026-06-01,8.070287197568206e-06,0,0,0
SITE0137,2026-06-02,1.3199862934625398e-05,0,0,0
SITE0137,2026-06-03,1.3267090241601813e-05,0,0,0
SITE0137,2026-06-04,9.874224249585961e-06,0,0,0
SITE0137,2026-06-05,9.876369793005592e-06,0,0,0
SITE0137,2026-06-06,7.940256209653372e-06,0,0,0
SITE0137,2026-06-07,7.940886601334861e-06,0,0,0
SITE0137,2026-06-08,6.446068074167236e-06,0,0,0
SITE0137,2026-06-09,1.2324205498938254e-05,0,0,0
SITE0137,2026-06-10,7.243685890141732e-06,0,0,0
SITE0137,2026-06-11,1.0427726766197388e-05,0,0,0
SITE0137,2026-06-12,7.462156414384603e-06,0,0,0
SITE0137,2026-06-13,1.3339272994917669e-05,0,0,0
SITE0137,2026-06-14,8.79776946370485e-06,0,0,0
SITE0137,2026-06-15,1.0566990480428402e-05,0,0,0
SITE0137,2026-06-16,7.367351370075326e-06,0,0,0
SITE0137,2026-06-17,1.3633463975896326e-05,0,0,0
SITE0137,2026-06-18,1.2550733133198603e-05,0,0,0
SITE0137,2026-06-19,7.471880082664999e-06,0,0,0
SITE0137,2026-06-20,7.518171723470863e-06,0,0,0
SITE0137,2026-06-21,7.998502120422107e-06,0,0,0
SITE0137,2026-06-22,7.459247179041829e-06,0,0,0
SITE0137,2026-06-23,8.01167306141938e-06,0,0,0
SITE0137,2026-06-24,7.36282596794871e-06,0,0,0
SITE0137,2026-06-25,9.215149054439263e-06,0,0,0
SITE0137,2026-06-26,7.4587632757421655e-06,0,0,0
SITE0137,2026-06-27,1.0255453689959483e-05,0,0,0
SITE0137,2026-06-28,8.262025724923978e-06,0,0,0
SITE0137,2026-06-29,8.73296359525592e-06,0,0,0
SITE0138,2026-04-01,5.010759029550029e-05,0,0,0
SITE0138,2026-04-02,9.147594454617115e-06,0,0,0
SITE0138,2026-04-03,9.779154797545725e-06,0,0,0
SITE0138,2026-04-04,6.4504790907026465e-06,0,0,0
SITE0138,2026-04-05,6.134798241445986e-06,0,0,0
SITE0138,2026-04-06,6.435944545171105e-06,0,0,0
SITE0138,2026-04-07,6.178023229380381e-06,0,0,0
SITE0138,2026-04-08,7.503523805947179e-06,0,0,0
SITE0138,2026-04-09,1.411899137862682e-05,0,0,0
SITE0138,2026-04-10,6.9122552103277575e-06,0,0,0
SITE0138,2026-04-11,6.574613600553716e-06,0,0,0
SITE0138,2026-04-12,6.1473996205726854e-06,0,0,0
SITE0138,2026-04-13,1.2632893743754704e-05,0,0,0
SITE0138,2026-04-14,6.769378393888014e-06,0,0,0
SITE0138,2026-04-15,5.346138970410013e-06,0,0,0
SITE0138,2026-04-16,5.489347224768615e-06,0,0,0
SITE0138,2026-04-17,7.109703517220723e-06,0,0,0
SITE0138,2026-04-18,5.930783941597487e-06,0,0,0
SITE0138,2026-04-19,5.939860719335749e-06,0,0,0
SITE0138,2026-04-20,6.228704633848533e-06,0,0,0
SITE0138,2026-04-21,6.977543582771719e-06,0,0,0
SITE0138,2026-04-22,4.925722628816666e-06,0,0,0
SITE0138,2026-04-23,6.087624097543007e-06,0,0,0
SITE0138,2026-04-24,7.361122788050209e-06,0,0,0
SITE0138,2026-04-25,7.258848435263942e-06,0,0,0
SITE0138,2026-04-26,1.5509954131651065e-05,0,0,0
SITE0138,2026-04-27,1.87158204301702e-05,0,0,0
SITE0138,2026-04-28,8.699573054206873e-06,0,0,0
SITE0138,2026-04-29,1.053109742328002e-05,0,0,0
SITE0138,2026-04-30,7.097003335778975e-06,0,0,0
SITE0138,2026-05-01,5.047944423906278e-06,0,0,0
SITE0138,2026-05-02,5.564689200432438e-06,0,0,0
SITE0138,2026-05-03,5.915670860931849e-06,0,0,0
SITE0138,2026-05-04,6.234709077131732e-06,0,0,0
SITE0138,2026-05-05,6.399815547808896e-06,0,0,0
SITE0138,2026-05-06,8.039599530902798e-06,0,0,0
SITE0138,2026-05-07,6.377623906729074e-06,0,0,0
SITE0138,2026-05-08,5.568015583795473e-06,0,0,0
SITE0138,2026-05-09,6.148922751973891e-06,0,0,0
SITE0138,2026-05-10,6.92116333464254e-06,0,0,0
SITE0138,2026-05-11,7.776822780394924e-06,0,0,0
SITE0138,2026-05-12,8.36187684428077e-06,0,0,0
SITE0138,2026-05-13,7.942022797099254e-06,0,0,0
SITE0138,2026-05-14,7.809625207157124e-06,0,0,0
SITE0138,2026-05-15,6.067572475207757e-06,0,0,0
SITE0138,2026-05-16,6.149961066696573e-06,0,0,0
SITE0138,2026-05-17,7.428566101896867e-06,0,0,0
SITE0138,2026-05-18,6.4584819628717634e-06,0,0,0
SITE0138,2026-05-19,8.036917859652114e-06,0,0,0
SITE0138,2026-05-20,5.342996378059194e-06,0,0,0
SITE0138,2026-05-21,5.430490467035773e-06,0,0,0
SITE0138,2026-05-22,1.3122789564998991e-05,0,0,0
SITE0138,2026-05-23,5.882348606329981e-06,0,0,0
SITE0138,2026-05-24,5.856434976145682e-06,0,0,0
SITE0138,2026-05-25,6.1807940909806834e-06,0,0,0
SITE0138,2026-05-26,7.465433088866253e-06,0,0,0
SITE0138,2026-05-27,7.371642614296266e-06,0,0,0
SITE0138,2026-05-28,8.240844916708191e-06,0,0,0
SITE0138,2026-05-29,6.150088513561794e-06,0,0,0
SITE0138,2026-05-30,5.93981655780657e-06,0,0,0
SITE0138,2026-05-31,1.482331540310113e-05,0,0,0
SITE0138,2026-06-01,5.530237456437281e-06,0,0,0
SITE0138,2026-06-02,7.1651273303452185e-06,0,0,0
SITE0138,2026-06-03,9.039515337206257e-06,0,0,0
SITE0138,2026-06-04,6.14485345588365e-06,0,0,0
SITE0138,2026-06-05,7.670814782463507e-06,0,0,0
SITE0138,2026-06-06,6.60232038832904e-06,0,0,0
SITE0138,2026-06-07,7.794544107464083e-06,0,0,0
SITE0138,2026-06-08,5.026618170330597e-06,0,0,0
SITE0138,2026-06-09,5.25269210481188e-06,0,0,0
SITE0138,2026-06-10,5.9542722339271075e-06,0,0,0
SITE0138,2026-06-11,7.535257112590686e-06,0,0,0
SITE0138,2026-06-12,6.181986444708565e-06,0,0,0
SITE0138,2026-06-13,7.294071217276835e-06,0,0,0
SITE0138,2026-06-14,7.115901449295373e-06,0,0,0
SITE0138,2026-06-15,6.001516813876814e-06,0,0,0
SITE0138,2026-06-16,7.220280123292484e-06,0,0,0
SITE0138,2026-06-17,7.690398815630273e-06,0,0,0
SITE0138,2026-06-18,7.226330904776702e-06,0,0,0
SITE0138,2026-06-19,1.7292954060069716e-05,0,0,0
SITE0138,2026-06-20,6.522517555841543e-06,0,0,0
SITE0138,2026-06-21,6.7446877037274784e-06,0,0,0
SITE0138,2026-06-22,6.849081025826841e-06,0,0,0
SITE0138,2026-06-23,6.548458517538317e-06,0,0,0
SITE0138,2026-06-24,1.1009846484142476e-05,0,0,0
SITE0138,2026-06-25,7.22887118273088e-06,0,0,0
SITE0138,2026-06-26,7.855077560982492e-06,0,0,0
SITE0138,2026-06-27,8.072105203967276e-06,0,0,0
SITE0138,2026-06-28,6.350498549670591e-06,0,0,0
SITE0138,2026-06-29,6.22955305676975e-06,0,0,0
SITE0139,2026-04-01,6.59210984002332e-05,0,0,0
SITE0139,2026-04-02,1.2684540398257251e-05,0,0,0
SITE0139,2026-04-03,1.457967604115804e-05,0,0,0
SITE0139,2026-04-04,2.0756462467756333e-05,0,0,0
SITE0139,2026-04-05,1.7112681932120694e-05,0,0,0
SITE0139,2026-04-06,2.1350081334833773e-05,0,0,0
SITE0139,2026-04-07,1.6511191381908695e-05,0,0,0
SITE0139,2026-04-08,1.6906137629740782e-05,0,0,0
SITE0139,2026-04-09,1.6634432714559832e-05,0,0,0
SITE0139,2026-04-10,1.8966848969244976e-05,0,0,0
SITE0139,2026-04-11,1.642853239591268e-05,0,0,0
SITE0139,2026-04-12,1.4519036651026043e-05,0,0,0
SITE0139,2026-04-13,1.6223100123380375e-05,0,0,0
SITE0139,2026-04-14,2.649536933936844e-05,0,0,0
SITE0139,2026-04-15,1.737272277145472e-05,0,0,0
SITE0139,2026-04-16,1.8908152281424652e-05,0,0,0
SITE0139,2026-04-17,1.742787586267203e-05,0,0,0
SITE0139,2026-04-18,1.643266154408417e-05,0,0,0
SITE0139,2026-04-19,1.6433954561262486e-05,0,0,0
SITE0139,2026-04-20,1.879246493931464e-05,0,0,0
SITE0139,2026-04-21,1.733016553200349e-05,0,0,0
SITE0139,2026-04-22,1.5316594866998966e-05,0,0,0
SITE0139,2026-04-23,1.4531636287937797e-05,0,0,0
SITE0139,2026-04-24,1.4949432185337557e-05,0,0,0
SITE0139,2026-04-25,1.684216440163276e-05,0,0,0
SITE0139,2026-04-26,2.5285400742596516e-05,0,0,0
SITE0139,2026-04-27,2.069198375367044e-05,0,0,0
SITE0139,2026-04-28,2.2771372324529442e-05,0,0,0
SITE0139,2026-04-29,1.4697940050916722e-05,0,0,0
SITE0139,2026-04-30,1.2731056985556445e-05,0,0,0
SITE0139,2026-05-01,1.4745969984573035e-05,0,0,0
SITE0139,2026-05-02,2.3430249081292478e-05,0,0,0
SITE0139,2026-05-03,1.6726492131714275e-05,0,0,0
SITE0139,2026-05-04,1.674948894666425e-05,0,0,0
SITE0139,2026-05-05,1.8392908666858008e-05,0,0,0
SITE0139,2026-05-06,1.6673312921378155e-05,0,0,0
SITE0139,2026-05-07,1.954328224228648e-05,0,0,0
SITE0139,2026-05-08,1.7718932449312853e-05,0,0,0
SITE0139,2026-05-09,2.2436528503097663e-05,0,0,0
SITE0139,2026-05-10,2.0828116878906257e-05,0,0,0
SITE0139,2026-05-11,1.897336523674089e-05,0,0,0
SITE0139,2026-05-12,1.5973951483644448e-05,0,0,0
SITE0139,2026-05-13,1.5331603358286547e-05,0,0,0
SITE0139,2026-05-14,1.5084755978779817e-05,0,0,0
SITE0139,2026-05-15,1.717530217330583e-05,0,0,0
SITE0139,2026-05-16,1.8862336488287158e-05,0,0,0
SITE0139,2026-05-17,1.604111070244866e-05,0,0,0
SITE0139,2026-05-18,1.6015990875867927e-05,0,0,0
SITE0139,2026-05-19,1.3859974601555316e-05,0,0,0
SITE0139,2026-05-20,1.7545830513864283e-05,0,0,0
SITE0139,2026-05-21,1.9363024286980576e-05,0,0,0
SITE0139,2026-05-22,1.4888929101841854e-05,0,0,0
SITE0139,2026-05-23,2.0804382906952872e-05,0,0,0
SITE0139,2026-05-24,1.3516393116020612e-05,0,0,0
SITE0139,2026-05-25,1.8890511332705507e-05,0,0,0
SITE0139,2026-05-26,1.8504745834686584e-05,0,0,0
SITE0139,2026-05-27,1.5982373855085694e-05,0,0,0
SITE0139,2026-05-28,1.571957944900215e-05,0,0,0
SITE0139,2026-05-29,1.4934138944953151e-05,0,0,0
SITE0139,2026-05-30,2.0059522730004693e-05,0,0,0
SITE0139,2026-05-31,1.867518514556136e-05,0,0,0
SITE0139,2026-06-01,1.8290313807318383e-05,0,0,0
SITE0139,2026-06-02,1.41781135580662e-05,0,0,0
SITE0139,2026-06-03,1.963443704379685e-05,0,0,0
SITE0139,2026-06-04,1.8439683663780184e-05,0,0,0
SITE0139,2026-06-05,1.574994556213096e-05,0,0,0
SITE0139,2026-06-06,1.3480196683811874e-05,0,0,0
SITE0139,2026-06-07,1.766058408701527e-05,0,0,0
SITE0139,2026-06-08,1.840037811974778e-05,0,0,0
SITE0139,2026-06-09,1.6820117767019435e-05,0,0,0
SITE0139,2026-06-10,1.4119836929151504e-05,0,0,0
SITE0139,2026-06-11,1.6405142563523615e-05,0,0,0
SITE0139,2026-06-12,1.731977702841364e-05,0,0,0
SITE0139,2026-06-13,1.5430210175983605e-05,0,0,0
SITE0139,2026-06-14,1.6739239611801097e-05,0,0,0
SITE0139,2026-06-15,1.8188864436212992e-05,0,0,0
SITE0139,2026-06-16,1.910980816740372e-05,0,0,0
SITE0139,2026-06-17,1.7669513407969858e-05,0,0,0
SITE0139,2026-06-18,1.4683089653346919e-05,0,0,0
SITE0139,2026-06-19,1.4977261568095255e-05,0,0,0
SITE0139,2026-06-20,1.914444569750997e-05,0,0,0
SITE0139,2026-06-21,1.5230829845245892e-05,0,0,0
SITE0139,2026-06-22,1.4959529563735345e-05,0,0,0
SITE0139,2026-06-23,1.6999145351851595e-05,0,0,0
SITE0139,2026-06-24,1.8441220109091776e-05,0,0,0
SITE0139,2026-06-25,1.3432320324792329e-05,0,0,0
SITE0139,2026-06-26,1.3526485794045769e-05,0,0,0
SITE0139,2026-06-27,2.2312118851418364e-05,0,0,0
SITE0139,2026-06-28,2.78125973350952e-05,0,0,0
SITE0139,2026-06-29,2.368093777487139e-05,0,0,0
SITE0140,2026-04-01,1.2694510929621276e-05,0,0,0
SITE0140,2026-04-02,1.2688340819746754e-05,0,0,0
SITE0140,2026-04-03,1.2692321278844867e-05,0,0,0
SITE0140,2026-04-04,1.3519997564503406e-05,0,0,0
SITE0140,2026-04-05,1.2565460959309127e-05,0,0,0
SITE0140,2026-04-06,1.2562957153253414e-05,0,0,0
SITE0140,2026-04-07,1.2798778718365758e-05,0,0,0
SITE0140,2026-04-08,1.3663218852165165e-05,0,0,0
SITE0140,2026-04-09,1.2794257367325283e-05,0,0,0
SITE0140,2026-04-10,1.3003946420101606e-05,0,0,0
SITE0140,2026-04-11,1.28019408253447e-05,0,0,0
SITE0140,2026-04-12,1.3413564051220804e-05,0,0,0
SITE0140,2026-04-13,1.333559635639194e-05,0,0,0
SITE0140,2026-04-14,1.3412592507063894e-05,0,0,0
SITE0140,2026-04-15,1.3412592537512442e-05,0,0,0
SITE0140,2026-04-16,1.4224920703334671e-05,0,0,0
SITE0140,2026-04-17,1.287413250716172e-05,0,0,0
SITE0140,2026-04-18,1.2870516813600083e-05,0,0,0
SITE0140,2026-04-19,1.2927655513965974e-05,0,0,0
SITE0140,2026-04-20,1.3004592998069542e-05,0,0,0
SITE0140,2026-04-21,1.3003589711042618e-05,0,0,0
SITE0140,2026-04-22,1.325311625891292e-05,0,0,0
SITE0140,2026-04-23,1.3276047408868665e-05,0,0,0
SITE0140,2026-04-24,1.2888835667394098e-05,0,0,0
SITE0140,2026-04-25,1.4915121739604131e-05,0,0,0
SITE0140,2026-04-26,1.517755284508102e-05,0,0,0
SITE0140,2026-04-27,1.5270598563364256e-05,0,0,0
SITE0140,2026-04-28,1.2789849540861814e-05,0,0,0
SITE0140,2026-04-29,1.2867492550280954e-05,0,0,0
SITE0140,2026-04-30,1.2925304197972488e-05,0,0,0
SITE0140,2026-05-01,1.3593627859690098e-05,0,0,0
SITE0140,2026-05-02,1.2998969718152836e-05,0,0,0
SITE0140,2026-05-03,1.3264861135327949e-05,0,0,0
SITE0140,2026-05-04,1.326486123245074e-05,0,0,0
SITE0140,2026-05-05,1.3911747193649209e-05,0,0,0
SITE0140,2026-05-06,1.9109411986375356e-05,0,0,0
SITE0140,2026-05-07,2.0680009382333484e-05,0,0,0
SITE0140,2026-05-08,2.572302664730787e-05,0,0,0
SITE0140,2026-05-09,0.0004517684696783491,0,0,0
SITE0140,2026-05-10,0.0048596055928867895,0,0,0
SITE0140,2026-05-11,0.9425089181880066,1,1,0
SITE0140,2026-05-12,0.9990298616887302,1,1,0
SITE0140,2026-05-13,0.99856790000453,1,1,0
SITE0140,2026-05-14,0.9993504055819431,1,1,0
SITE0140,2026-05-15,0.9984209319020876,1,1,0
SITE0140,2026-05-16,0.9990953212198661,1,1,0
SITE0140,2026-05-17,0.9992676742671459,1,1,0
SITE0140,2026-05-18,0.999188182228332,1,1,0
SITE0140,2026-05-19,0.9977236948271407,1,1,0
SITE0140,2026-05-20,0.9993022611596194,1,1,0
SITE0140,2026-05-21,0.9985855378013111,1,1,0
SITE0140,2026-05-22,0.9981243104678436,1,1,0
SITE0140,2026-05-23,0.9601403774001102,1,1,0
SITE0140,2026-05-24,0.4238948393894643,1,1,0
SITE0140,2026-05-25,0.034523169974568314,0,0,1
SITE0140,2026-05-26,0.0006725958490963961,0,0,0
SITE0140,2026-05-27,0.0007516767816210069,0,0,0
SITE0140,2026-05-28,5.053853216595395e-05,0,0,0
SITE0140,2026-05-29,6.229661493250231e-05,0,0,0
SITE0140,2026-05-30,5.9174641870351676e-05,0,0,0
SITE0140,2026-05-31,5.984728232051175e-05,0,0,0
SITE0140,2026-06-01,2.159734535698751e-05,0,0,0
SITE0140,2026-06-02,2.1333046148026712e-05,0,0,0
SITE0140,2026-06-03,2.142786088574362e-05,0,0,0
SITE0140,2026-06-04,2.133831427613679e-05,0,0,0
SITE0140,2026-06-05,2.240399932156554e-05,0,0,0
SITE0140,2026-06-06,2.2638168581612055e-05,0,0,0
SITE0140,2026-06-07,2.4887653203579124e-05,0,0,0
SITE0140,2026-06-08,1.4216344335301075e-05,0,0,0
SITE0140,2026-06-09,1.3007472308683282e-05,0,0,0
SITE0140,2026-06-10,1.2794257661319847e-05,0,0,0
SITE0140,2026-06-11,1.279687219240496e-05,0,0,0
SITE0140,2026-06-12,1.9850772873500497e-05,0,0,0
SITE0140,2026-06-13,1.9964152915263474e-05,0,0,0
SITE0140,2026-06-14,1.9857724044373102e-05,0,0,0
SITE0140,2026-06-15,2.0441559487706533e-05,0,0,0
SITE0140,2026-06-16,1.3745141726753507e-05,0,0,0
SITE0140,2026-06-17,1.3001471108160866e-05,0,0,0
SITE0140,2026-06-18,1.2628861400658043e-05,0,0,0
SITE0140,2026-06-19,1.2700797160504316e-05,0,0,0
SITE0140,2026-06-20,1.2947509847062494e-05,0,0,0
SITE0140,2026-06-21,1.3325489865568647e-05,0,0,0
SITE0140,2026-06-22,1.6836724730621794e-05,0,0,0
SITE0140,2026-06-23,1.4381302934983158e-05,0,0,0
SITE0140,2026-06-24,1.5749335165997442e-05,0,0,0
SITE0140,2026-06-25,1.5973463567520997e-05,0,0,0
SITE0140,2026-06-26,1.5027688129702366e-05,0,0,0
SITE0140,2026-06-27,1.3749521599290102e-05,0,0,0
SITE0140,2026-06-28,1.3894652596652837e-05,0,0,0
SITE0140,2026-06-29,1.3468761089267393e-05,0,0,0
SITE0141,2026-04-01,1.064793944272022e-05,0,0,0
SITE0141,2026-04-02,1.13271661692871e-05,0,0,0
SITE0141,2026-04-03,9.106397447409465e-06,0,0,0
SITE0141,2026-04-04,1.3313287238283588e-05,0,0,0
SITE0141,2026-04-05,9.462554190653636e-06,0,0,0
SITE0141,2026-04-06,1.376791080892484e-05,0,0,0
SITE0141,2026-04-07,9.493968332706346e-06,0,0,0
SITE0141,2026-04-08,9.903618471917571e-06,0,0,0
SITE0141,2026-04-09,1.0178699052428672e-05,0,0,0
SITE0141,2026-04-10,1.0143981225071934e-05,0,0,0
SITE0141,2026-04-11,1.0144897307034829e-05,0,0,0
SITE0141,2026-04-12,1.2321554629341351e-05,0,0,0
SITE0141,2026-04-13,9.857568139622927e-06,0,0,0
SITE0141,2026-04-14,1.061433333326138e-05,0,0,0
SITE0141,2026-04-15,1.009292756887197e-05,0,0,0
SITE0141,2026-04-16,1.1043358817825464e-05,0,0,0
SITE0141,2026-04-17,9.632001101501936e-06,0,0,0
SITE0141,2026-04-18,1.3955524662322884e-05,0,0,0
SITE0141,2026-04-19,1.149074557922344e-05,0,0,0
SITE0141,2026-04-20,1.3572324828811669e-05,0,0,0
SITE0141,2026-04-21,1.121093889217807e-05,0,0,0
SITE0141,2026-04-22,1.250411375187746e-05,0,0,0
SITE0141,2026-04-23,1.2891278279124883e-05,0,0,0
SITE0141,2026-04-24,1.0193736667189603e-05,0,0,0
SITE0141,2026-04-25,8.878734191877686e-06,0,0,0
SITE0141,2026-04-26,1.0134324956889181e-05,0,0,0
SITE0141,2026-04-27,1.0436319363278593e-05,0,0,0
SITE0141,2026-04-28,1.5489519231746615e-05,0,0,0
SITE0141,2026-04-29,1.1421394870810825e-05,0,0,0
SITE0141,2026-04-30,1.0158963664949e-05,0,0,0
SITE0141,2026-05-01,9.710611646325658e-06,0,0,0
SITE0141,2026-05-02,1.6007757733419434e-05,0,0,0
SITE0141,2026-05-03,9.682464992973288e-06,0,0,0
SITE0141,2026-05-04,8.884640946370987e-06,0,0,0
SITE0141,2026-05-05,9.824746156671024e-06,0,0,0
SITE0141,2026-05-06,1.3102016752803135e-05,0,0,0
SITE0141,2026-05-07,9.713500227161397e-06,0,0,0
SITE0141,2026-05-08,9.089530716822642e-06,0,0,0
SITE0141,2026-05-09,1.0658651041336859e-05,0,0,0
SITE0141,2026-05-10,9.92170001965206e-06,0,0,0
SITE0141,2026-05-11,9.809001672285156e-06,0,0,0
SITE0141,2026-05-12,1.0038852035233762e-05,0,0,0
SITE0141,2026-05-13,1.1918939789420238e-05,0,0,0
SITE0141,2026-05-14,9.56640233969721e-06,0,0,0
SITE0141,2026-05-15,1.1950476332760716e-05,0,0,0
SITE0141,2026-05-16,1.066180098646806e-05,0,0,0
SITE0141,2026-05-17,1.2098650001281193e-05,0,0,0
SITE0141,2026-05-18,1.075490215598271e-05,0,0,0
SITE0141,2026-05-19,1.0409706517391149e-05,0,0,0
SITE0141,2026-05-20,9.053923098928923e-06,0,0,0
SITE0141,2026-05-21,1.0307549358531997e-05,0,0,0
SITE0141,2026-05-22,9.281501992597958e-06,0,0,0
SITE0141,2026-05-23,1.1126982289913284e-05,0,0,0
SITE0141,2026-05-24,9.527958135699465e-06,0,0,0
SITE0141,2026-05-25,9.339734468161277e-06,0,0,0
SITE0141,2026-05-26,1.2656979299191065e-05,0,0,0
SITE0141,2026-05-27,9.64821230338123e-06,0,0,0
SITE0141,2026-05-28,9.765797589750678e-06,0,0,0
SITE0141,2026-05-29,9.541484733482095e-06,0,0,0
SITE0141,2026-05-30,1.3060427244912668e-05,0,0,0
SITE0141,2026-05-31,1.121128175487911e-05,0,0,0
SITE0141,2026-06-01,1.1807203126299207e-05,0,0,0
SITE0141,2026-06-02,1.0328512928905328e-05,0,0,0
SITE0141,2026-06-03,1.078880462225863e-05,0,0,0
SITE0141,2026-06-04,9.848246526828004e-06,0,0,0
SITE0141,2026-06-05,9.827375590478197e-06,0,0,0
SITE0141,2026-06-06,1.5573910036009276e-05,0,0,0
SITE0141,2026-06-07,9.98903518094531e-06,0,0,0
SITE0141,2026-06-08,1.5003558334660391e-05,0,0,0
SITE0141,2026-06-09,9.523108810251806e-06,0,0,0
SITE0141,2026-06-10,9.515277611830958e-06,0,0,0
SITE0141,2026-06-11,8.046002436339818e-06,0,0,0
SITE0141,2026-06-12,8.751166950489322e-06,0,0,0
SITE0141,2026-06-13,8.445930739727351e-06,0,0,0
SITE0141,2026-06-14,1.2339121457699148e-05,0,0,0
SITE0141,2026-06-15,1.0710343389711732e-05,0,0,0
SITE0141,2026-06-16,1.0684599494109793e-05,0,0,0
SITE0141,2026-06-17,9.843214528574096e-06,0,0,0
SITE0141,2026-06-18,1.2038427858295655e-05,0,0,0
SITE0141,2026-06-19,1.1199450917927696e-05,0,0,0
SITE0141,2026-06-20,1.2958910662630157e-05,0,0,0
SITE0141,2026-06-21,1.2947046025070589e-05,0,0,0
SITE0141,2026-06-22,1.2589942827020912e-05,0,0,0
SITE0141,2026-06-23,1.1481335338311107e-05,0,0,0
SITE0141,2026-06-24,1.0879947749033682e-05,0,0,0
SITE0141,2026-06-25,1.0514641158974174e-05,0,0,0
SITE0141,2026-06-26,8.92975452171071e-06,0,0,0
SITE0141,2026-06-27,1.0294395366406826e-05,0,0,0
SITE0141,2026-06-28,9.122088420694566e-06,0,0,0
SITE0141,2026-06-29,1.0037709753740564e-05,0,0,0
SITE0142,2026-04-01,2.2537154766679908e-05,0,0,0
SITE0142,2026-04-02,1.6630415468039395e-05,0,0,0
SITE0142,2026-04-03,8.178195638878728e-06,0,0,0
SITE0142,2026-04-04,9.03403797093914e-06,0,0,0
SITE0142,2026-04-05,7.925728938824575e-06,0,0,0
SITE0142,2026-04-06,7.587904240605765e-06,0,0,0
SITE0142,2026-04-07,6.891461370768727e-06,0,0,0
SITE0142,2026-04-08,6.467542251236827e-06,0,0,0
SITE0142,2026-04-09,6.148051227676577e-06,0,0,0
SITE0142,2026-04-10,8.313561458964389e-06,0,0,0
SITE0142,2026-04-11,7.115346440536391e-06,0,0,0
SITE0142,2026-04-12,9.828963554618379e-06,0,0,0
SITE0142,2026-04-13,6.57002883082714e-06,0,0,0
SITE0142,2026-04-14,7.825861509664777e-06,0,0,0
SITE0142,2026-04-15,7.835250191014259e-06,0,0,0
SITE0142,2026-04-16,6.882613804123278e-06,0,0,0
SITE0142,2026-04-17,7.923440243562612e-06,0,0,0
SITE0142,2026-04-18,7.6183716140287215e-06,0,0,0
SITE0142,2026-04-19,9.936013719496077e-06,0,0,0
SITE0142,2026-04-20,1.163364698115929e-05,0,0,0
SITE0142,2026-04-21,1.0376410476039701e-05,0,0,0
SITE0142,2026-04-22,6.692760807189703e-06,0,0,0
SITE0142,2026-04-23,6.6852100730666475e-06,0,0,0
SITE0142,2026-04-24,7.635217949857073e-06,0,0,0
SITE0142,2026-04-25,9.19153707205467e-06,0,0,0
SITE0142,2026-04-26,3.1450345053357617e-05,0,0,0
SITE0142,2026-04-27,1.1579964021290818e-05,0,0,0
SITE0142,2026-04-28,1.4732891544211377e-05,0,0,0
SITE0142,2026-04-29,9.060638955455102e-06,0,0,0
SITE0142,2026-04-30,9.351077926384449e-06,0,0,0
SITE0142,2026-05-01,8.757566456882805e-06,0,0,0
SITE0142,2026-05-02,7.70145328716194e-06,0,0,0
SITE0142,2026-05-03,8.076613016590465e-06,0,0,0
SITE0142,2026-05-04,9.589006478979112e-06,0,0,0
SITE0142,2026-05-05,9.470058174118279e-06,0,0,0
SITE0142,2026-05-06,1.3017431481604856e-05,0,0,0
SITE0142,2026-05-07,6.120284241132955e-06,0,0,0
SITE0142,2026-05-08,6.7416599609641825e-06,0,0,0
SITE0142,2026-05-09,8.129873424361361e-06,0,0,0
SITE0142,2026-05-10,8.78740580009542e-06,0,0,0
SITE0142,2026-05-11,6.0464991255831175e-06,0,0,0
SITE0142,2026-05-12,7.269229467203502e-06,0,0,0
SITE0142,2026-05-13,6.578283809537892e-06,0,0,0
SITE0142,2026-05-14,7.3201960572846024e-06,0,0,0
SITE0142,2026-05-15,9.541901545517736e-06,0,0,0
SITE0142,2026-05-16,9.775339870924178e-06,0,0,0
SITE0142,2026-05-17,8.97018260972104e-06,0,0,0
SITE0142,2026-05-18,1.1930959629964877e-05,0,0,0
SITE0142,2026-05-19,8.65877453795516e-06,0,0,0
SITE0142,2026-05-20,8.083115685582845e-06,0,0,0
SITE0142,2026-05-21,1.3075737382845184e-05,0,0,0
SITE0142,2026-05-22,8.250359695001264e-06,0,0,0
SITE0142,2026-05-23,1.1538857822705048e-05,0,0,0
SITE0142,2026-05-24,8.149024114551933e-06,0,0,0
SITE0142,2026-05-25,9.60518162200999e-06,0,0,0
SITE0142,2026-05-26,2.018604870176443e-05,0,0,0
SITE0142,2026-05-27,1.008058896615913e-05,0,0,0
SITE0142,2026-05-28,9.042653931380848e-06,0,0,0
SITE0142,2026-05-29,9.11652368995838e-06,0,0,0
SITE0142,2026-05-30,1.2743239306700427e-05,0,0,0
SITE0142,2026-05-31,8.999892538183308e-06,0,0,0
SITE0142,2026-06-01,5.729680377601534e-06,0,0,0
SITE0142,2026-06-02,6.703224893390712e-06,0,0,0
SITE0142,2026-06-03,8.294833862464655e-06,0,0,0
SITE0142,2026-06-04,7.732797363433706e-06,0,0,0
SITE0142,2026-06-05,9.394481310173395e-06,0,0,0
SITE0142,2026-06-06,6.73565011814528e-06,0,0,0
SITE0142,2026-06-07,6.1692678859843105e-06,0,0,0
SITE0142,2026-06-08,8.110272099703351e-06,0,0,0
SITE0142,2026-06-09,6.568684789637681e-06,0,0,0
SITE0142,2026-06-10,8.460901119447478e-06,0,0,0
SITE0142,2026-06-11,7.3952517438435314e-06,0,0,0
SITE0142,2026-06-12,7.989479716320272e-06,0,0,0
SITE0142,2026-06-13,6.9434038066903834e-06,0,0,0
SITE0142,2026-06-14,6.948618410672448e-06,0,0,0
SITE0142,2026-06-15,7.86596313070408e-06,0,0,0
SITE0142,2026-06-16,7.700893328863185e-06,0,0,0
SITE0142,2026-06-17,8.833827136545823e-06,0,0,0
SITE0142,2026-06-18,7.542680062778584e-06,0,0,0
SITE0142,2026-06-19,9.073972760197913e-06,0,0,0
SITE0142,2026-06-20,8.205955095434825e-06,0,0,0
SITE0142,2026-06-21,7.193835655928953e-06,0,0,0
SITE0142,2026-06-22,7.701104500806442e-06,0,0,0
SITE0142,2026-06-23,1.013077288889417e-05,0,0,0
SITE0142,2026-06-24,1.013077325551776e-05,0,0,0
SITE0142,2026-06-25,1.2023341169814332e-05,0,0,0
SITE0142,2026-06-26,1.0179440525728433e-05,0,0,0
SITE0142,2026-06-27,9.368171642507723e-06,0,0,0
SITE0142,2026-06-28,1.1245775446219035e-05,0,0,0
SITE0142,2026-06-29,9.76842989632797e-06,0,0,0
SITE0143,2026-04-01,6.969746774737129e-06,0,0,0
SITE0143,2026-04-02,7.526552923135563e-06,0,0,0
SITE0143,2026-04-03,6.739169945387347e-06,0,0,0
SITE0143,2026-04-04,7.157321124469109e-06,0,0,0
SITE0143,2026-04-05,8.195627005121312e-06,0,0,0
SITE0143,2026-04-06,7.1753429994516705e-06,0,0,0
SITE0143,2026-04-07,6.943294603145573e-06,0,0,0
SITE0143,2026-04-08,7.0518153197187025e-06,0,0,0
SITE0143,2026-04-09,9.648897285383845e-06,0,0,0
SITE0143,2026-04-10,7.256060375894447e-06,0,0,0
SITE0143,2026-04-11,8.26686734722965e-06,0,0,0
SITE0143,2026-04-12,6.150993084645335e-06,0,0,0
SITE0143,2026-04-13,5.9871437740111796e-06,0,0,0
SITE0143,2026-04-14,1.3650711626041734e-05,0,0,0
SITE0143,2026-04-15,8.571893997467065e-06,0,0,0
SITE0143,2026-04-16,7.689718177514055e-06,0,0,0
SITE0143,2026-04-17,5.303769995067858e-06,0,0,0
SITE0143,2026-04-18,8.058763938766634e-06,0,0,0
SITE0143,2026-04-19,5.9258823520563106e-06,0,0,0
SITE0143,2026-04-20,1.2393639300893551e-05,0,0,0
SITE0143,2026-04-21,7.686401639753628e-06,0,0,0
SITE0143,2026-04-22,7.041466677279915e-06,0,0,0
SITE0143,2026-04-23,6.871983819767454e-06,0,0,0
SITE0143,2026-04-24,6.871966480852803e-06,0,0,0
SITE0143,2026-04-25,6.880709484805059e-06,0,0,0
SITE0143,2026-04-26,7.389693942424102e-06,0,0,0
SITE0143,2026-04-27,6.119640793019361e-06,0,0,0
SITE0143,2026-04-28,7.81228494934519e-06,0,0,0
SITE0143,2026-04-29,6.370151428401418e-06,0,0,0
SITE0143,2026-04-30,5.791848990136179e-06,0,0,0
SITE0143,2026-05-01,6.1527586136741e-06,0,0,0
SITE0143,2026-05-02,7.813879231572153e-06,0,0,0
SITE0143,2026-05-03,7.40205421038259e-06,0,0,0
SITE0143,2026-05-04,7.829225385249747e-06,0,0,0
SITE0143,2026-05-05,9.366630922539983e-06,0,0,0
SITE0143,2026-05-06,8.461648620994652e-06,0,0,0
SITE0143,2026-05-07,7.976276834229146e-06,0,0,0
SITE0143,2026-05-08,6.00769597805116e-06,0,0,0
SITE0143,2026-05-09,6.313243428807515e-06,0,0,0
SITE0143,2026-05-10,1.4589373664797379e-05,0,0,0
SITE0143,2026-05-11,8.34698842467593e-06,0,0,0
SITE0143,2026-05-12,7.231849024883296e-06,0,0,0
SITE0143,2026-05-13,5.731334992045531e-06,0,0,0
SITE0143,2026-05-14,6.752894796072723e-06,0,0,0
SITE0143,2026-05-15,5.198191613799343e-06,0,0,0
SITE0143,2026-05-16,5.632015109471934e-06,0,0,0
SITE0143,2026-05-17,5.943453936831122e-06,0,0,0
SITE0143,2026-05-18,7.383418938267104e-06,0,0,0
SITE0143,2026-05-19,7.200353361901503e-06,0,0,0
SITE0143,2026-05-20,7.08105054987521e-06,0,0,0
SITE0143,2026-05-21,6.140487640606542e-06,0,0,0
SITE0143,2026-05-22,5.783790197747523e-06,0,0,0
SITE0143,2026-05-23,6.988634995301421e-06,0,0,0
SITE0143,2026-05-24,7.82608612271285e-06,0,0,0
SITE0143,2026-05-25,8.64095301182499e-06,0,0,0
SITE0143,2026-05-26,8.2563730317886e-06,0,0,0
SITE0143,2026-05-27,9.13307869633204e-06,0,0,0
SITE0143,2026-05-28,1.639216179793082e-05,0,0,0
SITE0143,2026-05-29,8.22414750172896e-06,0,0,0
SITE0143,2026-05-30,1.4774850628842977e-05,0,0,0
SITE0143,2026-05-31,7.551485967470234e-06,0,0,0
SITE0143,2026-06-01,7.934102707347795e-06,0,0,0
SITE0143,2026-06-02,6.869013496088341e-06,0,0,0
SITE0143,2026-06-03,7.561227300501284e-06,0,0,0
SITE0143,2026-06-04,1.4351557869485228e-05,0,0,0
SITE0143,2026-06-05,7.0620847823149105e-06,0,0,0
SITE0143,2026-06-06,7.958078935593604e-06,0,0,0
SITE0143,2026-06-07,6.859041419209669e-06,0,0,0
SITE0143,2026-06-08,6.614818679116482e-06,0,0,0
SITE0143,2026-06-09,7.124689946186404e-06,0,0,0
SITE0143,2026-06-10,6.272505310170742e-06,0,0,0
SITE0143,2026-06-11,7.447740437250377e-06,0,0,0
SITE0143,2026-06-12,7.780282112318884e-06,0,0,0
SITE0143,2026-06-13,7.296084610814235e-06,0,0,0
SITE0143,2026-06-14,6.588494470481424e-06,0,0,0
SITE0143,2026-06-15,5.6108724709252135e-06,0,0,0
SITE0143,2026-06-16,7.616748543517138e-06,0,0,0
SITE0143,2026-06-17,7.419909576107651e-06,0,0,0
SITE0143,2026-06-18,6.199233409762643e-06,0,0,0
SITE0143,2026-06-19,6.1503285261227306e-06,0,0,0
SITE0143,2026-06-20,7.667901778343828e-06,0,0,0
SITE0143,2026-06-21,5.940694402060243e-06,0,0,0
SITE0143,2026-06-22,1.1096115306456634e-05,0,0,0
SITE0143,2026-06-23,5.8955947204176764e-06,0,0,0
SITE0143,2026-06-24,7.2438115120555165e-06,0,0,0
SITE0143,2026-06-25,7.463252518582708e-06,0,0,0
SITE0143,2026-06-26,6.876510454669852e-06,0,0,0
SITE0143,2026-06-27,1.3416222355479962e-05,0,0,0
SITE0143,2026-06-28,7.1005153773798115e-06,0,0,0
SITE0143,2026-06-29,8.23656084935875e-06,0,0,0
SITE0144,2026-04-01,1.3131553822303796e-05,0,0,0
SITE0144,2026-04-02,1.1640990943647314e-05,0,0,0
SITE0144,2026-04-03,1.4603721884894378e-05,0,0,0
SITE0144,2026-04-04,1.4516471965406552e-05,0,0,0
SITE0144,2026-04-05,1.2973736474085675e-05,0,0,0
SITE0144,2026-04-06,1.383960118106123e-05,0,0,0
SITE0144,2026-04-07,1.6507048009380647e-05,0,0,0
SITE0144,2026-04-08,1.333576043920674e-05,0,0,0
SITE0144,2026-04-09,1.2632940972632287e-05,0,0,0
SITE0144,2026-04-10,1.3812318630426088e-05,0,0,0
SITE0144,2026-04-11,1.540667574169151e-05,0,0,0
SITE0144,2026-04-12,1.5613029265866034e-05,0,0,0
SITE0144,2026-04-13,1.3734981654889442e-05,0,0,0
SITE0144,2026-04-14,1.3798236013010968e-05,0,0,0
SITE0144,2026-04-15,1.6384207028141505e-05,0,0,0
SITE0144,2026-04-16,1.3315655209253234e-05,0,0,0
SITE0144,2026-04-17,1.7274381072617012e-05,0,0,0
SITE0144,2026-04-18,1.5188340362929697e-05,0,0,0
SITE0144,2026-04-19,1.6815140955776355e-05,0,0,0
SITE0144,2026-04-20,1.6438794372184352e-05,0,0,0
SITE0144,2026-04-21,1.5053979707531565e-05,0,0,0
SITE0144,2026-04-22,1.6357062518197436e-05,0,0,0
SITE0144,2026-04-23,1.4455716722101376e-05,0,0,0
SITE0144,2026-04-24,1.597154148617797e-05,0,0,0
SITE0144,2026-04-25,1.5297633709829782e-05,0,0,0
SITE0144,2026-04-26,1.5400304327758762e-05,0,0,0
SITE0144,2026-04-27,1.4970202504572668e-05,0,0,0
SITE0144,2026-04-28,1.7794778914594058e-05,0,0,0
SITE0144,2026-04-29,1.3051289999143075e-05,0,0,0
SITE0144,2026-04-30,1.1590779884436569e-05,0,0,0
SITE0144,2026-05-01,1.2389432017623501e-05,0,0,0
SITE0144,2026-05-02,2.197060656764826e-05,0,0,0
SITE0144,2026-05-03,1.8408035216291235e-05,0,0,0
SITE0144,2026-05-04,1.5235653487758238e-05,0,0,0
SITE0144,2026-05-05,1.3862919974834489e-05,0,0,0
SITE0144,2026-05-06,1.640858165237078e-05,0,0,0
SITE0144,2026-05-07,1.2779242316897212e-05,0,0,0
SITE0144,2026-05-08,1.4136507485622947e-05,0,0,0
SITE0144,2026-05-09,1.4755407584013402e-05,0,0,0
SITE0144,2026-05-10,1.5284486156822164e-05,0,0,0
SITE0144,2026-05-11,1.542155112804871e-05,0,0,0
SITE0144,2026-05-12,1.4141295826561936e-05,0,0,0
SITE0144,2026-05-13,2.9678296953168292e-05,0,0,0
SITE0144,2026-05-14,1.5723100211155355e-05,0,0,0
SITE0144,2026-05-15,1.644121890015493e-05,0,0,0
SITE0144,2026-05-16,1.570061792582083e-05,0,0,0
SITE0144,2026-05-17,1.6420048037137218e-05,0,0,0
SITE0144,2026-05-18,1.3449464156680841e-05,0,0,0
SITE0144,2026-05-19,1.2642323563683728e-05,0,0,0
SITE0144,2026-05-20,1.0703453252143877e-05,0,0,0
SITE0144,2026-05-21,1.2660636817873906e-05,0,0,0
SITE0144,2026-05-22,1.3349444563148566e-05,0,0,0
SITE0144,2026-05-23,1.1452981173704443e-05,0,0,0
SITE0144,2026-05-24,1.1724615473442094e-05,0,0,0
SITE0144,2026-05-25,1.3382950841281897e-05,0,0,0
SITE0144,2026-05-26,1.376314199850977e-05,0,0,0
SITE0144,2026-05-27,1.1634811833911264e-05,0,0,0
SITE0144,2026-05-28,1.2397585406586931e-05,0,0,0
SITE0144,2026-05-29,1.2604685772797825e-05,0,0,0
SITE0144,2026-05-30,1.741460701799425e-05,0,0,0
SITE0144,2026-05-31,1.3543553251129641e-05,0,0,0
SITE0144,2026-06-01,1.4512272614668931e-05,0,0,0
SITE0144,2026-06-02,1.397191995450576e-05,0,0,0
SITE0144,2026-06-03,2.614561458217253e-05,0,0,0
SITE0144,2026-06-04,1.4862019496590397e-05,0,0,0
SITE0144,2026-06-05,1.3037030295464578e-05,0,0,0
SITE0144,2026-06-06,1.6186762626874985e-05,0,0,0
SITE0144,2026-06-07,1.5698928990559383e-05,0,0,0
SITE0144,2026-06-08,1.4114754334887095e-05,0,0,0
SITE0144,2026-06-09,1.2974384774520302e-05,0,0,0
SITE0144,2026-06-10,1.466925469979479e-05,0,0,0
SITE0144,2026-06-11,1.2504102827139008e-05,0,0,0
SITE0144,2026-06-12,1.5116218438323165e-05,0,0,0
SITE0144,2026-06-13,1.58162007260893e-05,0,0,0
SITE0144,2026-06-14,1.4784840018527362e-05,0,0,0
SITE0144,2026-06-15,1.5206150985532731e-05,0,0,0
SITE0144,2026-06-16,1.3165116966016058e-05,0,0,0
SITE0144,2026-06-17,1.3473460371255543e-05,0,0,0
SITE0144,2026-06-18,1.312454936965899e-05,0,0,0
SITE0144,2026-06-19,1.2695895811454593e-05,0,0,0
SITE0144,2026-06-20,1.2370958414942355e-05,0,0,0
SITE0144,2026-06-21,1.0459455657337571e-05,0,0,0
SITE0144,2026-06-22,1.5195857164602309e-05,0,0,0
SITE0144,2026-06-23,1.7172130619851555e-05,0,0,0
SITE0144,2026-06-24,2.586389174890325e-05,0,0,0
SITE0144,2026-06-25,1.5120117852194128e-05,0,0,0
SITE0144,2026-06-26,1.6882351942554186e-05,0,0,0
SITE0144,2026-06-27,1.418569870164107e-05,0,0,0
SITE0144,2026-06-28,1.2760200193486322e-05,0,0,0
SITE0144,2026-06-29,1.2580656463532329e-05,0,0,0
SITE0145,2026-04-01,5.082688470991517e-05,0,0,0
SITE0145,2026-04-02,1.9003786114927766e-05,0,0,0
SITE0145,2026-04-03,1.2289545202760993e-05,0,0,0
SITE0145,2026-04-04,1.2551269479945957e-05,0,0,0
SITE0145,2026-04-05,1.2014669216477673e-05,0,0,0
SITE0145,2026-04-06,1.1295108173842013e-05,0,0,0
SITE0145,2026-04-07,1.080203802373118e-05,0,0,0
SITE0145,2026-04-08,1.1389510211859961e-05,0,0,0
SITE0145,2026-04-09,1.2739297723387572e-05,0,0,0
SITE0145,2026-04-10,1.2679719806528816e-05,0,0,0
SITE0145,2026-04-11,1.2161810404631747e-05,0,0,0
SITE0145,2026-04-12,1.2712020722383066e-05,0,0,0
SITE0145,2026-04-13,1.0800709307507793e-05,0,0,0
SITE0145,2026-04-14,1.2067696130110004e-05,0,0,0
SITE0145,2026-04-15,1.3444314160129779e-05,0,0,0
SITE0145,2026-04-16,1.4427889534339465e-05,0,0,0
SITE0145,2026-04-17,1.354625362440212e-05,0,0,0
SITE0145,2026-04-18,1.4193180968670052e-05,0,0,0
SITE0145,2026-04-19,1.3813199307875825e-05,0,0,0
SITE0145,2026-04-20,2.6262402749859677e-05,0,0,0
SITE0145,2026-04-21,1.4374499267794743e-05,0,0,0
SITE0145,2026-04-22,1.54932020596784e-05,0,0,0
SITE0145,2026-04-23,1.3887525184989633e-05,0,0,0
SITE0145,2026-04-24,1.3130277341586947e-05,0,0,0
SITE0145,2026-04-25,1.7186948171100182e-05,0,0,0
SITE0145,2026-04-26,1.6705360808083115e-05,0,0,0
SITE0145,2026-04-27,1.3032715969020704e-05,0,0,0
SITE0145,2026-04-28,1.3665307022482237e-05,0,0,0
SITE0145,2026-04-29,1.5022826917780103e-05,0,0,0
SITE0145,2026-04-30,2.1579137342318024e-05,0,0,0
SITE0145,2026-05-01,2.018695682863242e-05,0,0,0
SITE0145,2026-05-02,1.256832340275056e-05,0,0,0
SITE0145,2026-05-03,1.0884112403873852e-05,0,0,0
SITE0145,2026-05-04,1.2218800304083531e-05,0,0,0
SITE0145,2026-05-05,1.8145396909247964e-05,0,0,0
SITE0145,2026-05-06,1.782797653584589e-05,0,0,0
SITE0145,2026-05-07,1.2119215800943833e-05,0,0,0
SITE0145,2026-05-08,1.2112529452314155e-05,0,0,0
SITE0145,2026-05-09,2.101378517714348e-05,0,0,0
SITE0145,2026-05-10,2.530518342064098e-05,0,0,0
SITE0145,2026-05-11,2.3783231807062592e-05,0,0,0
SITE0145,2026-05-12,2.1806810392591226e-05,0,0,0
SITE0145,2026-05-13,2.42851747603188e-05,0,0,0
SITE0145,2026-05-14,1.3496496002972577e-05,0,0,0
SITE0145,2026-05-15,1.746592880226766e-05,0,0,0
SITE0145,2026-05-16,1.576253430203931e-05,0,0,0
SITE0145,2026-05-17,1.5470832161968944e-05,0,0,0
SITE0145,2026-05-18,4.369261126361563e-05,0,0,0
SITE0145,2026-05-19,2.2176431288719272e-05,0,0,0
SITE0145,2026-05-20,2.9808800112322015e-05,0,0,0
SITE0145,2026-05-21,3.443920197961984e-05,0,0,0
SITE0145,2026-05-22,1.886922161722136e-05,0,0,0
SITE0145,2026-05-23,1.6745650333352216e-05,0,0,0
SITE0145,2026-05-24,1.6257559145927235e-05,0,0,0
SITE0145,2026-05-25,1.534128537506519e-05,0,0,0
SITE0145,2026-05-26,1.3904676895639843e-05,0,0,0
SITE0145,2026-05-27,1.6543627735967232e-05,0,0,0
SITE0145,2026-05-28,1.3835872177398522e-05,0,0,0
SITE0145,2026-05-29,1.3980285176013517e-05,0,0,0
SITE0145,2026-05-30,1.186498580510277e-05,0,0,0
SITE0145,2026-05-31,1.5494735498183443e-05,0,0,0
SITE0145,2026-06-01,1.870340351936902e-05,0,0,0
SITE0145,2026-06-02,1.574465929834923e-05,0,0,0
SITE0145,2026-06-03,1.689857092853645e-05,0,0,0
SITE0145,2026-06-04,1.9219285467172057e-05,0,0,0
SITE0145,2026-06-05,2.2443577972494444e-05,0,0,0
SITE0145,2026-06-06,1.5275564903187066e-05,0,0,0
SITE0145,2026-06-07,1.4084952620884175e-05,0,0,0
SITE0145,2026-06-08,1.4799347731729028e-05,0,0,0
SITE0145,2026-06-09,1.330119895007258e-05,0,0,0
SITE0145,2026-06-10,1.0809128440144823e-05,0,0,0
SITE0145,2026-06-11,1.2626789599365395e-05,0,0,0
SITE0145,2026-06-12,1.6934847751225326e-05,0,0,0
SITE0145,2026-06-13,2.249465403439018e-05,0,0,0
SITE0145,2026-06-14,1.5876055430112413e-05,0,0,0
SITE0145,2026-06-15,1.2746223423901211e-05,0,0,0
SITE0145,2026-06-16,1.5507300221680228e-05,0,0,0
SITE0145,2026-06-17,1.42504705711343e-05,0,0,0
SITE0145,2026-06-18,1.8753910212727386e-05,0,0,0
SITE0145,2026-06-19,1.8166514692725175e-05,0,0,0
SITE0145,2026-06-20,2.2549466285829793e-05,0,0,0
SITE0145,2026-06-21,2.5576540009251495e-05,0,0,0
SITE0145,2026-06-22,1.4175024778764436e-05,0,0,0
SITE0145,2026-06-23,1.577097158304834e-05,0,0,0
SITE0145,2026-06-24,1.6489001387879196e-05,0,0,0
SITE0145,2026-06-25,1.636560069939611e-05,0,0,0
SITE0145,2026-06-26,1.6243635031271207e-05,0,0,0
SITE0145,2026-06-27,1.8487833641853825e-05,0,0,0
SITE0145,2026-06-28,1.4047536671116026e-05,0,0,0
SITE0145,2026-06-29,1.3366601235390845e-05,0,0,0
SITE0146,2026-04-01,1.0677224229875164e-05,0,0,0
SITE0146,2026-04-02,1.1358077639797027e-05,0,0,0
SITE0146,2026-04-03,1.1036226772404819e-05,0,0,0
SITE0146,2026-04-04,1.1377342981274327e-05,0,0,0
SITE0146,2026-04-05,1.0114814172137761e-05,0,0,0
SITE0146,2026-04-06,1.4137171854300064e-05,0,0,0
SITE0146,2026-04-07,1.0298100176059885e-05,0,0,0
SITE0146,2026-04-08,1.3657640008878043e-05,0,0,0
SITE0146,2026-04-09,1.3208135127829807e-05,0,0,0
SITE0146,2026-04-10,1.0876117701267726e-05,0,0,0
SITE0146,2026-04-11,9.707252608357086e-06,0,0,0
SITE0146,2026-04-12,9.490985696985372e-06,0,0,0
SITE0146,2026-04-13,1.7689509838422012e-05,0,0,0
SITE0146,2026-04-14,1.3414729469072189e-05,0,0,0
SITE0146,2026-04-15,9.989632858533967e-06,0,0,0
SITE0146,2026-04-16,9.79418991860761e-06,0,0,0
SITE0146,2026-04-17,1.1105761179590939e-05,0,0,0
SITE0146,2026-04-18,1.1067594614338943e-05,0,0,0
SITE0146,2026-04-19,1.0034785864890922e-05,0,0,0
SITE0146,2026-04-20,1.3186388699568564e-05,0,0,0
SITE0146,2026-04-21,1.3867700735844114e-05,0,0,0
SITE0146,2026-04-22,1.1067897962412504e-05,0,0,0
SITE0146,2026-04-23,1.0100783779376546e-05,0,0,0
SITE0146,2026-04-24,1.0438596642118302e-05,0,0,0
SITE0146,2026-04-25,9.659019454285383e-06,0,0,0
SITE0146,2026-04-26,1.3165661407419902e-05,0,0,0
SITE0146,2026-04-27,1.2320343307194539e-05,0,0,0
SITE0146,2026-04-28,1.006069713631898e-05,0,0,0
SITE0146,2026-04-29,1.0867151713126145e-05,0,0,0
SITE0146,2026-04-30,1.087151630906891e-05,0,0,0
SITE0146,2026-05-01,1.3910978238256103e-05,0,0,0
SITE0146,2026-05-02,1.0403548286034926e-05,0,0,0
SITE0146,2026-05-03,1.9451846414572725e-05,0,0,0
SITE0146,2026-05-04,1.2259156549467314e-05,0,0,0
SITE0146,2026-05-05,9.794715885555825e-06,0,0,0
SITE0146,2026-05-06,1.2378622310705331e-05,0,0,0
SITE0146,2026-05-07,1.1062289742900537e-05,0,0,0
SITE0146,2026-05-08,1.0390983567670955e-05,0,0,0
SITE0146,2026-05-09,9.575160780940547e-06,0,0,0
SITE0146,2026-05-10,1.3296265151998398e-05,0,0,0
SITE0146,2026-05-11,9.97267018568828e-06,0,0,0
SITE0146,2026-05-12,1.0115455825736064e-05,0,0,0
SITE0146,2026-05-13,1.1211146009763421e-05,0,0,0
SITE0146,2026-05-14,1.0695158349794464e-05,0,0,0
SITE0146,2026-05-15,1.6346150550580034e-05,0,0,0
SITE0146,2026-05-16,1.7218050163857653e-05,0,0,0
SITE0146,2026-05-17,0.00011072468900744343,0,0,0
SITE0146,2026-05-18,0.0020074560582627253,0,0,0
SITE0146,2026-05-19,0.6333218305880595,1,0,0
SITE0146,2026-05-20,0.998577713313243,1,1,0
SITE0146,2026-05-21,0.999934525384357,1,1,0
SITE0146,2026-05-22,0.9999904053565795,1,1,0
SITE0146,2026-05-23,0.9999845096806295,1,1,0
SITE0146,2026-05-24,0.999863637165944,1,1,0
SITE0146,2026-05-25,0.9999863472748621,1,1,0
SITE0146,2026-05-26,0.9999535879588264,1,1,0
SITE0146,2026-05-27,0.9999772506213936,1,1,0
SITE0146,2026-05-28,0.9999370765335668,1,1,0
SITE0146,2026-05-29,0.9994061771343115,1,1,0
SITE0146,2026-05-30,0.9987384073112706,1,1,0
SITE0146,2026-05-31,0.9969931523645914,1,1,0
SITE0146,2026-06-01,0.7650018233758668,1,1,0
SITE0146,2026-06-02,0.9709889410369872,1,1,0
SITE0146,2026-06-03,0.13584858053656396,1,0,1
SITE0146,2026-06-04,0.00025438272731732084,0,0,0
SITE0146,2026-06-05,0.0003817718095896365,0,0,0
SITE0146,2026-06-06,9.869105709623779e-05,0,0,0
SITE0146,2026-06-07,0.00012342468402136062,0,0,0
SITE0146,2026-06-08,0.00017228872093692657,0,0,0
SITE0146,2026-06-09,0.00013891962973492546,0,0,0
SITE0146,2026-06-10,3.093431429021062e-05,0,0,0
SITE0146,2026-06-11,2.9890310211400607e-05,0,0,0
SITE0146,2026-06-12,3.7675532099655855e-05,0,0,0
SITE0146,2026-06-13,4.4619584312894145e-05,0,0,0
SITE0146,2026-06-14,4.411445886059601e-05,0,0,0
SITE0146,2026-06-15,4.486442153547527e-05,0,0,0
SITE0146,2026-06-16,2.822147938299597e-05,0,0,0
SITE0146,2026-06-17,1.0208151806915452e-05,0,0,0
SITE0146,2026-06-18,1.399257958306007e-05,0,0,0
SITE0146,2026-06-19,1.0479622701351218e-05,0,0,0
SITE0146,2026-06-20,1.4297244609067192e-05,0,0,0
SITE0146,2026-06-21,1.473688918425987e-05,0,0,0
SITE0146,2026-06-22,1.640332543933213e-05,0,0,0
SITE0146,2026-06-23,1.1030034370067555e-05,0,0,0
SITE0146,2026-06-24,9.910336258293262e-06,0,0,0
SITE0146,2026-06-25,1.0598533397509615e-05,0,0,0
SITE0146,2026-06-26,1.6490475961616565e-05,0,0,0
SITE0146,2026-06-27,9.636342378552539e-06,0,0,0
SITE0146,2026-06-28,1.0913048349753221e-05,0,0,0
SITE0146,2026-06-29,1.2258382570895148e-05,0,0,0
SITE0147,2026-04-01,1.380368356746327e-05,0,0,0
SITE0147,2026-04-02,9.577540910407224e-06,0,0,0
SITE0147,2026-04-03,1.1685151485102161e-05,0,0,0
SITE0147,2026-04-04,1.4190916634913326e-05,0,0,0
SITE0147,2026-04-05,1.5530214658273675e-05,0,0,0
SITE0147,2026-04-06,8.944668774155218e-06,0,0,0
SITE0147,2026-04-07,1.3374951073833386e-05,0,0,0
SITE0147,2026-04-08,1.1869310040506627e-05,0,0,0
SITE0147,2026-04-09,8.941253347597524e-06,0,0,0
SITE0147,2026-04-10,9.090606715054743e-06,0,0,0
SITE0147,2026-04-11,8.854961705696873e-06,0,0,0
SITE0147,2026-04-12,1.1588093757288442e-05,0,0,0
SITE0147,2026-04-13,1.320301536396244e-05,0,0,0
SITE0147,2026-04-14,1.16684103239794e-05,0,0,0
SITE0147,2026-04-15,1.1961949020711059e-05,0,0,0
SITE0147,2026-04-16,1.2396180274578807e-05,0,0,0
SITE0147,2026-04-17,1.1044911236965056e-05,0,0,0
SITE0147,2026-04-18,1.1845486505958323e-05,0,0,0
SITE0147,2026-04-19,1.052546435251679e-05,0,0,0
SITE0147,2026-04-20,1.3572260039735526e-05,0,0,0
SITE0147,2026-04-21,1.4040795221367523e-05,0,0,0
SITE0147,2026-04-22,1.714661100116051e-05,0,0,0
SITE0147,2026-04-23,1.3770167924513054e-05,0,0,0
SITE0147,2026-04-24,1.2988365310484765e-05,0,0,0
SITE0147,2026-04-25,1.1869921459580262e-05,0,0,0
SITE0147,2026-04-26,1.2971203358691252e-05,0,0,0
SITE0147,2026-04-27,1.1448303478544516e-05,0,0,0
SITE0147,2026-04-28,2.0020108927045885e-05,0,0,0
SITE0147,2026-04-29,1.1476239880495353e-05,0,0,0
SITE0147,2026-04-30,1.1659258978468605e-05,0,0,0
SITE0147,2026-05-01,1.0866800696272857e-05,0,0,0
SITE0147,2026-05-02,1.1121073077902717e-05,0,0,0
SITE0147,2026-05-03,2.1403505196229324e-05,0,0,0
SITE0147,2026-05-04,1.1121689784343943e-05,0,0,0
SITE0147,2026-05-05,1.0579081585483496e-05,0,0,0
SITE0147,2026-05-06,1.1649580663077421e-05,0,0,0
SITE0147,2026-05-07,1.6273862692884253e-05,0,0,0
SITE0147,2026-05-08,1.2382184492971913e-05,0,0,0
SITE0147,2026-05-09,1.4724982460570858e-05,0,0,0
SITE0147,2026-05-10,1.238004023279303e-05,0,0,0
SITE0147,2026-05-11,1.1199325244122847e-05,0,0,0
SITE0147,2026-05-12,1.1586722393958146e-05,0,0,0
SITE0147,2026-05-13,1.1196048567095987e-05,0,0,0
SITE0147,2026-05-14,1.016664957896874e-05,0,0,0
SITE0147,2026-05-15,1.2578183025308404e-05,0,0,0
SITE0147,2026-05-16,8.87216017535823e-06,0,0,0
SITE0147,2026-05-17,3.125349909615314e-05,0,0,0
SITE0147,2026-05-18,1.2178856998372603e-05,0,0,0
SITE0147,2026-05-19,1.1302931604005191e-05,0,0,0
SITE0147,2026-05-20,9.920261504368127e-06,0,0,0
SITE0147,2026-05-21,1.4058664487272137e-05,0,0,0
SITE0147,2026-05-22,1.3462966888350615e-05,0,0,0
SITE0147,2026-05-23,1.0704802447570703e-05,0,0,0
SITE0147,2026-05-24,1.6471736737161148e-05,0,0,0
SITE0147,2026-05-25,8.148566513040194e-06,0,0,0
SITE0147,2026-05-26,1.289925592931546e-05,0,0,0
SITE0147,2026-05-27,6.719131024674308e-06,0,0,0
SITE0147,2026-05-28,8.768137984093957e-06,0,0,0
SITE0147,2026-05-29,8.631069778164013e-06,0,0,0
SITE0147,2026-05-30,1.0972774174882507e-05,0,0,0
SITE0147,2026-05-31,1.2460550971021497e-05,0,0,0
SITE0147,2026-06-01,1.2698270640278925e-05,0,0,0
SITE0147,2026-06-02,1.554438007284177e-05,0,0,0
SITE0147,2026-06-03,1.3431300528556441e-05,0,0,0
SITE0147,2026-06-04,1.024886890580303e-05,0,0,0
SITE0147,2026-06-05,7.422835816231349e-06,0,0,0
SITE0147,2026-06-06,9.367562173306694e-06,0,0,0
SITE0147,2026-06-07,9.653686488169874e-06,0,0,0
SITE0147,2026-06-08,1.2761168230964075e-05,0,0,0
SITE0147,2026-06-09,1.276712525844744e-05,0,0,0
SITE0147,2026-06-10,9.035833904879725e-06,0,0,0
SITE0147,2026-06-11,1.3965852925349693e-05,0,0,0
SITE0147,2026-06-12,1.1749259056945414e-05,0,0,0
SITE0147,2026-06-13,1.1749258491234867e-05,0,0,0
SITE0147,2026-06-14,1.1232793596311845e-05,0,0,0
SITE0147,2026-06-15,1.135465460366415e-05,0,0,0
SITE0147,2026-06-16,1.496825113942175e-05,0,0,0
SITE0147,2026-06-17,1.733833517780195e-05,0,0,0
SITE0147,2026-06-18,1.1741238827486975e-05,0,0,0
SITE0147,2026-06-19,1.3198748172366674e-05,0,0,0
SITE0147,2026-06-20,8.339985523039362e-06,0,0,0
SITE0147,2026-06-21,8.976926822779748e-06,0,0,0
SITE0147,2026-06-22,2.161449900986315e-05,0,0,0
SITE0147,2026-06-23,2.6354646478759047e-05,0,0,0
SITE0147,2026-06-24,8.504994574508788e-06,0,0,0
SITE0147,2026-06-25,1.1301791610520907e-05,0,0,0
SITE0147,2026-06-26,2.241526263393006e-05,0,0,0
SITE0147,2026-06-27,1.4080561570388265e-05,0,0,0
SITE0147,2026-06-28,9.093127199615633e-06,0,0,0
SITE0147,2026-06-29,8.749127131915757e-06,0,0,0
SITE0148,2026-04-01,1.1728452975483852e-05,0,0,0
SITE0148,2026-04-02,2.5135933436235417e-05,0,0,0
SITE0148,2026-04-03,1.315337311847711e-05,0,0,0
SITE0148,2026-04-04,1.590295730072867e-05,0,0,0
SITE0148,2026-04-05,1.0623050553851508e-05,0,0,0
SITE0148,2026-04-06,1.0413589771316816e-05,0,0,0
SITE0148,2026-04-07,1.2479628950410045e-05,0,0,0
SITE0148,2026-04-08,1.448452336369604e-05,0,0,0
SITE0148,2026-04-09,2.0331460885007193e-05,0,0,0
SITE0148,2026-04-10,9.553644866104512e-06,0,0,0
SITE0148,2026-04-11,9.416968741386996e-06,0,0,0
SITE0148,2026-04-12,1.0075450341600009e-05,0,0,0
SITE0148,2026-04-13,7.280543953960758e-06,0,0,0
SITE0148,2026-04-14,7.509691667503798e-06,0,0,0
SITE0148,2026-04-15,7.552798532960915e-06,0,0,0
SITE0148,2026-04-16,8.649226259315059e-06,0,0,0
SITE0148,2026-04-17,8.09996364861379e-06,0,0,0
SITE0148,2026-04-18,7.214897828579428e-06,0,0,0
SITE0148,2026-04-19,7.329555295825306e-06,0,0,0
SITE0148,2026-04-20,7.910341435969062e-06,0,0,0
SITE0148,2026-04-21,7.508785660136433e-06,0,0,0
SITE0148,2026-04-22,1.5368587236747374e-05,0,0,0
SITE0148,2026-04-23,8.614758912544975e-06,0,0,0
SITE0148,2026-04-24,1.9872914188787532e-05,0,0,0
SITE0148,2026-04-25,1.4630179790076585e-05,0,0,0
SITE0148,2026-04-26,1.5123084899904575e-05,0,0,0
SITE0148,2026-04-27,1.1271238807060946e-05,0,0,0
SITE0148,2026-04-28,2.2396028534528134e-05,0,0,0
SITE0148,2026-04-29,1.1533941608515442e-05,0,0,0
SITE0148,2026-04-30,7.279208705050111e-06,0,0,0
SITE0148,2026-05-01,7.725856592611577e-06,0,0,0
SITE0148,2026-05-02,7.096700292211844e-06,0,0,0
SITE0148,2026-05-03,7.715265320041204e-06,0,0,0
SITE0148,2026-05-04,1.9963251919180864e-05,0,0,0
SITE0148,2026-05-05,9.161421218266632e-06,0,0,0
SITE0148,2026-05-06,8.996163451854792e-06,0,0,0
SITE0148,2026-05-07,9.306776786680635e-06,0,0,0
SITE0148,2026-05-08,8.233156724489878e-06,0,0,0
SITE0148,2026-05-09,2.265826616466785e-05,0,0,0
SITE0148,2026-05-10,1.4811811374748182e-05,0,0,0
SITE0148,2026-05-11,1.4431551655466663e-05,0,0,0
SITE0148,2026-05-12,2.2104466242712255e-05,0,0,0
SITE0148,2026-05-13,1.0356424947207297e-05,0,0,0
SITE0148,2026-05-14,1.4591731342098658e-05,0,0,0
SITE0148,2026-05-15,1.0222258585425802e-05,0,0,0
SITE0148,2026-05-16,1.01895518481312e-05,0,0,0
SITE0148,2026-05-17,7.779650137557166e-06,0,0,0
SITE0148,2026-05-18,7.818340054564159e-06,0,0,0
SITE0148,2026-05-19,7.983254082539223e-06,0,0,0
SITE0148,2026-05-20,8.053714337786394e-06,0,0,0
SITE0148,2026-05-21,7.693345207189325e-06,0,0,0
SITE0148,2026-05-22,7.85127355500328e-06,0,0,0
SITE0148,2026-05-23,7.633489082775272e-06,0,0,0
SITE0148,2026-05-24,1.0102099629945586e-05,0,0,0
SITE0148,2026-05-25,6.470792405310266e-06,0,0,0
SITE0148,2026-05-26,6.864472108143371e-06,0,0,0
SITE0148,2026-05-27,8.916661824317957e-06,0,0,0
SITE0148,2026-05-28,9.204975163460222e-06,0,0,0
SITE0148,2026-05-29,9.266376543016147e-06,0,0,0
SITE0148,2026-05-30,1.0175553153428136e-05,0,0,0
SITE0148,2026-05-31,8.112634855003353e-06,0,0,0
SITE0148,2026-06-01,9.14009196491667e-06,0,0,0
SITE0148,2026-06-02,8.345743171723084e-06,0,0,0
SITE0148,2026-06-03,8.156606199940764e-06,0,0,0
SITE0148,2026-06-04,8.179826396596081e-06,0,0,0
SITE0148,2026-06-05,1.125764977658906e-05,0,0,0
SITE0148,2026-06-06,1.0347381314390253e-05,0,0,0
SITE0148,2026-06-07,8.47147059073878e-06,0,0,0
SITE0148,2026-06-08,7.225012679502256e-06,0,0,0
SITE0148,2026-06-09,1.2144132890510085e-05,0,0,0
SITE0148,2026-06-10,8.542052693012302e-06,0,0,0
SITE0148,2026-06-11,1.0020165612094516e-05,0,0,0
SITE0148,2026-06-12,5.9593185266828275e-06,0,0,0
SITE0148,2026-06-13,7.901745246771024e-06,0,0,0
SITE0148,2026-06-14,7.118381121172986e-06,0,0,0
SITE0148,2026-06-15,6.707122190266287e-06,0,0,0
SITE0148,2026-06-16,1.6307869218798062e-05,0,0,0
SITE0148,2026-06-17,7.3694439514365896e-06,0,0,0
SITE0148,2026-06-18,7.314506891677729e-06,0,0,0
SITE0148,2026-06-19,8.723591665238573e-06,0,0,0
SITE0148,2026-06-20,8.11826974057323e-06,0,0,0
SITE0148,2026-06-21,6.897448234425698e-06,0,0,0
SITE0148,2026-06-22,7.393709675428487e-06,0,0,0
SITE0148,2026-06-23,7.708826717402277e-06,0,0,0
SITE0148,2026-06-24,8.10433231193928e-06,0,0,0
SITE0148,2026-06-25,8.030480224627912e-06,0,0,0
SITE0148,2026-06-26,7.336202201883335e-06,0,0,0
SITE0148,2026-06-27,7.112778417955703e-06,0,0,0
SITE0148,2026-06-28,7.677626017162118e-06,0,0,0
SITE0148,2026-06-29,7.585187417182927e-06,0,0,0
SITE0149,2026-04-01,1.2162965800138316e-05,0,0,0
SITE0149,2026-04-02,1.1610057633779455e-05,0,0,0
SITE0149,2026-04-03,1.24132814180631e-05,0,0,0
SITE0149,2026-04-04,9.273866269626182e-06,0,0,0
SITE0149,2026-04-05,9.432111687884582e-06,0,0,0
SITE0149,2026-04-06,8.044037248819282e-06,0,0,0
SITE0149,2026-04-07,8.20802605746857e-06,0,0,0
SITE0149,2026-04-08,8.454694631998276e-06,0,0,0
SITE0149,2026-04-09,9.217264193017566e-06,0,0,0
SITE0149,2026-04-10,1.0322937589085152e-05,0,0,0
SITE0149,2026-04-11,1.1688484952878174e-05,0,0,0
SITE0149,2026-04-12,1.1588405439155994e-05,0,0,0
SITE0149,2026-04-13,9.684146042660537e-06,0,0,0
SITE0149,2026-04-14,8.736278181115774e-06,0,0,0
SITE0149,2026-04-15,1.0922780334187984e-05,0,0,0
SITE0149,2026-04-16,8.197263249670052e-06,0,0,0
SITE0149,2026-04-17,1.0672433552016662e-05,0,0,0
SITE0149,2026-04-18,1.0046795113090787e-05,0,0,0
SITE0149,2026-04-19,1.2759742578319133e-05,0,0,0
SITE0149,2026-04-20,1.1703547339337212e-05,0,0,0
SITE0149,2026-04-21,1.1047828562262345e-05,0,0,0
SITE0149,2026-04-22,9.073944054533828e-06,0,0,0
SITE0149,2026-04-23,9.141967880600861e-06,0,0,0
SITE0149,2026-04-24,1.1621819793318664e-05,0,0,0
SITE0149,2026-04-25,9.799120474603184e-06,0,0,0
SITE0149,2026-04-26,9.799120679016565e-06,0,0,0
SITE0149,2026-04-27,9.80762675711138e-06,0,0,0
SITE0149,2026-04-28,2.0849418396159288e-05,0,0,0
SITE0149,2026-04-29,8.158119526525618e-06,0,0,0
SITE0149,2026-04-30,1.2767575103519847e-05,0,0,0
SITE0149,2026-05-01,1.1243418596187061e-05,0,0,0
SITE0149,2026-05-02,1.1776518401053274e-05,0,0,0
SITE0149,2026-05-03,9.08182366492716e-06,0,0,0
SITE0149,2026-05-04,9.240329830367928e-06,0,0,0
SITE0149,2026-05-05,7.780223106006761e-06,0,0,0
SITE0149,2026-05-06,8.896798692677133e-06,0,0,0
SITE0149,2026-05-07,1.0107191674433575e-05,0,0,0
SITE0149,2026-05-08,8.677038711411057e-06,0,0,0
SITE0149,2026-05-09,1.1099772575250798e-05,0,0,0
SITE0149,2026-05-10,1.1365090211442712e-05,0,0,0
SITE0149,2026-05-11,1.0753937082711017e-05,0,0,0
SITE0149,2026-05-12,1.1231652655162226e-05,0,0,0
SITE0149,2026-05-13,1.3709580498176172e-05,0,0,0
SITE0149,2026-05-14,1.350177617274595e-05,0,0,0
SITE0149,2026-05-15,1.0735694841574148e-05,0,0,0
SITE0149,2026-05-16,8.356888055596432e-06,0,0,0
SITE0149,2026-05-17,1.0269063705803207e-05,0,0,0
SITE0149,2026-05-18,2.161161370687478e-05,0,0,0
SITE0149,2026-05-19,1.002500447631646e-05,0,0,0
SITE0149,2026-05-20,9.712662297849321e-06,0,0,0
SITE0149,2026-05-21,1.2036903621701378e-05,0,0,0
SITE0149,2026-05-22,1.2969520123353969e-05,0,0,0
SITE0149,2026-05-23,9.217864696928507e-06,0,0,0
SITE0149,2026-05-24,1.173601265833036e-05,0,0,0
SITE0149,2026-05-25,1.1318231136098827e-05,0,0,0
SITE0149,2026-05-26,8.452832962855124e-06,0,0,0
SITE0149,2026-05-27,1.0223129211083266e-05,0,0,0
SITE0149,2026-05-28,1.0875486335499489e-05,0,0,0
SITE0149,2026-05-29,8.68070736350468e-06,0,0,0
SITE0149,2026-05-30,8.851854796281476e-06,0,0,0
SITE0149,2026-05-31,9.080894882829044e-06,0,0,0
SITE0149,2026-06-01,1.1347740849825284e-05,0,0,0
SITE0149,2026-06-02,1.5394992966358276e-05,0,0,0
SITE0149,2026-06-03,1.0462278783738039e-05,0,0,0
SITE0149,2026-06-04,1.160066484807866e-05,0,0,0
SITE0149,2026-06-05,1.0232606825272483e-05,0,0,0
SITE0149,2026-06-06,1.0262721401451257e-05,0,0,0
SITE0149,2026-06-07,1.1664715620611343e-05,0,0,0
SITE0149,2026-06-08,9.244005095519962e-06,0,0,0
SITE0149,2026-06-09,1.0913804307607689e-05,0,0,0
SITE0149,2026-06-10,8.66585158726114e-06,0,0,0
SITE0149,2026-06-11,8.752066676744863e-06,0,0,0
SITE0149,2026-06-12,7.876810361057958e-06,0,0,0
SITE0149,2026-06-13,8.381322438922066e-06,0,0,0
SITE0149,2026-06-14,9.802171668381772e-06,0,0,0
SITE0149,2026-06-15,9.937198785967765e-06,0,0,0
SITE0149,2026-06-16,1.0966507080578281e-05,0,0,0
SITE0149,2026-06-17,1.0991327106043177e-05,0,0,0
SITE0149,2026-06-18,7.5046906202717804e-06,0,0,0
SITE0149,2026-06-19,8.222745595721894e-06,0,0,0
SITE0149,2026-06-20,7.450488470657327e-06,0,0,0
SITE0149,2026-06-21,1.0404031263690693e-05,0,0,0
SITE0149,2026-06-22,1.2300943996668573e-05,0,0,0
SITE0149,2026-06-23,9.318628065473721e-06,0,0,0
SITE0149,2026-06-24,8.129873991785085e-06,0,0,0
SITE0149,2026-06-25,7.688205013525816e-06,0,0,0
SITE0149,2026-06-26,8.963852705134054e-06,0,0,0
SITE0149,2026-06-27,1.1324169962970991e-05,0,0,0
SITE0149,2026-06-28,1.2070403270866094e-05,0,0,0
SITE0149,2026-06-29,9.926261451137371e-06,0,0,0
SITE0150,2026-04-01,1.1884642756511774e-05,0,0,0
SITE0150,2026-04-02,1.1884355169041934e-05,0,0,0
SITE0150,2026-04-03,1.0837515484928024e-05,0,0,0
SITE0150,2026-04-04,1.159707708671289e-05,0,0,0
SITE0150,2026-04-05,1.1295159095580109e-05,0,0,0
SITE0150,2026-04-06,1.0474381619137944e-05,0,0,0
SITE0150,2026-04-07,1.1255346843364229e-05,0,0,0
SITE0150,2026-04-08,1.0988173582132404e-05,0,0,0
SITE0150,2026-04-09,1.1530999055814429e-05,0,0,0
SITE0150,2026-04-10,1.1594413745472066e-05,0,0,0
SITE0150,2026-04-11,1.160230088512635e-05,0,0,0
SITE0150,2026-04-12,1.1594669110447358e-05,0,0,0
SITE0150,2026-04-13,1.1529236927813066e-05,0,0,0
SITE0150,2026-04-14,4.2359551883906866e-05,0,0,0
SITE0150,2026-04-15,1.1032141073068333e-05,0,0,0
SITE0150,2026-04-16,1.1040465346933993e-05,0,0,0
SITE0150,2026-04-17,1.152672484164334e-05,0,0,0
SITE0150,2026-04-18,1.159236919436149e-05,0,0,0
SITE0150,2026-04-19,1.2385008420081461e-05,0,0,0
SITE0150,2026-04-20,1.2386162577620179e-05,0,0,0
SITE0150,2026-04-21,1.4511068066489582e-05,0,0,0
SITE0150,2026-04-22,1.390095904081571e-05,0,0,0
SITE0150,2026-04-23,1.1536923622872245e-05,0,0,0
SITE0150,2026-04-24,1.1596654095153348e-05,0,0,0
SITE0150,2026-04-25,1.1523513813830777e-05,0,0,0
SITE0150,2026-04-26,1.1654652099668806e-05,0,0,0
SITE0150,2026-04-27,1.1593030481435032e-05,0,0,0
SITE0150,2026-04-28,1.1315407311637668e-05,0,0,0
SITE0150,2026-04-29,1.1313343223415836e-05,0,0,0
SITE0150,2026-04-30,1.1298793036478172e-05,0,0,0
SITE0150,2026-05-01,1.1590376401054047e-05,0,0,0
SITE0150,2026-05-02,1.210977747365575e-05,0,0,0
SITE0150,2026-05-03,1.2119868080092293e-05,0,0,0
SITE0150,2026-05-04,1.2188860378831766e-05,0,0,0
SITE0150,2026-05-05,1.1263947675586856e-05,0,0,0
SITE0150,2026-05-06,1.13556599155349e-05,0,0,0
SITE0150,2026-05-07,1.1797540292094256e-05,0,0,0
SITE0150,2026-05-08,1.0969916993857149e-05,0,0,0
SITE0150,2026-05-09,1.1330519255079506e-05,0,0,0
SITE0150,2026-05-10,1.0985089116593403e-05,0,0,0
SITE0150,2026-05-11,1.1275825826485883e-05,0,0,0
SITE0150,2026-05-12,1.1415952687847937e-05,0,0,0
SITE0150,2026-05-13,1.1206776733557776e-05,0,0,0
SITE0150,2026-05-14,1.1300970549703107e-05,0,0,0
SITE0150,2026-05-15,1.1546852858299598e-05,0,0,0
SITE0150,2026-05-16,1.1592680035930347e-05,0,0,0
SITE0150,2026-05-17,1.1600792221170293e-05,0,0,0
SITE0150,2026-05-18,1.0845881235562641e-05,0,0,0
SITE0150,2026-05-19,1.159213724787831e-05,0,0,0
SITE0150,2026-05-20,1.1584688886268989e-05,0,0,0
SITE0150,2026-05-21,1.163374491271829e-05,0,0,0
SITE0150,2026-05-22,1.0156564276756105e-05,0,0,0
SITE0150,2026-05-23,1.091679971971606e-05,0,0,0
SITE0150,2026-05-24,1.0029413660697938e-05,0,0,0
SITE0150,2026-05-25,1.1322973193232201e-05,0,0,0
SITE0150,2026-05-26,1.0518942065773433e-05,0,0,0
SITE0150,2026-05-27,1.0674068807970267e-05,0,0,0
SITE0150,2026-05-28,1.0909695001091134e-05,0,0,0
SITE0150,2026-05-29,1.0031807785317448e-05,0,0,0
SITE0150,2026-05-30,1.0684836247219845e-05,0,0,0
SITE0150,2026-05-31,1.1559235076439985e-05,0,0,0
SITE0150,2026-06-01,1.0249168137951695e-05,0,0,0
SITE0150,2026-06-02,1.1242151991936134e-05,0,0,0
SITE0150,2026-06-03,1.152772695852666e-05,0,0,0
SITE0150,2026-06-04,1.1526724472579319e-05,0,0,0
SITE0150,2026-06-05,1.1604959658520184e-05,0,0,0
SITE0150,2026-06-06,1.1474319363344839e-05,0,0,0
SITE0150,2026-06-07,1.1297247904116887e-05,0,0,0
SITE0150,2026-06-08,1.1296806229052237e-05,0,0,0
SITE0150,2026-06-09,1.1322470582176782e-05,0,0,0
SITE0150,2026-06-10,1.1590388481077216e-05,0,0,0
SITE0150,2026-06-11,1.1476635726452046e-05,0,0,0
SITE0150,2026-06-12,1.0559858554937807e-05,0,0,0
SITE0150,2026-06-13,2.268864019134739e-05,0,0,0
SITE0150,2026-06-14,9.626023162951953e-06,0,0,0
SITE0150,2026-06-15,9.951234490661885e-06,0,0,0
SITE0150,2026-06-16,1.138461166570005e-05,0,0,0
SITE0150,2026-06-17,1.0488330789685206e-05,0,0,0
SITE0150,2026-06-18,1.2072405715711868e-05,0,0,0
SITE0150,2026-06-19,1.1269174138024858e-05,0,0,0
SITE0150,2026-06-20,1.0367250386502211e-05,0,0,0
SITE0150,2026-06-21,1.0479841430076276e-05,0,0,0
SITE0150,2026-06-22,1.155550326025106e-05,0,0,0
SITE0150,2026-06-23,1.1387189678632424e-05,0,0,0
SITE0150,2026-06-24,1.1651347152577696e-05,0,0,0
SITE0150,2026-06-25,1.153071429645842e-05,0,0,0
SITE0150,2026-06-26,1.1619069167765897e-05,0,0,0
SITE0150,2026-06-27,1.0918247333240846e-05,0,0,0
SITE0150,2026-06-28,1.1152834034749853e-05,0,0,0
SITE0150,2026-06-29,1.2745954011662169e-05,0,0,0
